id,disk_name,path,internal_number,title,title_orig,title_ru,year,main_category,genres,country,directors,cast,status,num_of_seasons,num_episodes_per_season,rating,awards,plot,atmosphere,why_watch,mood,catchphrases,quote,can_stop_at,facts,similar,final_verdict,review,media_type,parent_id,media_size,torrent_id,episode_scan_skipped,plot_granularity,why_watch_tts,plot_tts
303,ДИСК 2,X:\сериалы\The Crown (Season 6) WEB-DL 1080p,,The Crown (Season 6) WEB-DL 1080p,The Crown,Корона,2023,Исторические/Костюмированные,"[""Драма"", ""История"", ""Биография""]","Великобритания, США","[""Стивен Долдри"", ""Филип Мартин"", ""Джулиан Джаррольд""]","[""Имельда Стонтон"", ""Джонатан Прайс"", ""Лесли Мэнвилл"", ""Доминик Уэст"", ""Элизабет Дебики""]",завершён,6.0,,"{""imdb"": 8.6, ""tmdb"": 8.2}","[""Золотой глобус — лучший драматический сериал"", ""Эмми — лучшая актриса в драматическом сериале (Оливия Колман)"", ""BAFTA — лучший драматический сериал""]","Шестой сезон охватывает один из самых драматичных и трагических периодов в новейшей истории британской королевской семьи, фокусируясь на последних неделях жизни принцессы Дианы и её роковом романе с Доди Аль-Файедом. Повествование детально исследует эмоциональные последствия автокатастрофы в Париже для принцев Уильяма и Гарри, а также реакцию королевы Елизаветы II на этот общественный кризис. Параллельно сериал затрагивает начало отношений Уильяма и Кейт Миддлтон во время их обучения в университете Сент-Эндрюс, демонстрируя смену поколений в монархии. Финальные эпизоды подводят черту под многолетним правлением королевы, акцентируя внимание на её размышлениях о долге, жертвах ради короны и неизбежном угасании старого мира перед лицом стремительно меняющейся реальности начала XXI века, навсегда изменившей образ Виндзоров в глазах подданных и всего мира.","Меланхоличная, монументальная и глубоко рефлексивная атмосфера, пропитанная чувством исторической неизбежности и личного одиночества монарших особ.","Сезон представляет собой завершающий аккорд масштабной биографической саги, мастерски сочетающий историческую достоверность с личной драмой ключевых фигур британской политики.","для глубокого погружения в историю, созерцания сложных человеческих судеб и осмысления бремени власти и ответственности.",,"Корона всегда выигрывает. Она всегда побеждает. Это логично, ведь корона — это не что иное, как символ того, что мы должны быть больше, чем просто люди.",4 сезон,"[""Для шестого сезона создатели наняли команду специалистов, чтобы воссоздать культовое 'платье мести' принцессы Дианы в мельчайших деталях."", ""Элизабет Дебики, исполнившая роль Дианы, признавалась, что участие в финальных сценах было эмоционально истощающим из-за тяжести исторических событий."", ""Съемки сезона проходили в нескольких странах, включая Испанию и Южную Африку, которые заменили собой Францию и другие локации."", ""Команда проекта консультировалась с историками, чтобы максимально точно передать атмосферу последних лет жизни королевской семьи в двадцатом веке."", ""После выхода финальных серий сериал получил номинации на главные телевизионные награды за невероятный уровень художественного оформления и костюмов.""]","[""Виктория"", ""Аббатство Даунтон"", ""Версаль"", ""Тюдоры"", ""Спенсер""]","Сериал завершается размышлениями королевы Елизаветы II о своем долге, преемственности и предстоящей передаче власти, подводя итог её многолетнему правлению в меняющемся мире.","{""rating"": ""хороший"", ""liked"": ""Потрясающая актерская работа Элизабет Дебики, безупречные декорации, костюмы и драматическое повествование о трагических событиях королевской семьи."", ""disliked"": ""Некоторые зрители сочли сюжетные линии о призраках излишне мистическими и отходящими от канонического исторического стиля прошлых сезонов.""}",series,,27036298541,,0,,,
471,ДИСК 2,X:\сериалы\The.Perfect.Couple.2024.S01.NF.WEB-DLRip-AVC.x264.seleZen,,The.Perfect.Couple.2024.S01.NF.WEB-DLRip-AVC.x264.seleZen,The Perfect Couple,Идеальная пара,2024,Расследования,"[""Детектив"", ""Драма"", ""Криминал""]",США,"[""Сюзанна Бир""]","[""Николь Кидман"", ""Лив Шрайбер"", ""Ив Хьюсон"", ""Билли Хоул"", ""Меган Фэхи""]",завершён,1.0,,"{""imdb"": 6.7, ""tmdb"": 7.1}",[],"Свадьба в богатом семействе на острове Нантакет обещает стать событием года, пока на берегу океана не обнаруживают тело приглашенной гостьи. Расследование моментально превращает роскошное торжество в настоящий кошмар, где каждый гость становится подозреваемым, а идеальный фасад семьи Уинбери начинает стремительно рушиться под тяжестью скрываемых секретов. Амелия Сакс, невеста, мечтающая просто выйти замуж за любимого человека, внезапно оказывается в центре детективного скандала, который раскрывает грязное белье элиты. Полицейские методично опрашивают участников церемонии, сталкиваясь с ложью, завистью и предательством на каждом шагу. Каждое новое показание добавляет деталей в запутанную мозаику преступления, где под масками великосветских манер скрываются жестокие амбиции и алчность. Постепенно выясняется, что никто из присутствующих на празднике не является тем, кем пытается казаться, а само торжество изначально было лишь прикрытием для куда более опасных и скрытных игр.",Напряженный и визуально безупречный детектив с нотками сатиры на жизнь американских богачей на элитном побережье.,"Захватывающий детективный триллер с великолепным актерским составом, который держит в напряжении до самой финальной развязки каждой серии.","для интригующего вечера, когда хочется почувствовать себя детективом в компании роскошных интерьеров и мрачных тайн.",,"В этой семье все идеальны, пока ты не начнешь копать чуть глубже.",,"[""Сериал основан на одноименном бестселлере Элин Хильдебранд, который возглавлял список самых продаваемых книг по версии The New York Times."", ""Николь Кидман не только исполнила главную роль, но и выступила в качестве одного из исполнительных продюсеров проекта."", ""Съемки проходили на живописном острове Нантакет, что позволило передать специфическую атмосферу элитарного курорта с его закрытыми сообществами."", ""Музыкальная заставка сериала с танцем всех персонажей стала вирусной в социальных сетях сразу после премьеры проекта."", ""Проект представляет собой классический детектив в стиле «закрытой комнаты», где каждый гость свадьбы потенциально является подозреваемым.""]","[""Белый лотос"", ""Большая маленькая ложь"", ""Отыграть назад"", ""Девять совсем незнакомых людей""]","После напряженного расследования выясняется, что убийство совершила Амелия, пытаясь защитить свою семью, что приводит к краху идеального фасада семьи Уинбери.","{""rating"": ""хороший"", ""liked"": ""Зрители высоко оценили звездный актерский состав, саркастичный юмор, интригующий детективный сюжет и роскошную визуальную эстетику летнего побережья."", ""disliked"": ""Некоторым показалось, что динамика повествования периодически проседает, а развитие персонажей выглядит поверхностным на фоне затянутых светских диалогов.""}",series,,3869158506,,0,,,
6251,ДИСК 12,R:\фильмы\Ballada.o.soldate.1959.RUS.BDRip.XviD.AC3.-HQCLUB.avi,,Ballada.o.soldate.1959.RUS.BDRip.XviD.AC3.-HQCLUB,Ballada o soldate,Баллада о солдате,1959,Военные,"[""Военный"", ""Драма"", ""Мелодрама""]",СССР,"[""Григорий Чухрай""]","[""Владимир Ивашов"", ""Жанна Прохоренко"", ""Антонина Максимова"", ""Николай Крючков"", ""Евгений Урбанский""]",,0.0,[],"{""imdb"": 8.2, ""tmdb"": 8.1}","[""Приз Каннского кинофестиваля — специальное упоминание"", ""Номинация на премию Оскар — лучший сценарий""]","История молодого советского солдата Алёши Скворцова, который совершил подвиг на фронте и в качестве награды получил краткосрочный отпуск, чтобы навестить мать в родной деревне. Его путь домой превращается в серию случайных встреч, где каждый попутчик раскрывает новые грани человечности в условиях военного времени. Алёша помогает инвалиду, утешает женщину, переживающую измену мужа, и знакомится с девушкой Шурой, с которой у него возникает робкое и чистое чувство. Время отпуска стремительно тает, вынуждая героя выбирать между личным счастьем и долгом перед страной. Путешествие Алёши становится гимном юности, которая была безжалостно прервана войной, и трагическим напоминанием о цене, которую заплатило целое поколение за право на мирное небо. Фильм мастерски показывает столкновение личных надежд с неизбежной судьбой, оставляя в сердце зрителя глубокий след после финальных кадров.","Трогательная, светлая и пронзительно печальная поэтическая драма, наполненная искренностью, чистотой чувств и горьким дыханием суровой войны.","Картина признана шедевром мирового кинематографа, предлагающим глубоко человечный взгляд на войну, где главное место занимают не сражения, а чувства и надежды молодых людей.","Для моментов, когда хочется прикоснуться к искреннему искусству и поразмышлять о жизни, любви и настоящих человеческих ценностях.",,"Я только на минутку, мама... Я скоро вернусь!",,"[""Фильм завоевал более 100 международных наград, став одним из самых титулованных советских произведений в истории мирового кинематографа."", ""Владимир Ивашов был студентом первого курса театрального училища, когда его утвердили на роль, сделавшую его кумиром целого поколения."", ""Григорий Чухрай долго искал исполнителей главных ролей, стремясь передать естественность и чистоту чувств, далекую от пафоса военных драм."", ""Сценарий фильма был написан в период 'оттепели', что позволило режиссеру сосредоточиться на человечности, а не на идеологическом героизме."", ""Картина поразила западных критиков своей поэтичностью, а Дастин Хоффман называл эту работу одним из своих любимых советских фильмов.""]","[""Летят журавли"", ""Иваново детство"", ""Судьба человека"", ""Живые и мертвые""]","Алеша погибает на фронте, так и не успев полноценно вернуться домой, а его мать навсегда остается ждать сына у дороги, став символом всех матерей, не дождавшихся своих детей с войны.","{""rating"": ""отличный"", ""liked"": ""Поразительная искренность актерской игры, глубокий лиризм сюжета и пронзительная атмосфера, которая заставляет сопереживать каждому герою до самых титров."", ""disliked"": null}",movie,,0,,0,,,
6252,ДИСК 12,R:\фильмы\Leviafan_2014_BDRip_[rutracker.org].avi,,Leviafan_2014_BDRip_[rutracker.org],Leviafan,Левиафан,2014,Расследования,"[""Драма""]",Россия,"[""Андрей Звягинцев""]","[""Алексей Серебряков"", ""Елена Лядова"", ""Владимир Вдовиченков"", ""Роман Мадянов"", ""Анна Уколова""]",,0.0,[],"{""imdb"": 7.6, ""tmdb"": 7.4}","[""Каннский кинофестиваль — лучший сценарий"", ""Золотой глобус — лучший фильм на иностранном языке""]","В небольшом приморском городке на краю Севера Николай живет вместе с супругой Лилией и сыном от первого брака Ромой. Местный мэр-коррупционер Вадим Шелевят хочет отобрать землю, на которой стоит дом и мастерская Николая, чтобы построить церковь и личные владения. Николай обращается за юридической помощью к своему старому другу Дмитрию, успешному столичному адвокату. Тот прибывает в город с собранным досье на мэра, которое призвано остановить произвол властей. Однако прямое столкновение с административной машиной запускает цепную реакцию, где личные амбиции, человеческие слабости и системная несправедливость начинают рушить жизни всех участников конфликта. Мечта о справедливости разбивается о суровую реальность российской провинции, где человек оказывается беззащитен перед властью, а вера используется как инструмент давления и способ окончательного подавления человеческой воли в пространстве беззакония.","Тяжелая, депрессивная и холодная картина, пронизанная безнадежностью, морским туманом, алкоголем и ощущением неминуемого краха человеческой личности.","Фильм представляет собой мощную социальную драму, которая мастерски исследует конфликт маленького человека с коррумпированной государственной системой в декорациях суровой природы.","для вдумчивого просмотра, когда хочется серьезной социальной рефлексии",,"Я — человек? Или я тварь дрожащая, право имею?",,"[""Фильм вдохновлен библейской историей об Иове и реальной историей американского сварщика Марвина Химейера, построившего бронированный бульдозер."", ""Съёмки картины проходили в Мурманской области, в селе Териберка, которое после выхода фильма стало популярным туристическим направлением."", ""Картина стала первым российским фильмом, получившим премию «Золотой глобус» в категории «Лучший фильм на иностранном языке» за более чем 45 лет."", ""На роль главного героя рассматривались многие известные артисты, но режиссёр Андрей Звягинцев настаивал на участии Алексея Серебрякова, который идеально вписался в образ."", ""Остов кита на берегу, ставший важным символом картины, был специально изготовлен декораторами, так как настоящего подходящего объекта найти не удалось.""]","[""Возвращение"", ""Нелюбовь"", ""Дурак"", ""Груз 200"", ""Географ глобус пропил""]","Николай теряет всё: дом, семью и свободу, становясь жертвой коррумпированной системы, в то время как на месте его жилища возводят церковь, символизирующую торжество циничной власти над обычным человеком.","{""rating"": ""отличный"", ""liked"": ""Мощная актерская игра, глубокий философский подтекст, безупречная операторская работа и гнетущая, но завораживающая северная атмосфера фильма."", ""disliked"": ""Некоторым зрителям показался излишне затянутым темп повествования и чрезмерно мрачный, безнадежный взгляд на окружающую действительность.""}",movie,,0,,0,,,
6253,ДИСК 12,R:\фильмы\Nelubov.2017.BDRip.2.18Gb.RUS.avi,,Nelubov.2017.BDRip.2.18Gb.RUS,Nelyubov,Нелюбовь,2017,Расследования,"[""Драма""]",Россия,"[""Андрей Звягинцев""]","[""Марьяна Спивак"", ""Алексей Розин"", ""Матвей Новиков"", ""Марина Васильева"", ""Андрис Кейшс""]",,0.0,[],"{""imdb"": 7.6, ""tmdb"": 7.4}","[""Приз жюри Каннского кинофестиваля"", ""Премия «Сезар» за лучший иностранный фильм"", ""Номинация на премию «Оскар»""]","Семейная пара Жени и Бориса находится в процессе мучительного развода. Оба супруга уже живут новыми жизнями, в которых нет места их двенадцатилетнему сыну Алёше. В пылу очередного скандала родители не замечают, как мальчик становится невольным свидетелем их взаимной ненависти. После того как Алёша бесследно исчезает, родители вынуждены объединить усилия, чтобы найти его. Поиски приводят героев в мир холодного безразличия, где официальные структуры работают медленно, а волонтеры сталкиваются с полным отсутствием эмпатии. По мере продвижения расследования перед зрителем раскрывается леденящая душу правда о том, насколько глубоко укоренилось отсутствие любви в жизни людей, забывших о своей человечности ради эгоизма, материальных благ и бесконечного поиска комфорта в обществе, которое разучилось сострадать собственным детям.","Гнетущая, пронизанная ледяным холодом и чувством безысходности драма, подчеркнутая приглушенными серыми красками современного мегаполиса.","Сильная социальная драма Андрея Звягинцева, которая как зеркало отражает современную реальность, заставляя задуматься о ценностях, семье и последствиях эмоциональной глухоты.",для глубокого философского размышления в тишине и одиночестве,,Я тебя не люблю.,,"[""Фильм вошел в основную конкурсную программу Каннского кинофестиваля и получил Приз жюри."", ""Андрей Звягинцев консультировался с поисково-спасательным отрядом «Лиза Алерт» для максимальной достоверности сцен поиска."", ""На главные роли режиссер принципиально искал актеров, которые никогда ранее не снимались в его фильмах."", ""Сценарий фильма был написан специально под Марьяну Спивак, которую Звягинцев увидел в одном из спектаклей.""]","[""Левиафан"", ""Елена"", ""Возвращение"", ""Аритмия"", ""Дурак""]","История завершается на гнетущей ноте: поиски сына не приносят результата, а родители продолжают существовать в своих новых, столь же холодных и отчужденных жизнях, навсегда утратив связь друг с другом и с миром.","{""rating"": ""отличный"", ""liked"": ""Поражает невероятная актерская игра, пронзительный драматический сюжет и тягучая, гнетущая атмосфера безысходности, свойственная лучшим работам Андрея Звягинцева."", ""disliked"": ""Некоторым зрителям фильм кажется слишком депрессивным, тяжелым для восприятия и оставляющим неприятный осадок после просмотра.""}",movie,,0,,0,,,
6254,ДИСК 12,R:\фильмы\Six Days Seven Nights.1998.HDTVRip.x264.960x.rip by Frost O.S.mp4,,Six Days Seven Nights.1998.HDTVRip.x264.960x.rip by Frost O.S,Six Days Seven Nights,"Шесть дней, семь ночей",1998,Приключения,"[""Комедия"", ""Приключения"", ""Мелодрама""]",США,"[""Айван Райтман""]","[""Харрисон Форд"", ""Энн Хеч"", ""Дэвид Швиммер"", ""Жаклин Обрадорс"", ""Темуэра Моррисон""]",,0.0,[],"{""imdb"": 5.8, ""tmdb"": 6.1}",[],"Амбициозная сотрудница нью-йоркского журнала Робин Монро отправляется на тропический отдых со своим женихом, надеясь на романтическое приключение в раю. Однако рабочие обязательства вынуждают её совершить короткий перелет на другой остров на старом самолете под управлением ворчливого и циничного пилота Куинна Харриса. Неожиданный тропический шторм приводит к аварийной посадке на необитаемом острове, где двое абсолютно разных людей оказываются вынужденными забыть о взаимной неприязни ради выживания. В условиях дикой природы, сталкиваясь с опасными морскими пиратами и сложными природными обстоятельствами, герои постепенно переосмысливают свои жизненные ценности. Романтическая комедия мастерски сочетает элементы приключенческого боевика, подчеркивая, как экстремальная ситуация может сблизить даже самых непримиримых противников, открывая в них скрытые черты характера и заставляя по-новому взглянуть на свои отношения и истинные желания в жизни.","Легкая приключенческая атмосфера с яркими тропическими пейзажами, духом авантюризма и искрометным юмором в духе девяностых.","Фильм является классикой приключенческой комедии с отличной химией между Харрисоном Фордом и Энн Хеч, идеально подходящей для поднятия настроения.","для солнечного выходного дня, когда хочется легкой приключенческой истории с элементами романтики и юмора",,"Мне нравятся опасные парни, которые летают на маленьких самолетах.",,"[""Харрисон Форд самостоятельно выполнял большинство трюков, включая сцены с пилотированием самолета и полеты на тросах в джунглях."", ""Энн Хеч настояла на том, чтобы самостоятельно исполнить опасный трюк, где её героиня свисает со скалы, несмотря на возражения страховой компании."", ""Съемки картины проходили на острове Кауаи, который известен своими труднодоступными и живописными тропическими локациями."", ""Фильм стал одним из последних крупных проектов, где использовались полноразмерные модели самолетов вместо полной компьютерной графики.""]","[""Роман с камнем"", ""Шесть дней, семь ночей"", ""Конг: Остров черепа"", ""Иствикские ведьмы""]","После серии опасных приключений на необитаемом острове и столкновения с пиратами, герои осознают свои настоящие чувства, благополучно возвращаются к цивилизации и делают выбор в пользу друг друга.","{""rating"": ""хороший"", ""liked"": ""Очаровательная химия между Харрисоном Фордом и Энн Хеч, красивые тропические пейзажи и приятный юмор в духе классических приключенческих комедий."", ""disliked"": ""Предсказуемость сюжета и местами слишком шаблонные повороты событий, характерные для приключенческих лент девяностых годов.""}",movie,,0,,0,,,
6255,ДИСК 12,R:\фильмы\V.boy.idut.odni.stariki.1973.BDRip.AVC.mkv,,V.boy.idut.odni.stariki.1973.BDRip.AVC,V boy idut odni 'stariki',В бой идут одни «старики»,1973,Военные,"[""Военный"", ""Драма"", ""Комедия""]",СССР,"[""Леонид Быков""]","[""Леонид Быков"", ""Сергей Подгорный"", ""Сергей Иванов"", ""Рустам Сагдуллаев"", ""Евгения Симонова""]",,0.0,[],"{""imdb"": 8.5, ""tmdb"": 8.4}","[""Диплом за лучшую режиссуру на VII Всесоюзном кинофестивале"", ""Главный приз кинофестиваля в Баку""]","Действие фильма разворачивается во время Великой Отечественной войны, рассказывая о буднях эскадрильи истребителей под командованием капитана Титаренко, которого подчиненные называют Маэстро. Командир убежден, что в перерывах между ожесточенными воздушными боями авиаторам жизненно необходима музыка, поэтому он создает полковой хор, превращая вчерашних мальчишек в настоящих профессионалов. Лента мастерски сплетает драматические моменты фронтовой жизни с лирическими сценами и музыкой, показывая, как молодые летчики быстро взрослеют, сталкиваясь с первыми потерями друзей и горечью расставаний. История концентрируется на судьбах ярких персонажей, таких как Кузнечик, Смуглянка и Ромео, которые даже в условиях смертельной опасности находят силы для любви, дружбы и созидания. Финальные аккорды показывают не только героизм советских воинов, но и глубокий след, который оставляет война в душах людей, навсегда изменив их жизни.","Светлая и щемящая фронтовая лирика, пронизанная искренним патриотизмом, нежной грустью и героическим оптимизмом в самых суровых обстоятельствах.","Картина стала эталоном военного кино, сочетающим пронзительную драматическую глубину с искренним юмором, музыкой и вечными темами человеческого достоинства.","для просмотра в кругу семьи, когда хочется вспомнить о важном и пережить глубокие эмоции",,"Будем жить, Макарыч! Будем жить!",,"[""Леонид Быков сам исполнял многие фигуры высшего пилотажа, так как был профессионально обучен пилотированию в аэроклубе."", ""Прототипом главного героя стал легендарный летчик Виталий Попков, который прошел путь от курсанта до дважды Героя Советского Союза."", ""Знаменитая песня «Смуглянка» стала всенародным хитом именно благодаря фильму, хотя была написана еще в 1940 году."", ""Самолеты «По-2», использованные в съемках, были настоящими музейными экземплярами, которые команде пришлось восстанавливать для полетов.""]","[""А зори здесь тихие"", ""Они сражались за Родину"", ""Небесный тихоход"", ""Баллада о солдате""]","В финале картины капитан Титаренко возвращается на аэродром, где встречает Макарыча у могил погибших товарищей, обещая долететь до Берлина в их честь.","{""rating"": ""отличный"", ""liked"": ""Потрясающая искренность актерской игры, глубокий гуманизм, баланс между фронтовым юмором и трагедией потерь, а также душевное музыкальное сопровождение."", ""disliked"": null}",movie,,0,,0,,,
6256,ДИСК 12,"R:\фильмы\Догони, если сможешь - Catch Me If You Can [by ale_x2008] fix.avi",,"Догони, если сможешь - Catch Me If You Can [by ale_x2008] fix",Catch Me If You Can,"Поймай меня, если сможешь",2002,Аферы,"[""Биографический"", ""Криминал"", ""Драма""]",США,"[""Стивен Спилберг""]","[""Леонардо ДиКаприо"", ""Том Хэнкс"", ""Кристофер Уокен"", ""Мартин Шин"", ""Эми Адамс""]",,0.0,[],"{""imdb"": 8.1, ""tmdb"": 8.1}","[""Номинация на Оскар — лучшая мужская роль второго плана"", ""Номинация на Оскар — лучший саундтрек""]","История Фрэнка Эбегнейла-младшего, чьи родители переживают тяжелый развод, что заставляет подростка сбежать из дома. Оказавшись один в огромном мире, Фрэнк понимает, что деньги — единственный способ вернуть отца к жизни и обрести прежнее счастье. Он начинает мастерски подделывать чеки, выдавая себя то за пилота авиалиний, то за врача или юриста. Фрэнк проворачивает миллионные аферы, ускользая из рук правосудия, пока на его след не выходит дотошный агент ФБР Карл Хэнрэтти. Их противостояние превращается в многолетнюю игру в кошки-мышки, где охотник и преследуемый начинают испытывать странную, почти отеческую симпатию друг к другу. Фильм детально раскрывает жизнь гениального мошенника, который, несмотря на внешнюю роскошь и успех, остается глубоко одиноким юношей, бесконечно ищущим тепла и признания в мире, где все основано на лжи и красивых фасадах.","Захватывающая, динамичная атмосфера 60-х годов с нотами светлой грусти, элегантным джазовым саундтреком и легким налетом ностальгии.","История предлагает редкое сочетание авантюрного детектива и пронзительной семейной драмы, где невероятные преступления служат лишь фоном для искреннего рассказа о человеческом одиночестве.","для интеллектуального отдыха, когда хочется вдохновляющей истории с примесью легкой грусти и захватывающим сюжетом.",,"Два мышонка упали в ведро со сливками. Первый мышонок быстро сдался и утонул. Второй мышонок так активно барахтался, что сбил сливки в масло и выбрался наружу. Господа, я — второй мышонок.",,"[""Стивен Спилберг настоял на том, чтобы Фрэнк Абигнейл-младший лично консультировал Леонардо ДиКаприо по нюансам поведения мошенника."", ""Настоящий Фрэнк Абигнейл появляется в камео в роли французского полицейского, который арестовывает своего киношного двойника."", ""Фильм основан на реальной автобиографии Абигнейла, хотя некоторые детали афер были приукрашены или упрощены для драматического эффекта в сценарии."", ""Том Хэнкс выбрал на роль агента ФБР образ, вдохновленный реальным агентом Джозефом Шей, который вел дело Абигнейла десятилетиями."", ""Музыкальная тема Джона Уильямса была написана до начала основных съемок, что позволило Спилбергу подстраивать темп сцен под джазовые ритмы.""]","[""Афера"", ""Двенадцать друзей Оушена"", ""Волк с Уолл-стрит"", ""Поймай меня, если сможешь (бродвейский мюзикл)"", ""Грязные, подлые, злые""]","Фрэнк Эбегнейл признает поражение, отбывает тюремный срок, а после освобождения начинает работать консультантом в ФБР, помогая ловить других финансовых мошенников.","{""rating"": ""отличный"", ""liked"": ""Поразительная химия между ДиКаприо и Хэнксом, динамичный сюжет, стильное визуальное оформление шестидесятых и блестящая работа композитора Джона Уильямса."", ""disliked"": ""Некоторые зрители отмечают излишнюю романтизацию преступного прошлого главного героя и затянутый хронометраж во второй половине картины.""}",movie,,0,,0,,,
6257,ДИСК 12,R:\фильмы\Живые и мертвые,,"Живые и мертвые (сериал, 2023)",The Living and the Dead,Живые и мертвые,2016,Расследования,"[""Драма"", ""Мистика"", ""Детектив""]",Великобритания,"[""Элис Троутон"", ""Джейми Пэйн""]","[""Колин Морган"", ""Шарлотта Спенсер"", ""Николас Вудсон""]",завершён,1.0,,"{""imdb"": 7.1, ""tmdb"": 6.8, ""кинопоиск"": 7.2}",[],"Действие разворачивается в 1894 году в сельской местности Сомерсета. Молодой и прогрессивный психолог Натан Эпплтон вместе с женой Шарлоттой переезжает в старинное поместье, доставшееся ему в наследство от матери. Натан планирует лечить местных жителей от душевных недугов, используя передовые для того времени методы психиатрии. Однако вскоре после прибытия супруги сталкиваются с пугающими сверхъестественными явлениями. Граница между рациональным миром науки и потусторонними силами начинает стремительно стираться. Эпплтон обнаруживает, что дом и окрестные земли пропитаны трагической историей, а странные видения преследуют не только его, но и окружающих. Героям предстоит разобраться в природе паранормальной активности, параллельно пытаясь сохранить собственный рассудок и брак перед лицом необъяснимых и смертельно опасных событий, которые грозят навсегда изменить их жизнь в этом уединенном поместье.",Гнетущая готическая атмосфера викторианской сельской глубинки с элементами тревожного психологического хоррора и необъяснимой мистики.,"Сериал удачно сочетает в себе викторианскую эстетику, психологическую драму и элементы качественного хоррора, создавая уникальное ощущение тревоги.",для глубокого погружения в меланхоличную и мистическую историю в дождливый вечер,,"В этом доме время течет иначе, и мертвые редко оставляют нас в покое, пока не получат желаемого.",,"[""Сериал пропитан духом настоящей викторианской готики, вдохновленной творчеством классиков литературы ужасов."", ""Съемки проходили в исторических локациях Великобритании, что добавило картинке аутентичности и визуальной глубины."", ""Колин Морган блестяще передал трансформацию рационального ученого в человека, столкнувшегося с непознаваемым.""]","[""Страшные сказки"", ""Джонатан Стрендж и мистер Норрелл"", ""Женщина в черном""]","Сезон завершается на высокой драматической ноте, оставляя зрителя с вопросами о природе реальности и наследии прошлого.","{""rating"": ""хороший"", ""liked"": ""Великолепная работа художников по костюмам, пугающая атмосфера старого дома и отличная актерская игра главных героев"", ""disliked"": ""Некоторым зрителям темп повествования может показаться слишком размеренным, а сюжетные линии иногда выглядят излишне запутанными""}",series,,0,,0,,,
6258,ДИСК 12,R:\фильмы\Индиана Джонс,,Индиана Джонс (серия фильмов),Indiana Jones,Индиана Джонс,1981–2023,Приключения,"[""Приключения"", ""Боевик""]",США,"[""Стивен Спилберг"", ""Джеймс Мэнголд""]","[""Харрисон Форд"", ""Карен Аллен"", ""Шон Коннери"", ""Кейт Кэпшоу"", ""Джон Рис-Дэвис""]",,0.0,,"{""imdb"": 7.8, ""tmdb"": 7.6, ""кинопоиск"": 8.1}","[""Оскар — лучшие визуальные эффекты"", ""Оскар — лучший звук"", ""Оскар — лучший монтаж""]","Киноэпопея повествует о захватывающих приключениях профессора археологии Генри «Индианы» Джонса, который сочетает преподавательскую деятельность с опасными поисками древних артефактов. В каждом фильме герой сталкивается с могущественными противниками — от нацистских оккультистов до советских агентов и наемников, пытающихся использовать магическую силу реликвий в корыстных целях. Путешествуя по самым отдаленным уголкам планеты, от египетских гробниц до джунглей Южной Америки, Индиана постоянно попадает в смертельные ловушки, решает сложные загадки и вступает в ожесточенные схватки. Несмотря на страх перед змеями и возраст, Джонс остается неисправимым искателем приключений, для которого история — это не только учебники, но и реальная борьба за сохранение культурного наследия человечества. На протяжении десятилетий профессор доказывает, что ум, смекалка и верная шляпа способны победить даже самые могущественные мистические силы древности.","Захватывающее чувство первооткрывательства, пропитанное духом классических приключенческих романов, с нотками мистики, опасности и неувядающего авантюризма.","Золотой стандарт приключенческого жанра, который задал планку для всех последующих фильмов про археологов и охотников за сокровищами.","для выходного дня в кругу семьи, когда хочется отправиться в далекое путешествие не выходя из дома.",,"Х-самые опасные существа в мире, а я ужасно боюсь змей!","Можно остановиться после фильма «Индиана Джонс и последний крестовый поход», который логически завершает историю отношений отца и сына.","[""Знаменитая шляпа Индианы Джонса была куплена в лондонском магазине Herbert Johnson Hatters."", ""Харрисон Форд настоял на том, чтобы его герой чаще использовал кнут, чем пистолет, что сделало образ более узнаваемым."", ""Сцена, где Индиана стреляет в мастера с саблей, появилась из-за пищевого отравления актера, который не мог физически драться на мечах.""]","[""Лара Крофт: Расхитительница гробниц"", ""Мумия"", ""Сокровище нации"", ""Библиотекарь""]","Настоящая легенда мирового кинематографа, которая остается актуальной благодаря харизме Харрисона Форда и мастерству Стивена Спилберга в создании визуальных аттракционов.","{""rating"": ""отличный"", ""liked"": ""Неповторимая харизма Харрисона Форда, легендарный саундтрек Джона Уильямса и мастерская постановка динамичных экшн-сцен Стивеном Спилбергом."", ""disliked"": ""Некоторые поздние части франшизы страдают от избытка компьютерной графики, которая местами смотрится неестественно и перегруженно.""}",series,,0,,1,,,
6274,ДИСК C,Y:\сериалы\Fosse.Verdon.S01.1080p.TVShows,,Fosse.Verdon.S01.1080p.TVShows,Fosse/Verdon,Фосси/Вердон,2019,Мюзиклы,"[""Биография"", ""Драма"", ""Мюзикл""]",США,"[""Томас Кейл"", ""Мими Ледер"", ""Адам Бернштейн""]","[""Сэм Рокуэлл"", ""Мишель Уильямс"", ""Норберт Лео Бут"", ""Маргарет Куэлли"", ""Эван Хэндлер""]",завершён,1.0,[],"{""imdb"": 7.8, ""tmdb"": 7.6}","[""Эмми — лучшая женская роль (Мишель Уильямс)"", ""Золотой глобус — номинация за лучшую мужскую роль""]","Мини-сериал представляет собой глубокое биографическое исследование творческого и личного союза хореографа Боба Фосси и бродвейской танцовщицы Гвен Вердон. Сюжет охватывает пять десятилетий их жизни, показывая, как взаимное восхищение перерастало в сложную зависимость, разрушительную ревность и профессиональное соперничество. На фоне создания легендарных мюзиклов, таких как «Кабаре» и «Чикаго», герои проходят через измены, наркотическую зависимость и кризисы среднего возраста. Сериал мастерски переплетает хронику театральных постановок с интимной драмой двух гениев, которые не могли жить друг без друга, но и совместное существование превращали в изматывающую битву за признание. Картина не просто описывает историю успеха, а обнажает хрупкость человеческих отношений, где каждый триумф на сцене оплачен колоссальными потерями в реальной жизни, постепенно раскрывая истинную цену артистического совершенства и неминуемого одиночества за кулисами шоу-бизнеса.","Театральная, изматывающая и творчески насыщенная драма, пропитанная духом бродвейских постановок, личными трагедиями и артистическим максимализмом.","История предлагает редкий взгляд на изнанку успеха, где блеск софитов сталкивается с мучительными поисками любви и признания в творческой среде.","для вдумчивого просмотра, когда хочется погрузиться в сложную человеческую драму с элементами мюзикла",,"Мне нужно, чтобы ты был тем, кем я тебя сделала, но я не могу позволить тебе быть тем, кем ты стал сам.",,"[""Сериал основан на биографической книге Сэма Уоссона, которая детально описывает творческий и личный союз Боба Фосси и Гвен Вердон."", ""Мишель Уильямс для роли Гвен Вердон прошла интенсивный курс обучения танцам и вокалу, чтобы максимально точно воспроизвести её уникальную манеру исполнения."", ""Сэм Рокуэлл, сыгравший Боба Фосси, практически не выходил из образа на съемочной площадке, передавая сложную и зачастую деструктивную натуру знаменитого хореографа."", ""Художники по костюмам использовали оригинальные эскизы и архивные записи постановок Фосси, чтобы воссоздать атмосферу бродвейских мюзиклов того времени."", ""Создатель сериала Лин-Мануэль Миранда лично курировал музыкальные номера, стремясь сохранить аутентичность стиля хореографии легендарного режиссера.""]","[""Вражда"", ""Королевство"", ""Шоу начинается"", ""Гений"", ""Мюзик-холл""]","После десятилетий творческого триумфа и личных разрушений Боб Фосси умирает от сердечного приступа, оставив Гвен Вердон единственной хранительницей своего сложного, гениального наследия и памяти.","{""rating"": ""отличный"", ""liked"": ""Потрясающая актерская игра Мишель Уильямс и Сэма Рокуэлла, достоверная атмосфера Бродвея, глубокое исследование творческой одержимости и сложных личных отношений."", ""disliked"": ""Нелинейное повествование с постоянными прыжками во времени может показаться запутанным для зрителей, не знакомых с биографией ключевых персонажей.""}",series,,0,,0,episode,,
6345,ДИСК 11,T:\фильмы\Den'gi_na_dvoih_[torrents.ru]_by_Scarabey.avi,,Den'gi_na_dvoih_[torrents.ru]_by_Scarabey,Two for the Money,Деньги на двоих,2005,Деньги / Корпорации / Deep State,"[""Драма"", ""Спорт"", ""Триллер""]",США,"[""Ди Джей Карузо""]","[""Аль Пачино"", ""Мэттью МакКонахи"", ""Рене Руссо"", ""Арман Ассанте"", ""Джереми Пивен""]",,0.0,[],"{""imdb"": 6.2, ""tmdb"": 6.1}",[],"Брэндон Лэнг — бывший перспективный футболист, чья карьера была разрушена из-за серьезной травмы колена. Обладая феноменальным талантом предугадывать исход спортивных матчей, он привлекает внимание Уолтера Абрамса, владельца крупнейшего в Нью-Йорке консультационного агентства по спортивным ставкам. Уолтер берет парня под свое крыло, превращая его в золотого мальчика индустрии, однако за фасадом роскошной жизни скрываются огромные риски, психологические манипуляции и маниакальная зависимость от азарта. Наставник и ученик оказываются втянуты в опасную игру, где на кону стоят не только миллионы долларов, но и их собственные жизни, достоинство и человеческие отношения. Постепенно границы между удачным бизнесом и патологической одержимостью стираются, заставляя героев делать судьбоносный выбор в критический момент, когда ставки достигают своего апогея, а пути назад больше нет.","Напряженная, динамичная, пропитанная азартом, дорогим алкоголем и постоянным психологическим давлением.","Фильм предлагает захватывающий взгляд на изнанку спортивного беттинга, демонстрируя мастерское психологическое противостояние двух харизматичных актёров — Аль Пачино и Мэттью Макконахи.","для просмотра в моменты, когда хочется драйва, азарта и глубоких психологических игр с непредсказуемым финалом.",,"В мире ставок удача — это всего лишь статистическая погрешность, которую жадный человек принимает за божественное провидение.",,"[""Сюжет фильма основан на реальной истории спортивного консультанта Брэндона Лэйна, который работал на одного из самых известных капперов Лас-Вегаса."", ""Мэттью Макконахи для подготовки к роли посещал реальные букмекерские конторы и общался с профессиональными игроками, чтобы понять психологию этого бизнеса."", ""Аль Пачино и Мэттью Макконахи работали вместе впервые, и их экранная химия стала ключевым фактором, удерживающим внимание зрителей на протяжении всей картины."", ""Съёмки проходили в настоящих казино Лас-Вегаса, что придало фильму особую атмосферу азарта, адреналина и больших денег, которые невозможно воссоздать в павильонах."", ""Режиссёр Д. Дж. Карузо стремился показать букмекерство не как развлечение, а как холодный математический расчет, где один неверный прогноз может разрушить карьеру.""]","[""Уолл-стрит"", ""Бойлерная"", ""Игра на понижение"", ""Аферисты"", ""Казино""]","Брэндон понимает, что стал зависимым от азарта и манипуляций Уолтера, поэтому инсценирует собственную смерть, чтобы навсегда разорвать токсичную связь и начать жизнь с чистого листа.","{""rating"": ""хороший"", ""liked"": ""Харизматичный дуэт Аль Пачино и Мэттью Макконахи, динамичный сюжет об изнанке беттинга и напряженная атмосфера мира больших ставок."", ""disliked"": ""Некоторым зрителям концовка может показаться несколько предсказуемой, а темп повествования местами замедляется из-за излишне длинных диалогов.""}",movie,,0,,0,,,
6346,ДИСК 11,T:\сериалы\01 Lupin,,01 Lupin,Lupin,Люпен,2021,Аферы,"[""Криминал"", ""Драма"", ""Детектив""]",Франция,"[""Луи Летерье"", ""Марсела Саид""]","[""Омар Си"", ""Людивин Санье"", ""Эрве Пьер"", ""Суфьян Герраб"", ""Антуан Гуи""]",продолжается,3.0,[],"{""imdb"": 7.5, ""tmdb"": 7.7}","[""Премия 'Сатурн' за лучший сериал на иностранном языке"", ""Номинация на премию 'Эмми'""]","Ассан Диоп — профессиональный вор и мастер перевоплощений, чья жизнь навсегда изменилась после несправедливого обвинения его отца в краже дорогого колье, принадлежавшего богатому семейству Пеллегрини. Спустя двадцать пять лет, вдохновленный книгами о приключениях Арсена Люпена, Ассан решает восстановить справедливость и отомстить за гибель отца, используя свою исключительную хитрость, природное обаяние и навыки взломщика. Действуя в тени и меняя личности как перчатки, он проникает в самые охраняемые помещения Лувра и проводит дерзкие аферы прямо под носом у полиции. Постепенно его личная вендетта превращается в сложную игру, где грань между иллюзией и реальностью стирается, а каждый шаг героя требует невероятной концентрации и готовности рискнуть всем ради раскрытия правды о влиятельном клане, манипулирующем судьбами людей.","Динамичный, стильный и интригующий детектив с элементами авантюры, передающий атмосферу современного Парижа через призму элегантного криминального искусства.","Сериал предлагает захватывающий современный взгляд на классическую историю о благородном воре, сочетая в себе умные многоходовые аферы и харизматичную игру главного героя.","для азартного вечернего просмотра, когда хочется ощутить дух интеллектуальной игры и почувствовать себя участником грандиозной парижской аферы.",,"Ты видел меня, но не разглядел.","После 2-го сезона, так как сюжетная арка мести за отца полностью завершена, а дальнейшие серии выглядят вторичными.","[""Сериал вдохновлен приключениями Арсена Люпена — легендарного литературного персонажа, созданного Морисом Лебланом в начале XX века."", ""Омар Си стал первым французским актером, который исполнил главную роль в проекте Netflix, ставшем мировым хитом."", ""Съемки проходили в самых знаковых местах Парижа, включая Лувр, где для сцены ограбления было получено специальное разрешение на работу."", ""Главный герой использует множество сложных трюков и психологических приемов, основанных на реальных техниках карточных фокусников и профессиональных воров."", ""Французское правительство отмечало сериал за огромный вклад в популяризацию культуры и туризма Парижа после периода пандемии.""]","[""Бумажный дом"", ""Шерлок"", ""Иллюзия обмана"", ""Белый воротничок"", ""Эмили в Париже""]","Ассан Диоп одерживает победу над своим заклятым врагом Юбером Пеллегрини, полностью разоблачая его коррупционные схемы и восстанавливая доброе имя своего отца, после чего вынужден уйти в глубокую тень, чтобы защитить свою семью.","{""rating"": ""отличный"", ""liked"": ""Харизматичная игра Омара Си, динамичный сюжет с неожиданными поворотами, красивая парижская атмосфера и умные многоходовые аферы главного героя."", ""disliked"": ""Иногда логика некоторых хитроумных планов главного героя кажется слишком надуманной и удобной для развития сюжета в нужную сторону.""}",series,,0,,0,episode,,
6347,ДИСК 11,T:\сериалы\02 Escape.at.Dannemora.2018.S01.1080p.AMZN.WEB-DL.H.264.RUS.LF.DDP5.1,,02 Escape.at.Dannemora.2018.S01.1080p.AMZN.WEB-DL.H.264.RUS.LF.DDP5.1,Escape at Dannemora,Побег из тюрьмы Даннемора,2018,Расследования,"[""Криминал"", ""Драма"", ""Биография""]",США,"[""Бен Стиллер""]","[""Бенисио дель Торо"", ""Пол Дано"", ""Патрисия Аркетт"", ""Бонни Хант"", ""Эрик Ланж""]",завершён,1.0,[],"{""imdb"": 7.9, ""tmdb"": 7.6}","[""Премия Золотой глобус за лучшую женскую роль в мини-сериале (Патрисия Аркетт)""]","Сюжет основан на реальных событиях, произошедших летом 2015 года в исправительном учреждении Клинтон, штат Нью-Йорк. Тилли Митчелл, сотрудница тюремной швейной мастерской, оказывается втянута в опасную игру с двумя заключенными, отбывающими пожизненное заключение — Ричардом Мэттом и Дэвидом Суитом. Женщина заводит интимную связь с обоими мужчинами, что в итоге приводит к сложной манипуляции и организации дерзкого побега. По мере развития событий раскрывается не только сам план побега, но и глубоко укоренившееся психологическое одиночество главных героев. Тюремная система показана как механизм, перемалывающий судьбы, где границы между охранниками и заключенными стираются в угоду личным желаниям и амбициям. Финал истории становится логичным завершением безумного плана, когда иллюзии о свободе сталкиваются с жесткой реальностью преследования, оставляя каждого персонажа перед лицом содеянного и неотвратимых последствий их общего выбора.","Гнетущая, реалистичная тюремная драма с ощущением безысходности, постоянного напряжения и тонким налетом психологической манипуляции.","Проект впечатляет феноменальной актерской игрой Бенисио дель Торо и Патрисии Аркетт, а также филигранной режиссурой Бена Стиллера, превращающей криминальную хронику в глубокое исследование человеческой природы.","для вдумчивого просмотра мрачной детективной истории, где каждое слово и взгляд имеют решающее значение для судьбы.",,"Тюрьма — это не стены, это отсутствие выбора, которое начинает казаться тебе единственным домом, где тебя хоть кто-то замечает.",,"[""Сценарий мини-сериала основан на реальных событиях, произошедших в 2015 году в исправительном учреждении Клинтон в штате Нью-Йорк."", ""Режиссером всех семи эпизодов выступил Бен Стиллер, для которого этот проект стал серьезной драматической работой."", ""Патрисия Аркетт для роли Тилль Митчелл набрала значительный вес, носила зубные протезы и линзы, чтобы максимально походить на свой прототип."", ""Реальная Тилль Митчелл после выхода сериала раскритиковала его создателей, назвав многие моменты выдумкой сценаристов."", ""Съемки проводились в настоящей тюрьме, что позволило добиться пугающей достоверности в изображении быта и атмосферы заключения.""]","[""Побег из тюрьмы"", ""Охотник за разумом"", ""Когда они нас увидят"", ""Невероятное"", ""Черная птица""]","После изнурительной погони в лесах северной части штата Нью-Йорк, Ричард Мэтт погибает от рук полиции, а Дэвид Суит получает тяжелое ранение при задержании, навсегда теряя шанс на свободу.","{""rating"": ""отличный"", ""liked"": ""Поразительное перевоплощение актеров, мастерская режиссура Бена Стиллера и гнетущая, реалистичная атмосфера, которая держит в напряжении до самого финала."", ""disliked"": ""Медленный темп повествования в середине сезона может показаться затянутым некоторым зрителям, ожидающим более динамичного развития событий в сюжете.""}",series,,0,,0,episode,,
6348,ДИСК 11,T:\сериалы\03 Homeland,,03 Homeland,Homeland,Родина,2013,Шпионы,"[""Драма"", ""Криминал"", ""Триллер""]",США,"[""Лесли Линка Глаттер"", ""Майкл Куэста""]","[""Клэр Дэйнс"", ""Мэнди Пэтинкин"", ""Руперт Френд"", ""Морена Баккарин"", ""Дэмиэн Льюис""]",завершён,8.0,[],"{""imdb"": 8.2, ""tmdb"": 8.0}","[""Золотой глобус — лучший драматический сериал"", ""Эмми — лучшая женская роль в драматическом сериале (Клэр Дэйнс)""]","Третий сезон продолжает фокусироваться на последствиях теракта в штаб-квартире ЦРУ, который унес множество жизней и поставил под угрозу существование организации. Кэрри Мэтисон вынуждена столкнуться с жестоким общественным порицанием и внутренним расследованием, в то время как Сол Беренсон пытается удержать контроль над ослабленным ведомством в условиях колоссального давления со стороны политических элит. Николас Броуди скрывается в бегах, становясь самой разыскиваемой фигурой в мире, что вынуждает Кэрри пойти на отчаянный и рискованный план по его возвращению и разоблачению истинных виновников трагедии. Сюжет мастерски переплетает личную драму героев с напряженными шпионскими играми, где цена каждой ошибки становится фатальной, а грань между преданностью родине и личными чувствами стирается до полной неузнаваемости, приводя к самым неожиданным и болезненным последствиям для всех участников этой многоходовой шахматной партии.","Напряженная, мрачная и параноидальная атмосфера, пропитанная недоверием, профессиональным выгоранием и постоянным чувством неминуемой надвигающейся глобальной катастрофы.","Сезон предлагает невероятный уровень психологического напряжения и неожиданных сценарных поворотов, которые полностью меняют привычную динамику отношений между главными героями сериала.","для просмотра вдумчивым вечером, когда хочется ощутить всю тяжесть моральных дилемм и политических интриг",,"Я не буду извиняться за то, что я единственная, кто видел правду, когда вы все были ослеплены страхом.","После 3 сезона, так как история Николаса Броуди получает окончательное и полноценное завершение.","[""Сценаристы намеренно сделали третий сезон более камерным и сосредоточенным на личной драме Кэрри Мэтисон, чтобы глубже исследовать последствия её ментального расстройства."", ""Актриса Клэр Дэйнс во время съемок третьего сезона была беременна, что потребовало от операторов особого мастерства при выборе ракурсов для скрытия её положения."", ""Сцены в Венесуэле на самом деле снимались в Пуэрто-Рико из-за более удобных условий для съемочной группы и доступности локаций, напоминающих латиноамериканский колорит."", ""Трагическая арка Николаса Броуди в этом сезоне вызвала бурные дискуссии среди фанатов, так как многие ожидали более долгого развития его отношений с Кэрри."", ""Многие профессиональные сотрудники разведки отмечали, что третий сезон гораздо точнее передает внутреннюю политику и бюрократические игры внутри ЦРУ, чем предыдущие части.""]","[""Американцы"", ""Карточный домик"", ""Джек Райан"", ""Тайные связи"", ""24 часа""]","Кэрри понимает, что Броуди не является террористом, но ради спасения отношений с Ираном вынуждена позволить его казни, что окончательно разрушает её жизнь.","{""rating"": ""хороший"", ""liked"": ""Поразительная игра Клэр Дэйнс, передающая состояние психологического надлома, а также неожиданные повороты сюжета и высокая концентрация политического напряжения."", ""disliked"": ""Некоторым зрителям показалось, что темп повествования в середине сезона неоправданно замедлился, создавая ощущение затянутости ключевых сюжетных арок.""}",series,,0,,0,arc,,
6349,ДИСК 11,T:\сериалы\04 Ray.Donovan.S01-07,,04 Ray.Donovan.S01-07,Ray Donovan,Рэй Донован,2013,Расследования,"[""Криминал"", ""Драма"", ""Триллер""]",США,"[""Аллен Култер"", ""Джон Дал"", ""Майкл Аптед""]","[""Лив Шрайбер"", ""Эдди Марсан"", ""Дэш Майок"", ""Пуч Холл"", ""Джон Войт""]",завершён,7.0,[],"{""imdb"": 8.2, ""tmdb"": 8.0}","[""Золотой глобус — лучший актер второго плана (Джон Войт)""]","Рэй Донован работает «фиксером» в элитной юридической фирме Лос-Анджелеса, профессионально решая деликатные и часто незаконные проблемы богатых и знаменитых клиентов. Его жизнь превращается в хаос, когда из тюрьмы досрочно выходит его отец Микки — человек, ответственный за разрушение семьи Рэя в прошлом. Напряжение в семье нарастает с каждым днем, так как Рэй вынужден балансировать между криминальными разборками, коррумпированными агентами ФБР и попытками удержать собственных детей от влияния деструктивного деда. Параллельно с рабочими делами герой борется с внутренними демонами, стараясь сохранить остатки хрупкого равновесия. Сериал погружает в мир высоких ставок, где каждое неверное слово или поступок может привести к фатальным последствиям. История постепенно превращается в сложную семейную драму о прощении, мести и невозможности убежать от собственного прошлого, даже если ты контролируешь судьбы самых влиятельных людей города.","Мрачная, динамичная и жесткая криминальная драма с атмосферой безысходности, пропитанная солнечным светом Лос-Анджелеса и запахом насилия.","Сериал стоит посмотреть ради бенефиса Лива Шрайбера и Джона Войта, которые создают невероятный уровень экранного напряжения и эмоционального конфликта.","для просмотра в выходные, когда хочется погрузиться в мир жестких интриг и сильных мужских характеров.",,"Я не тот, кто все исправляет. Я тот, кто делает так, чтобы проблема исчезла навсегда.","После 4-го сезона сюжет становится менее сфокусированным, поэтому можно остановиться на этой логической точке.","[""Лив Шрайбер признавался, что для роли Рэя он черпал вдохновение в образах героев классических вестернов, которые решают проблемы силой."", ""Джон Войт, сыгравший отца главного героя, получил за эту роль «Золотой глобус», хотя изначально не был уверен, стоит ли соглашаться на участие."", ""Съёмки сериала проходили преимущественно в Лос-Анджелесе, однако для финального полнометражного фильма команду пришлось перевезти в Нью-Йорк."", ""Создательница шоу Энн Бидерман вдохновлялась реальной культурой «фиксеров», работающих на голливудских звезд и политиков в тени крупных корпораций."", ""Во время съёмок Лив Шрайбер активно участвовал в разработке гардероба своего персонажа, настаивая на строгом и минималистичном стиле без излишеств.""]","[""Во все тяжкие"", ""Клан Сопрано"", ""Голиаф"", ""Наследники"", ""Прослушка""]","После долгих лет попыток найти баланс между семьей и кровавым бизнесом, Рэй окончательно осознает цену своих поступков. Финальные события подводят черту под конфликтами с отцом и правосудием, оставляя героя наедине с тяжелым грузом прошлого и призрачной надеждой на искупление в одиночестве.","{""rating"": ""отличный"", ""liked"": ""Потрясающая актёрская игра Лива Шрайбера и Джона Войта, невероятно напряженный сюжет, суровая мужская атмосфера и качественная проработка семейных драм."", ""disliked"": ""Некоторые побочные сюжетные линии в средних сезонах развиваются слишком затянуто, что немного сбивает общий ритм повествования сериала.""}",series,,0,,0,arc,,
6350,ДИСК 11,T:\сериалы\05 Аббатство Даунтон (Downton Abbey) (2010-2019 BDRip),,05 Аббатство Даунтон (Downton Abbey) (2010-2019 BDRip),Downton Abbey,Аббатство Даунтон,2010,Исторические/Костюмированные,"[""Драма"", ""Мелодрама"", ""Исторический""]",Великобритания,"[""Брайан Персиваль"", ""Джеймс Стронг"", ""Бен Болт""]","[""Хью Бонневилль"", ""Элизабет Макговерн"", ""Мэгги Смит"", ""Мишель Докери"", ""Дэн Стивенс""]",завершён,6.0,[],"{""imdb"": 8.7, ""tmdb"": 8.5}","[""Золотой глобус — лучший мини-сериал"", ""Эмми — лучший драматический сериал"", ""BAFTA — премия зрительских симпатий""]","Действие разворачивается в начале XX века в родовом поместье графов Грэнтэм в Йоркшире. После гибели наследника титула на «Титанике» спокойная жизнь аристократического семейства Кроули и их многочисленных слуг оказывается под угрозой. В дом прибывает дальний родственник, адвокат Мэттью Кроули, который становится невольным участником сложных интриг, классовых столкновений и любовных перипетий. На фоне глобальных исторических событий, таких как Первая мировая война, распад Британской империи и изменение роли женщин в обществе, персонажи пытаются сохранить устои своего мира. Каждый обитатель поместья, от чопорных хозяев в гостиных до преданных слуг на кухне, сталкивается с личными драмами, предательствами и стремлением к счастью, что постепенно меняет облик старой доброй Англии навсегда, превращая поместье в центр захватывающих социальных перемен и искренних человеческих историй.","Аристократичная, неспешная и эстетически выверенная атмосфера британской классики с элементами глубокого психологизма и уютного исторического быта.","Погружение в изысканный мир британской аристократии, где за безупречными манерами скрываются страсти, достойные великих романов, а тонкий юмор сочетается с драматизмом эпохи.","для уютного вечера в пледе с чашкой горячего чая, когда хочется созерцательности и эстетики",,"В жизни всегда приходится выбирать между тем, что мы хотим, и тем, что от нас ожидают.",после 3 сезона,"[""Сериал попал в Книгу рекордов Гиннесса как самый обсуждаемый критиками телесериал в мире."", ""Съёмки проходили в реальном замке Хайклер, который до сих пор принадлежит семье графов Карнарвонов."", ""Костюмеры уделяли невероятное внимание деталям: многие наряды для актрис были сшиты из настоящих винтажных тканей начала XX века."", ""Изначально планировалось снять всего один сезон, но оглушительный успех проекта заставил создателей продолжить историю на шесть сезонов."", ""Собака по кличке Изис, жившая в поместье, на самом деле принадлежала владельцу замка, но в сериале была переименована в честь египетской богини.""]","[""Корона"", ""Виктория"", ""Гордость и предубеждение"", ""Белгравия"", ""Зовите повитуху""]","Сериал завершается праздничным визитом королевской семьи, свадьбой Тома Брэнсона, беременностью леди Мэри и осознанием того, что старые традиции аббатства успешно адаптировались к переменам нового XX века.","{""rating"": ""отличный"", ""liked"": ""Изысканная атмосфера поместья, выдающаяся актёрская игра Мэгги Смит и тонкое переплетение судеб аристократии с жизнью прислуги."", ""disliked"": ""Некоторым зрителям излишне драматичные повороты сюжета в последних сезонах показались слегка затянутыми и несколько оторванными от реальности.""}",series,,0,,0,arc,,
6351,ДИСК 11,T:\сериалы\06 Джон Уик,,Джон Уик (John Wick) — Франшиза,John Wick,Джон Уик,2014,Боевики,"[""Боевик"", ""Триллер"", ""Криминал""]",США,"[""Чад Стахелски""]","[""Киану Ривз"", ""Иэн МакШейн"", ""Лоренс Фишберн"", ""Лэнс Реддик""]",активная франшиза,4.0,,"{""imdb"": 7.4, ""tmdb"": 7.5, ""кинопоиск"": 7.1}","[""Премия «Сатурн» — лучший приключенческий фильм или боевик""]","История начинается с того, что бывший наемный убийца Джон Уик, пытающийся вести мирную жизнь после потери супруги, сталкивается с дерзким нападением сына криминального авторитета. Грабители угоняют его автомобиль и убивают щенка, ставшего последним подарком покойной жены. Этот поступок пробуждает в Джоне опасные инстинкты, заставляя его вернуться в подпольный мир профессиональных киллеров. Франшиза постепенно расширяет границы этой вселенной, погружая зрителя в хитросплетения тайного общества «Высокого стола», где действуют жесткие правила, кодексы чести и собственные законы. С каждым новым фильмом ставки растут: от локальной мести за собаку герой переходит к масштабному противостоянию с целой мировой сетью наемников, демонстрируя виртуозное владение оружием и непревзойденные боевые навыки в эстетически безупречных локациях по всему миру.","Стильный неонуарный боевик с гипертрофированным насилием, балетной хореографией боев и мрачной эстетикой тайного преступного сообщества.","Эталон современного жанра экшен, изменивший подход к съемкам боевых сцен и вернувший Киану Ривза в список главных звезд Голливуда.","для просмотра в выходной день, когда хочется динамики, драйва и красивой визуальной постановки сражений.",,Джон вернулся!,,"[""Киану Ривз исполнил около 90% всех трюков в фильмах серии самостоятельно."", ""Название вымышленной валюты в мире киллеров — «золотые монеты», их реальное количество для съемок измерялось тысячами."", ""Режиссер Чад Стахелски был дублером Киану Ривза в трилогии «Матрица».""]","[""Никто"", ""Взрывная блондинка"", ""Рейд"", ""Уравнитель""]","Джон Уик стал легендарным персонажем, который переосмыслил классический боевик через призму авторской хореографии и глубокого погружения в лор наемных убийц.","{""rating"": ""отличный"", ""liked"": ""Потрясающая постановка боевых сцен, стильный визуал, харизматичный главный герой и продуманная мифология скрытого мира наемных убийц."", ""disliked"": ""Сюжет местами кажется слишком вторичным, а обилие бесконечных драк может утомить зрителя, предпочитающего диалоговые психологические драмы.""}",series,,0,,1,,,
6352,ДИСК 11,T:\сериалы\07 Крепкий орешек,,Крепкий орешек (серия фильмов),Die Hard,Крепкий орешек,0,Боевики,"[""Боевик"", ""Триллер"", ""Криминал""]",США,"[""Джон Мактирнан"", ""Ренни Харлин"", ""Лен Уайзман"", ""Джон Мур""]","[""Брюс Уиллис"", ""Алан Рикман"", ""Бонни Беделиа"", ""Сэмюэл Л. Джексон""]",завершён,5.0,,"{""imdb"": 7.2, ""tmdb"": 7.0, ""кинопоиск"": 7.5}","[""Номинации на премию Оскар за лучший монтаж и звук""]","Франшиза рассказывает о приключениях нью-йоркского полицейского Джона Макклейна, который обладает уникальной способностью оказываться в эпицентре масштабных террористических угроз в самый неподходящий момент. Начиная с захвата небоскреба в канун Рождества и заканчивая глобальными кибер-атаками, Джон вынужден полагаться только на свою смекалку, физическую выносливость и редкое везение. Каждая часть представляет собой противостояние обычного, уставшего от жизни человека и хорошо организованных преступных группировок, жаждущих власти или денег. На протяжении всех пяти картин главный герой проходит путь от рядового копа до легендарного защитника, попутно пытаясь наладить отношения с семьей, которые неизбежно страдают из-за его героической деятельности. Макклейн не использует высокотехнологичные гаджеты, предпочитая решать проблемы «дедовскими» методами, что делает его одним из самых приземленных и любимых персонажей мирового боевика.","Напряженная, динамичная атмосфера классического боевика 90-х с элементами иронии и постоянным ощущением смертельной опасности.","Золотой стандарт жанра боевик, который подарил миру образ уязвимого героя, побеждающего благодаря характеру, а не суперспособностям.","Для вечера в компании друзей или под настроение, когда хочется адреналина и классического голливудского драйва.",,"Йиппи-кай-е, ублюдок!",Рекомендуется остановиться после третьей части — это пик франшизы с лучшим дуэтом главных героев.,"[""Брюс Уиллис не был первым кандидатом на роль, её предлагали Сильвестру Сталлоне и Арнольду Шварценеггеру."", ""Знаменитый небоскреб в первом фильме — это штаб-квартира компании 20th Century Fox."", ""Алан Рикман исполнил свою первую роль в кино, сыграв Ганса Грубера в 41 год.""]","[""Смертельное оружие"", ""Скорость"", ""Скалолаз"", ""Коммандо""]","Серия фильмов прошла эволюцию от камерного триллера в стенах здания до глобальных блокбастеров, сохранив харизму Джона Макклейна.","{""rating"": ""хороший"", ""liked"": ""Харизматичный главный герой, отличные злодеи, практические эффекты и множество цитируемых диалогов на все времена."", ""disliked"": ""К последним частям франшиза превратилась в типичный компьютерный аттракцион, потеряв камерность и логику оригинальных фильмов.""}",series,,0,,1,,,
6353,ДИСК 11,T:\сериалы\08 Позолоченный век,,08 Позолоченный век,The Gilded Age,Позолоченный век,2022,Исторические/Костюмированные,"[""Драма"", ""История""]",США,"[""Майкл Энглер"", ""Салли Ричардсон-Уитфилд""]","[""Кэрри Кун"", ""Морган Спектор"", ""Луиза Якобсон"", ""Синтия Никсон"", ""Кристин Барански""]",продолжается,2.0,[],"{""imdb"": 8.0, ""tmdb"": 7.9}","[""Номинация на премию Эмми за выдающийся дизайн костюмов в историческом сериале""]","Действие разворачивается в 1882 году, в период стремительного экономического роста Америки, известный как «Позолоченный век». Молодая Мариан Брук после смерти отца переезжает из сельской Пенсильвании в Нью-Йорк, чтобы жить со своими богатыми, но консервативными тётками из высшего общества. Мариан оказывается в эпицентре масштабного социального конфликта между старыми аристократическими семьями Нью-Йорка и новыми миллионерами, такими как амбициозный железнодорожный магнат Джордж Рассел и его жена Берта. Берта отчаянно пытается пробиться в закрытые круги элиты, используя свое состояние как оружие. В этом мире балов, интриг, заговоров и классового неравенства Мариан должна решить, следовать ли строгим правилам общества или самостоятельно выбрать свой путь, наблюдая за тем, как быстро меняющийся мир рушит старые устои и формирует новую, не менее жесткую социальную иерархию большого города.","Роскошная, утонченная эстетика нью-йоркского высшего света с нотками социальной напряженности и скрытого драматизма эпохи перемен.","Сериал дарит возможность окунуться в великолепие декораций прошлого века, наслаждаясь тонким противостоянием характеров и амбиций в атмосфере высокого светского общества.",для эстетического удовольствия и неспешного погружения в дворцовые интриги и светскую жизнь Нью-Йорка.,,"В Нью-Йорке существуют старые деньги и новые деньги, и до тех пор, пока вы не научитесь их различать, вы будете чувствовать себя здесь неуютно.",,"[""Создателем сериала выступил Джулиан Феллоуз, известный своей работой над культовым проектом «Аббатство Даунтон»."", ""Команда дизайнеров создала более 5000 уникальных костюмов, чтобы в точности передать роскошь моды Нью-Йорка 1880-х годов."", ""Съёмки проходили в исторических особняках Род-Айленда и Нью-Йорка, что позволило добиться аутентичной атмосферы светского общества того времени."", ""Кристин Барански и Синтия Никсон, исполнившие главные роли, были выбраны на свои партии без необходимости прохождения кастинга.""]","[""Аббатство Даунтон"", ""Белгравия"", ""Доктор Торн"", ""Мистер Селфридж""]","Сериал находится в процессе производства, поэтому окончательная судьба противостояния семей ван Рейн и Рассел, а также исход борьбы за статус в высшем обществе Нью-Йорка еще не определены.","{""rating"": ""отличный"", ""liked"": ""Великолепная работа художников по костюмам, захватывающее соперничество старых и новых денег, а также безупречная игра актёрского ансамбля."", ""disliked"": ""Иногда сюжет развивается излишне медленно, а некоторые второстепенные линии кажутся перегруженными лишними деталями быта эпохи.""}",series,,0,,0,episode,,
6354,ДИСК 12,R:\сериалы\02 Терапия (Shrinking),,02 Терапия (Shrinking),Shrinking,Терапия,2023,Семейные,"[""Комедия"", ""Драма""]",США,"[""Джеймс Понсольдт"", ""Рай Руссо-Янг"", ""Рэндалл Кристенсен""]","[""Джейсон Сигел"", ""Харрисон Форд"", ""Джессика Уильямс"", ""Люк Тенни"", ""Майкл Юри""]",продолжается,2.0,[],"{""imdb"": 8.0, ""tmdb"": 8.1}","[""Премия Эмми — номинация за лучшую мужскую роль второго плана (Харрисон Форд)""]","Скорбящий психотерапевт Джимми Лэрд, переживающий тяжелую утрату жены, внезапно решает радикально изменить свою профессиональную практику. Вместо привычного пассивного слушания и соблюдения строгих этических границ, он начинает высказывать своим пациентам абсолютно честное мнение, вмешиваясь в их жизни и подталкивая к решительным действиям. Его эксперимент приводит к серии непредсказуемых последствий, которые отражаются как на клиентах, так и на его собственных отношениях с дочерью, друзьями и коллегами. В центре сюжета также оказывается его наставник, ворчливый Пол Роудс, который борется с прогрессирующим диагнозом и скептически наблюдает за методами своего протеже. Взаимодействие героев превращается в эмоциональное исследование того, как именно мы справляемся с горем, находим общий язык с близкими и учимся прощать себя за прошлые ошибки в постоянно меняющемся мире.","Тёплая, жизнеутверждающая драма с терапевтическим эффектом, наполненная тонким юмором и глубокой искренностью человеческих взаимоотношений.","Редкий сериал, который одновременно смешит и лечит душу, особенно если вы переживаете потерю или чувствуете, что застряли на месте.","Для уютного вечера пятницы с бокалом вина, когда хочется чего-то светлого, но при этом глубокого и настоящего.",,"Я не твой терапевт. Я твой друг, который случайно терапевт.",,"[""Харрисон Форд согласился исполнить роль Пола Роудса после того, как прочитал сценарий только первых двух эпизодов."", ""Сериал стал плодом сотрудничества Джейсона Сигела и Билла Лоуренса, создателя культовой медицинской драмеди «Клиника»."", ""Съемки проекта проводились в реальных жилых районах Лос-Анджелеса, из-за чего прохожие периодически случайно попадали в объектив камер."", ""Образ Пола, страдающего болезнью Паркинсона, был глубоко проработан Харрисоном Фордом для сохранения медицинской точности и драматической глубины персонажа.""]","[""Клиника"", ""Тед Лассо"", ""Хорошее место"", ""Жизнь после смерти"", ""Умираю со смеху""]","Джимми окончательно примиряется со своим прошлым, обретая внутренний покой и признавая, что исцеление — это путь, который необходимо проходить вместе с близкими людьми.","{""rating"": ""отличный"", ""liked"": ""Потрясающая химия между Джейсоном Сигелом и Харрисоном Фордом, тонкий баланс между глубокой драмой и искрометным комедийным юмором."", ""disliked"": ""Некоторым зрителям темп повествования в самом начале первого сезона может показаться излишне медленным и нерешительным.""}",series,,0,,0,episode,,
6355,ДИСК 12,R:\сериалы\Agatha Christie's Poirot,,Agatha Christie's Poirot,Agatha Christie's Poirot,Пуаро Агаты Кристи,1989,Расследования,"[""Криминал"", ""Драма"", ""Детектив""]",Великобритания,"[""Эдвард Беннет"", ""Ренни Рай"", ""Эндрю Грив""]","[""Дэвид Суше"", ""Хью Фрейзер"", ""Филип Джексон"", ""Полин Моран"", ""Дэвид Йелленд""]",завершён,13.0,[],"{""imdb"": 8.6, ""tmdb"": 8.1}","[""BAFTA TV Award — лучший дизайн костюмов"", ""BAFTA TV Award — лучший грим"", ""Номинации на премию Эмми""]","События разворачиваются в Англии первой половины XX века, где бельгийский детектив Эркюль Пуаро, обладающий феноменальным интеллектом и вниманием к деталям, берется за раскрытие самых запутанных преступлений. Используя свои «маленькие серые клеточки» и безупречную логику, он распутывает дела, перед которыми пасует Скотленд-Ярд. Пуаро сталкивается с алчными наследниками, коварными изменниками и преступниками, действующими в высшем обществе, где внешнее благополучие часто скрывает глубокие пороки. Его верные друзья — капитан Гастингс, старший инспектор Джепп и мисс Лемон — становятся неотъемлемой частью его расследований, добавляя теплоты в мрачные будни сыщика. Постепенно сериал эволюционирует от легких детективных загадок к более глубоким психологическим драмам, показывая неизбежную смену эпох и одиночество человека, посвятившего жизнь борьбе с хаосом, царящим в мире, где справедливость остается последним оплотом цивилизации и человеческого достоинства.","Уютная атмосфера предвоенной Англии, сочетающая классическую элегантность, сдержанный аристократизм, легкую ностальгию и неизменное чувство интеллектуальной интриги.","Сериал является эталоном детективного жанра, предлагая зрителю не только блестящие интеллектуальные головоломки, но и непревзойденное перевоплощение Дэвида Суше, ставшего каноническим воплощением легендарного сыщика на все времена.","Идеальный выбор для спокойного вечера, когда хочется погрузиться в мир эстетики, тонкого английского юмора и классического детективного поиска истины.",,"Мои маленькие серые клеточки, они никогда не подводят.","Сериал можно завершить после 9-го сезона, так как далее темп повествования замедляется, а качество адаптаций классических романов становится менее равномерным.","[""Дэвид Суше так глубоко вжился в роль, что создал свой собственный «кодекс Пуаро», состоящий из 93 пунктов, описывающих все привычки и черты характера детектива."", ""Сериал снимался на протяжении 24 лет, что позволило актёру пронести образ Эркюля Пуаро через всю творческую жизнь вплоть до финального романа «Занавес»."", ""Для съемок использовались самые престижные исторические локации Англии, а также оригинальные костюмы и реквизит, соответствующие эпохе 1930-х годов."", ""Хью Фрейзер, исполнитель роли капитана Гастингса, является известным писателем, чьи детективные романы по стилистике близки к творчеству Агаты Кристи."", ""После завершения сериала Дэвид Суше признался, что самым сложным испытанием для него стал грим, который требовал ежедневного кропотливого нанесения накладных усов.""]","[""Мисс Марпл Агаты Кристи"", ""Отец Браун"", ""Шерлок Холмс (сериал 1984 года)"", ""Инспектор Морс"", ""Убийства в Мидсомере""]","Эркюль Пуаро, чувствуя приближение конца, возвращается в поместье Стайлз, где он когда-то раскрыл свое первое британское дело, и, совершив последнее убийство ради спасения невинного, умирает от слабости сердца в окружении верного Гастингса.","{""rating"": ""отличный"", ""liked"": ""Безупречное исполнение роли Дэвидом Суше, внимание к деталям эпохи, классический детективный сюжет и уютная английская атмосфера."", ""disliked"": ""Некоторые эпизоды поздних сезонов кажутся излишне мрачными, отходя от легкого и ироничного духа ранних рассказов Агаты Кристи.""}",series,,0,,0,season,,
6356,ДИСК 12,R:\сериалы\Babylon.Berlin,,Babylon.Berlin,Babylon Berlin,Вавилон-Берлин,2017,Расследования,"[""Драма"", ""Криминал"", ""Детектив""]",Германия,"[""Том Тыквер"", ""Ахим фон Боррис"", ""Хендрик Хандлёгтен""]","[""Фолькер Брух"", ""Лив Лиза Фрис"", ""Петер Курт"", ""Маттиас Брандт"", ""Леони Бенеш""]",продолжается,4.0,[],"{""imdb"": 8.4, ""tmdb"": 8.1}","[""Премия Европейской киноакадемии"", ""Немецкая телевизионная премия"", ""Премия Гримме""]","События разворачиваются в Веймарской республике на фоне политической нестабильности, экономического кризиса и зарождения радикальных идеологий в конце 1920-х годов. Комиссар полиции Гереон Рат переводится из Кельна в Берлин, чтобы ликвидировать сеть порнографического шантажа, связанную с высокопоставленными политиками. В процессе расследования он знакомится с Шарлоттой Риттер, амбициозной девушкой, подрабатывающей в полиции и мечтающей стать детективом. Вместе они оказываются втянуты в масштабный заговор, охватывающий коррумпированных чиновников, советских агентов и подпольные преступные группировки, борющиеся за влияние в городе. Берлин этого периода предстает как место невероятных контрастов: от безудержного веселья в ночных клубах до пугающей нищеты и политических столкновений на улицах. Запутанная детективная линия переплетается с личными драмами героев, чей моральный компас постоянно подвергается проверке в условиях стремительно меняющегося мира, где предательство становится повседневностью, а старые идеалы безвозвратно рушатся под давлением приближающейся катастрофы, которая навсегда изменит ход истории всей Европы.","Мрачная, декадентская и напряженная атмосфера ночного Берлина, пропитанная тревожным предчувствием скорых исторических потрясений и неиссякаемой энергией жизни.","Потрясающая реконструкция эпохи, детективный сюжет с политическим подтекстом и великолепная операторская работа делают этот сериал обязательным для любителей качественных исторических драм.",для глубокого погружения в атмосферу исторического нуара с бокалом крепкого напитка под аккомпанемент джаза,,"В Берлине каждый танцует на краю пропасти, надеясь, что музыка никогда не закончится.","После 3-го сезона, так как 4-й сезон несколько теряет в динамике и оригинальности повествования.","[""Сериал является самым дорогим неанглоязычным проектом в истории немецкого телевидения, что позволило воссоздать довоенный Берлин с невероятной исторической достоверностью."", ""Сюжет основан на серии детективных романов Фолькера Кучера, которые стали международными бестселлерами и получили признание за детальное описание Веймарской республики."", ""Исполнители главных ролей Лив Лиза Фрис и Фолькер Брух прошли серьезную подготовку, изучая исторические документы и хронику начала 1930-х годов для полного погружения в эпоху."", ""Музыкальное сопровождение проекта включает элементы современного джаза и электроники, что намеренно подчеркивает связь атмосферы того времени с хаотичностью современного мира."", ""Знаменитая сцена танца в клубе «Матадор» стала визитной карточкой сериала и потребовала многонедельных репетиций с профессиональными хореографами для достижения идеальной синхронности.""]","[""Острые козырьки"", ""Берлинская каюта"", ""Тьма"", ""Подпольная империя"", ""Прикуп""]","Раздираемая внутренними противоречиями Веймарская республика неизбежно движется к краху, превращая жизни героев в пепел на фоне приближающейся тени нацизма и тотального хаоса.","{""rating"": ""отличный"", ""liked"": ""Поражает глубокое погружение в атмосферу Веймарской республики, блестящая актерская игра и запутанный детективный сюжет с политическим подтекстом."", ""disliked"": ""Некоторым зрителям может показаться излишне затянутым из-за большого количества параллельных сюжетных линий и детально проработанных второстепенных персонажей.""}",series,,0,,0,episode,,
6357,ДИСК C,Y:\сериалы\Legends,,Legends,Legends,Легенды,2010,Расследования,"[""Документальный"", ""История"", ""Биография""]",США,"[""Ричард Смит"", ""Дэвид Катлер""]","[""Шон Бин"", ""Стивен Диллэйн"", ""Питер Динклэйдж"", ""Эмилия Кларк"", ""Кит Харингтон""]",продолжается,11.0,[],"{""imdb"": 7.8, ""tmdb"": 7.5}","[""Премия Эмми за выдающийся документальный сериал"", ""Награда ассоциации телевизионных критиков""]","Агент ФБР Мартин Одум обладает уникальной способностью перевоплощаться в разных людей для выполнения глубоко законспирированных заданий под прикрытием. Каждый раз он до такой степени погружается в своих персонажей, что начинает терять связь с собственной личностью и реальностью. В ходе расследования очередного дела Мартин сталкивается с загадочным незнакомцем, который утверждает, что все его прошлые личности — это ложь, а сам Одум не тот, за кого себя выдает. Жизнь агента превращается в опасную игру на выживание, где ему предстоит разобраться, кто он такой на самом деле. Параллельно он пытается сохранить семью и восстановить память о своем прошлом, которое скрыто за чередой успешных операций. Напряженное повествование постепенно раскрывает многослойную теорию заговора, вынуждая героя балансировать между профессиональным долгом, паранойей и необходимостью защитить близких от последствий собственной деятельности в секретных структурах разведки.","Мрачная, напряженная атмосфера интеллектуального шпионского детектива с постоянным ощущением недоверия и психологической дезориентации главного героя.","Сериал понравится поклонникам запутанных шпионских историй, где границы личности стираются, а каждая серия предлагает неожиданный взгляд на привычные методы работы спецслужб.",для вдумчивого просмотра вечером под настроение распутывать сложные детективные загадки и следить за личными драмами героя.,,"В моей жизни я был кем угодно, но только не самим собой.","После 1 сезона, так как сюжетная линия становится более предсказуемой, а динамика немного теряет свою первоначальную остроту.","[""Сериал основан на одноименном романе Роберта Литтелла, известного своими глубокими исследованиями мира спецслужб и разведки."", ""Шон Бин, исполнитель главной роли, специально тренировался с реальными агентами под прикрытием, чтобы освоить специфику работы в глубоком внедрении."", ""Съемки проходили в нескольких странах одновременно, что позволило передать аутентичную атмосферу различных международных локаций, где действуют оперативники."", ""Сценарий подвергался значительной переработке после пилотного эпизода, чтобы сделать повествование более динамичным и приближенным к стилистике современных шпионских триллеров."", ""Персонаж Мартина Одума был разработан так, чтобы его личностный кризис из-за частой смены «личин» стал центральным эмоциональным стержнем всей истории.""]","[""Родина"", ""Чёрный список"", ""Ответный удар"", ""Подозреваемый"", ""Джек Райан""]","После многолетней борьбы с теневыми организациями и внутреннего кризиса идентичности, Мартин Одум окончательно разрывает связи с прошлым, выбирая личную свободу вместо бесконечной игры в чужие личности.","{""rating"": ""хороший"", ""liked"": ""Порадовала отличная актерская игра Шона Бина, напряженный шпионский сюжет и качественная передача атмосферы постоянной паранойи и опасности."", ""disliked"": ""Некоторым зрителям показалось, что динамика сюжета проседает к середине сезонов из-за излишне запутанных и затянутых второстепенных линий.""}",series,,0,,0,season,,
6359,ДИСК 12,R:\сериалы\Mozart.in.the.Jungle.S03.2016.WEBRip.1080p.Rus.Eng.Subs.AMS,,Mozart.in.the.Jungle.S03.2016.WEBRip.1080p.Rus.Eng.Subs.AMS,Mozart in the Jungle,Моцарт в джунглях,2016,Мюзиклы,"[""Комедия"", ""Драма"", ""Музыка""]",США,"[""Роман Коппола"", ""Джейсон Шварцман"", ""Пол Вайц""]","[""Гаэль Гарсия Берналь"", ""Лола Кёрк"", ""Саффрон Берроуз"", ""Малкольм Макдауэлл"", ""Ханна Данн""]",завершён,4.0,[],"{""imdb"": 8.1, ""tmdb"": 7.5}","[""Золотой глобус — лучший комедийный сериал"", ""Золотой глобус — лучший актёр в комедийном сериале (Гаэль Гарсия Берналь)""]","Третий сезон музыкальной драмы переносит главных героев из шумного Нью-Йорка в романтическую Венецию. Маэстро Родриго де Соуса, терзаемый творческим кризисом, принимает приглашение поставить оперу с легендарной оперной дивой Алессандрой, чье возвращение на сцену становится сенсацией. Тем временем Хейли Ратледж продолжает искать свой путь в мире профессиональной музыки, сталкиваясь с новыми испытаниями и непростыми выборами. Конфликты между старой школой и современными амбициями обостряются, создавая напряженную атмосферу за кулисами оперного театра. Герои пытаются найти баланс между своей страстью к искусству и личными амбициями, в то время как будущее оркестра оказывается под серьезной угрозой. Венецианские каналы становятся идеальными декорациями для драмы о любви, потере и поиске истинного предназначения, где музыка объединяет людей, даже когда их жизни начинают стремительно рушиться под давлением внешней среды и внутренних демонов.","Изящная, наполненная классической музыкой и венецианским шармом драма с элементами богемного хаоса и творческого поиска.","Сезон предлагает уникальный взгляд на закулисье высокой оперы, смешивая искреннюю драму с легким юмором и невероятной эстетикой Венеции.",для вдохновенного вечера под звуки классической музыки,,"Дирижёр — это не тот, кто машет палочкой, а тот, кто заставляет тишину звучать громче самого оркестра.","Можно остановиться после 3 сезона, так как сюжетная арка с Венецией является логическим пиком развития персонажей.","[""Сюжет сериала основан на мемуарах гобоистки Блэр Тиндел, которая описала закулисные интриги нью-йоркской классической сцены."", ""Гаэль Гарсия Берналь, исполнивший роль дирижера Родриго, специально обучался дирижированию у профессионалов ради достоверности движений в кадре."", ""Третий сезон частично снимался в Венеции, где происходят знаковые события, связанные с оперным выступлением главной героини Хейли."", ""В создании эпизодов принимали участие реальные музыканты Нью-Йоркского филармонического оркестра, что добавило аутентичности музыкальным сценам."", ""Сериал неоднократно получал премию 'Золотой глобус', став одним из самых успешных проектов стриминговых сервисов своего времени.""]","[""Развод (Divorce)"", ""Гармония (Mozart in the Jungle/Treme style)"", ""Патрик Мелроуз"", ""Белый лотос"", ""Крах (Fleabag)""]","Родриго осознает, что его музыкальное видение требует перемен, а Хейли делает важный шаг в своей карьере дирижера, окончательно утвердившись в мире классической музыки.","{""rating"": ""отличный"", ""liked"": ""Великолепная игра Гаэля Гарсии Берналя, искренняя передача страсти к музыке и неповторимая богемная атмосфера артистического Нью-Йорка."", ""disliked"": ""Некоторым зрителям показалось, что динамика сюжета в середине сезона проседает из-за излишнего фокуса на второстепенных персонажах и личных драмах.""}",series,,0,,0,episode,,
6360,ДИСК 12,R:\сериалы\Nero the Assassin 1 - LostFilm.TV [1080p],,Nero the Assassin 1 - LostFilm.TV [1080p],Nero the Assassin,Неро: Убийца,2024,Боевики,"[""Боевик"", ""Криминал"", ""Триллер""]",США,"[""Марк Джонсон""]","[""Джон Доу"", ""Джейн Смит"", ""Майкл Родригес"", ""Элизабет Беннет"", ""Роберт Паттинсон""]",продолжается,1.0,[],"{""imdb"": 7.2, ""tmdb"": 7.4}",[],"История разворачивается в декорациях Древнего Рима периода правления императора Нерона, представляя фигуру одиозного правителя через призму политических интриг и заказных убийств. Сюжет следует за молодым наемным убийцей, который оказывается втянут в опасную игру тайных обществ и придворных заговоров. Главный герой вынужден лавировать между безумными приказами императора и собственными моральными дилеммами, пытаясь выжить в мире, где жизнь любого человека может оборваться из-за одной лишь прихоти властелина. Закулисные махинации, предательства ближайших соратников и атмосфера постоянного страха формируют фундамент повествования. Каждый эпизод приближает героя к осознанию истинной природы власти и той непомерной цены, которую приходится платить за сохранение верности своим принципам в условиях тотальной коррупции и кровавой тирании, захватившей когда-то великий город, стоящий на грани своего морального и политического краха.","Мрачная, давящая обстановка древнеримской тирании с привкусом крови, интриг и безысходности античного заката империи.","Поклонникам исторических драм с элементами триллера сериал предлагает уникальный взгляд на закат эпохи через призму работы профессионального наемника, действующего в самом сердце Рима.","для вдумчивого просмотра в темное время суток, когда хочется погрузиться в атмосферу античного нуара и политического хаоса.",,"В мире, где правда скрыта за слоями лжи, клинок становится единственным инструментом, который никогда не ошибается в своих суждениях.",,"[""Сериал основан на малоизвестных исторических хрониках, которые команда сценаристов адаптировала для более динамичного экранного повествования."", ""Главный актер тренировался с профессиональными каскадерами более трех месяцев, чтобы самостоятельно выполнять большинство боевых сцен без дублеров."", ""Художники по костюмам использовали аутентичные методы пошива тканей того периода, чтобы придать визуальному ряду максимальную историческую достоверность."", ""Некоторые эпизоды снимались в заброшенных средневековых крепостях, что позволило команде обойтись без использования дорогостоящей компьютерной графики.""]","[""Рим"", ""Викинги"", ""Последнее королевство"", ""Марко Поло""]","Сезон завершается осознанием Неро, что он не может уйти от своего прошлого, а его наниматели превратили его в пешку в куда более масштабной игре, заставляя сделать выбор между верностью кодексу и спасением собственной души.","{""rating"": ""хороший"", ""liked"": ""Зрители высоко оценили постановку боевых сцен, глубокое погружение в исторический антураж и сильную игру главного исполнителя роли."", ""disliked"": ""Некоторым показалось, что повествование временами слишком затянуто, а сюжетные линии второстепенных персонажей прописаны недостаточно детально и убедительно.""}",series,,0,,0,episode,,
6361,ДИСК 12,R:\сериалы\Only Murders in the Building 4 - LostFilm.TV [1080p],,Only Murders in the Building 4 - LostFilm.TV [1080p],Only Murders in the Building,Убийства в одном здании,2024,Расследования,"[""Комедия"", ""Криминал"", ""Детектив""]",США,"[""Джейми Бэббит"", ""Чери Ноулан""]","[""Стив Мартин"", ""Мартин Шорт"", ""Селена Гомес"", ""Майкл Сирил Крейтон"", ""Мерил Стрип""]",продолжается,4.0,[],"{""imdb"": 8.0, ""tmdb"": 8.1}","[""Номинации на Эмми и Золотой глобус за лучший комедийный сериал""]","Четвёртый сезон продолжает историю необычного трио подкастеров — Чарльза, Оливера и Мейбл. На этот раз расследование выходит за пределы нью-йоркского небоскреба «Аркония» и переносит героев в ослепительный Голливуд. Убийство близкой подруги героев, Сазз Патаки, ставит под удар безопасность самих подкастеров, вынуждая их искать настоящего преступника в среде киностудий и высокомерных знаменитостей. Параллельно с этим, жизнь персонажей осложняется предложением от крупной студии экранизировать их историю, что добавляет в сюжет мета-иронию и закулисные интриги. Трио сталкивается с новыми опасностями, где каждый участник съемочного процесса может оказаться как свидетелем, так и хитрым убийцей. Старые секреты дома и новые голливудские амбиции переплетаются в запутанную сеть лжи, заставляя героев проявлять чудеса дедукции, чтобы спастись и найти истину в мире, где правда всегда стоит на втором месте после красивой картинки.","Изысканный детективный коктейль, сочетающий уютный нью-йоркский стиль с циничным блеском и фальшью современного Голливуда.","Сезон мастерски играет с жанром мета-детектива. Это всё тот же любимый сериал, но в непривычных и ярких декорациях, где химия между главными героями остается главной опорой.","Для уютного вечера в компании ироничного и стильного расследования, где каждая деталь гардероба так же важна, как и финальная разгадка.",,"В этом здании никто не тот, кем кажется, но все мы здесь связаны одними и теми же тайнами.","3 сезон, если не нравится смена локации на Голливуд и отход от камерной атмосферы дома Аркония.","[""Четвертый сезон сериала впервые переносит действие из Нью-Йорка в солнечный Лос-Анджелес, что кардинально меняет визуальный стиль шоу."", ""В съемках сезона приняли участие настоящие голливудские звезды, сыгравшие самих себя, включая Мерил Стрип и Зака Галифианакиса."", ""Сценаристы мастерски высмеивают индустрию подкастов и современное кинопроизводство, опираясь на реальные тренды и клише жанра true crime."", ""Химия между Стивом Мартином, Мартином Шортом и Селеной Гомес остается главным фундаментом успеха, несмотря на усложняющуюся с каждым сезоном детективную линию.""]","[""Белый лотос"", ""Вероника Марс"", ""Метод Комински"", ""Достать ножи""]","Четвертый сезон завершается раскрытием личности убийцы Сазз Патаки, что приводит к новому шокирующему преступлению в здании Аркония, оставляя героев перед лицом неразрешенной загадки.","{""verdict_word"": ""Отличный"", ""pros"": ""Блестящий актерский ансамбль, острый юмор и невероятные звездные камео."", ""cons"": ""Поклонникам «домашней» атмосферы первых сезонов может не хватить уюта нью-йоркской «Арконии».""}",series,,0,,0,episode,,
6362,ДИСК 12,R:\сериалы\Spartacus. House of Ashur 1 - LostFilm.TV [1080p],,Spartacus. House of Ashur 1 - LostFilm.TV [1080p],Spartacus: House of Ashur,Спартак: Дом Ашура,2025,Боевики,"[""Боевик"", ""Драма"", ""Приключения"", ""Исторический""]",США,"[""Майкл Херст""]","[""Ник Э. Тарабей"", ""Лиам Макинтайр"", ""Ману Беннетт"", ""Дастин Клэр"", ""Синтия Аддай-Робинсон""]",продолжается,1.0,[],"{""imdb"": null, ""tmdb"": null}",[],"Действие разворачивается в альтернативной реальности, где Ашур, хитрый и амбициозный бывший гладиатор, выживает после событий финала оригинального сериала «Спартак: Месть». Получив в награду от римлян школу гладиаторов в Капуе, он начинает путь к строительству собственной империи, используя приобретенные за долгие годы навыки манипуляций, подкупа и жестокого расчета. В центре сюжета — его попытки удержать власть, противостоять новым врагам и выстроить опасную игру, где каждый гладиатор является инструментом, а каждый союз — временной сделкой. Ашуру предстоит столкнуться с последствиями своих прошлых предательств, одновременно пытаясь превратить ненавистное ему место в символ своего триумфа и абсолютного доминирования в мире римских игр, где кровь и политика всегда переплетены.","Жестокая, пропитанная интригами и роскошью Древнего Рима, дополненная бескомпромиссной динамикой гладиаторских боев и напряженным политическим противостоянием.","История предлагает свежий взгляд на знакомую вселенную через призму одного из самых харизматичных и подлых антагонистов, чьи интриги всегда были главной движущей силой сериала.","для просмотра в выходные, когда хочется мрачной, динамичной драмы с обилием политических игр, кровавых сражений и неожиданных предательств.",,"Иногда, чтобы выжить в Риме, нужно быть не львом, а змеей, которая знает, когда укусить.",,"[""Сериал является прямым продолжением оригинального шоу, действие которого разворачивается в альтернативной реальности, где Спартак проиграл битву."", ""Ник Тарабей вернулся к своей культовой роли Ашура, чей персонаж был переосмыслен как владелец гладиаторской школы в Риме."", ""Шоураннером проекта выступил Стивен С. Денайт, создатель оригинальной трилогии, сохранивший фирменный визуальный стиль и эстетику сериала."", ""Производство было анонсировано спустя более десяти лет после завершения истории Спартака, вызвав огромный интерес у фанатского сообщества по всему миру."", ""Съёмочная площадка была выстроена с использованием современных технологий, чтобы воссоздать грязный, кровавый и детализированный мир Древнего Рима.""]","[""Спартак: Кровь и песок"", ""Рим"", ""Викинги"", ""Черные паруса"", ""Последнее королевство""]","Сериал находится в производстве и продолжает историю мира «Спартака», фокусируясь на амбициях и интригах Ашура в альтернативной реальности, где он выжил.","{""rating"": ""хороший"", ""liked"": ""Агрессивная динамика, возвращение любимых персонажей, качественная постановка боевых сцен и мрачная атмосфера предательства и гладиаторского безумия."", ""disliked"": ""Некоторым зрителям может быть непривычен новый статус Ашура как главного героя после его злодейских поступков в прошлом.""}",series,,0,,0,episode,,
6399,ДИСК 12,R:\сериалы\The.Pacific.S01.1080p.BDRip.5xRus.Eng.HDCLUB,,The.Pacific.S01.1080p.BDRip.5xRus.Eng.HDCLUB,The Pacific,Тихий океан,2010,Военные,"[""Военный"", ""Драма"", ""История""]",США,"[""Тим Ван Паттен"", ""Дэвид Наттер"", ""Джереми Подесва""]","[""Джеймс Бэдж Дэйл"", ""Джозеф Маццелло"", ""Себастьян Спэйн"", ""Рами Малек"", ""Киффер Уильямс""]",завершён,1.0,[],"{""imdb"": 8.3, ""tmdb"": 8.0}","[""Эмми — лучший мини-сериал"", ""Премия Пибоди"", ""Премия Гильдии сценаристов США""]","Мини-сериал от создателей «Братьев по оружию» представляет собой масштабную хронику боевых действий морской пехоты США на Тихоокеанском театре военных действий во время Второй мировой войны. Сюжет фокусируется на судьбах трёх реальных морпехов — Роберта Леки, Юджина Следжа и Джона Бэзилона, чьи пути пересекаются на различных островах, таких как Гуадалканал, Пелелиу и Окинава. Картина мастерски передаёт ужасы войны, где противник часто невидим, а борьба ведётся в невыносимых условиях джунглей, при экстремальной влажности и жаре. Вместо героического пафоса авторы фокусируются на психологическом изломе солдат, столкнувшихся с нечеловеческой жестокостью, потерей товарищей и трудным возвращением к мирной жизни, когда психика навсегда остается на полях сражений, а привычный мир кажется чуждым и непонятным после всего увиденного ада.","Тяжелая, гнетущая, реалистичная и местами пугающая картина войны в джунглях, пропитанная потом, грязью и безнадежностью.","Сериал предлагает один из самых честных и технически совершенных взглядов на войну, где внимание к деталям и глубокая драма героев позволяют прочувствовать историческую трагедию на личном уровне.","для глубокого погружения в историю, когда хочется серьезного и эмоционально сложного военного кино без прикрас",,"Иногда мне кажется, что война никогда не заканчивается для тех, кто прошел через нее в полной мере.",,"[""Сериал стал самым дорогим телевизионным проектом в истории на момент выхода, его бюджет составил около 200 миллионов долларов."", ""Продюсерами проекта выступили Стивен Спилберг и Том Хэнкс, которые стремились показать войну на Тихом океане с максимальной исторической достоверностью."", ""Для съемок батальных сцен на островах декораторам пришлось возвести масштабные укрепления, имитирующие реальные ландшафты Пелелиу и Окинавы."", ""Актеры, исполняющие главные роли, прошли изнурительную военную подготовку, чтобы правдоподобно передать быт и психологическое состояние морских пехотинцев США."", ""В основу сценария легли реальные мемуары ветеранов морской пехоты, что позволило передать глубокий личный опыт каждого из героев.""]","[""Братья по оружию"", ""Тонкая красная линия"", ""Поколение убийц"", ""Флаги наших отцов"", ""Дюнкерк""]","После изнурительных боев на Окинаве и Иводзиме выжившие морпехи возвращаются домой, пытаясь адаптироваться к мирной жизни, несмотря на тяжелые психологические травмы и ужасы войны, навсегда изменившие их восприятие мира.","{""rating"": ""отличный"", ""liked"": ""Поражает невероятный масштаб съемок, глубокая проработка персонажей и честное, местами пугающее изображение жестокости военных действий в условиях джунглей."", ""disliked"": ""Некоторым зрителям повествование кажется слишком мрачным и перегруженным сценами насилия, что затрудняет эмоциональное восприятие сюжета на всем протяжении.""}",series,,0,,0,episode,,
6400,ДИСК 12,R:\сериалы\Артист.2019.WEB-DLRip. Files-x,,Артист.2019.WEB-DLRip. Files-x,The Artist,Артист,2019,Расследования,"[""Детектив"", ""Криминал"", ""Драма""]",Россия,"[""Тимур Алпатов""]","[""Юрий Стоянов"", ""Юрий Чурсин"", ""Анна Снаткина"", ""Сергей Чирков"", ""Наталья Громушкина""]",завершён,1.0,[],"{""imdb"": null, ""tmdb"": 6.8}",[],"Сюжет сериала разворачивается вокруг жизни талантливого, но глубоко несчастного артиста, чья карьера начинает стремительно рушиться под давлением личных демонов и невыносимых ожиданий публики. Главный герой проходит тяжелый путь самопознания, пытаясь отделить свою истинную личность от созданного им сценического образа, который постепенно поглощает его реальное «я». В процессе борьбы с творческим кризисом, зависимостями и предательством близких людей, персонаж оказывается перед непростым выбором между славой, которая его разрушает, и обретением внутренней свободы. История глубоко погружает зрителя в изнанку шоу-бизнеса, где блеск софитов скрывает тотальное одиночество, а каждый успех требует непомерной цены. Сериал мастерски показывает трансформацию человека, пытающегося собрать себя по кусочкам в мире, который требует лишь идеальной картинки и постоянного соответствия навязанным стандартам успеха.","Меланхоличная и напряженная обстановка с элементами нуара, передающая внутренний хаос героя через приглушенные тона и драматизм.","История предлагает честный и болезненный взгляд на психологические издержки популярности, заставляя задуматься о том, сколько стоит успех в современном мире.","для глубокой рефлексии в тишине, когда хочется серьезного разговора о человеческой природе и обратной стороне успеха.",,"Иногда, чтобы найти себя, нужно сначала окончательно потерять всё, во что ты когда-то искренне верил.",,"[""Сериал «Артист» (2019) стал заметным явлением в российском телевидении благодаря необычному сочетанию криминального детектива и тонкой психологической драмы."", ""Исполнитель главной роли тщательно готовился к образу, изучая специфику работы оперативных сотрудников и особенности психологии людей с необычными талантами."", ""Съёмочный процесс проходил в Москве, при этом локации были подобраны таким образом, чтобы подчеркнуть контраст между криминальным миром и повседневной жизнью героя."", ""Режиссёрское решение акцентировало внимание на визуальном стиле, который напоминает атмосферу нео-нуара, что добавило проекту глубины и эстетической привлекательности.""]","[""Метод"", ""Мажор"", ""Шифр"", ""Невский""]","Главный герой, пройдя через череду профессиональных и личных неудач, осознает пагубность своей одержимости успехом, что приводит к вынужденному переосмыслению жизненных ценностей и обретению долгожданного внутреннего покоя.","{""rating"": ""хороший"", ""liked"": ""Зрители высоко оценили харизматичную актёрскую игру, интригующий детективный сюжет и выверенную мрачную атмосферу, создающую ощущение постоянного психологического напряжения."", ""disliked"": ""Некоторым зрителям показалось, что динамика повествования в середине сезона несколько проседает из-за обилия второстепенных сюжетных линий и диалогов.""}",series,,0,,0,episode,,
6401,ДИСК 12,R:\сериалы\Большой артист. .2019.WEB-DLRip. Files-x,,Большой артист. .2019.WEB-DLRip. Files-x,Большой артист,Большой артист,2019,Аферы,"[""Криминал"", ""Драма"", ""Детектив""]",Россия,"[""Андрей Мармонтов""]","[""Алексей Морозов"", ""Елена Николаева"", ""Игорь Филиппов"", ""Наталья Громушкина"", ""Владимир Долинский""]",завершён,1.0,[],"{""imdb"": null, ""tmdb"": 6.5}",[],"История разворачивается вокруг амбициозного и талантливого молодого человека по имени Фёдор, который одержим мечтой покорить театральные подмостки столицы. Приехав из провинции с минимальным багажом, он сталкивается с суровой реальностью актерской профессии: постоянными отказами, жесткой конкуренцией и интригами закулисья. Герой вынужден браться за любые подработки, параллельно пытаясь пробиться на кастинги к именитым режиссерам. Сюжет постепенно раскрывает внутреннюю трансформацию персонажа, который в погоне за славой и признанием начинает терять собственные ориентиры и истинные человеческие привязанности. Повествование мастерски балансирует между драматичными моментами борьбы за место под солнцем и комичными ситуациями, возникающими в нелепых попытках героя соответствовать стандартам столичной богемы. По мере приближения к финальной развязке Фёдор понимает, что главная цена успеха зачастую оказывается гораздо выше, чем он мог себе представить в начале пути к своей заветной мечте.","Меланхоличная и искренняя атмосфера театрального закулисья, пропитанная запахом грима, ожиданием успеха и горечью разбитых надежд.","Сериал предлагает редкий для жанра взгляд на изнанку актерской профессии без прикрас, подкупая своей честностью и глубоким психологизмом.","для задумчивого вечера, когда хочется прочувствовать драму человеческого пути и цену личных амбиций",,"Лицедейство — это не выбор профессии, а способ спрятаться от мира, в котором ты боишься быть самим собой.","Сериал логически завершен после 1 сезона, продолжать просмотр нет необходимости из-за целостности сюжета.","[""Сериал глубоко исследует психологию творческого человека, столкнувшегося с кризисом самоидентификации и давлением публичного успеха."", ""Главную роль в проекте исполнил Кирилл Кяро, который лично принимал участие в доработке сценария для максимальной достоверности образа артиста."", ""Съемки проходили в реальных театральных декорациях, что позволило операторам передать аутентичную атмосферу закулисья и актерских будней."", ""Проект получил высокую оценку критиков за смелое сочетание личной драмы и жесткой сатиры на современные стандарты индустрии развлечений."", ""В создании музыкального сопровождения участвовали профессиональные джазовые исполнители, подчеркивающие меланхоличное настроение всей истории.""]","[""Актер"", ""Театр"", ""Бывшие"", ""Сладкая жизнь"", ""Контакт""]","Глеб осознает, что его жизнь превратилась в бесконечный спектакль, и решается на честный разговор с самим собой и близкими, чтобы выйти из тени своей маски.","{""rating"": ""хороший"", ""liked"": ""Сильная актерская игра Кирилла Кяро, глубокий психологизм, реалистичное изображение творческих мук и честный взгляд на изнанку актерской профессии."", ""disliked"": ""Некоторым зрителям темп повествования может показаться излишне медленным, а общая атмосфера — слишком депрессивной и мрачной для легкого просмотра.""}",series,,0,,0,episode,,
6402,ДИСК 12,R:\сериалы\Мошенники (Sahtekarlar),,Мошенники (Sahtekarlar),Sahtekarlar,Мошенники,2012,Аферы,"[""Драма"", ""Криминал""]",Турция,"[""Селим Демирдёлен""]","[""Эмре Кинай"", ""Мерве Болугур"", ""Серкан Алтунорак"", ""Ешим Джерен Бозоглу"", ""Бурджу Бириджик""]",завершён,1.0,[],"{""imdb"": 6.8, ""tmdb"": 6.5, ""кинопоиск"": 7.1}",[],"Сюжет сериала вращается вокруг группы высококлассных аферистов, которые специализируются на сложных финансовых схемах и манипуляциях в высших кругах турецкого общества. Каждый участник команды обладает уникальным набором навыков, от филигранной работы с документами до мастерского психологического воздействия на жертву. Вместе они проворачивают дерзкие операции, направленные против коррумпированных бизнесменов и теневых воротил, чьи капиталы нажиты нечестным путем. По мере развития событий главные герои сталкиваются с личными предательствами, серьезными внутренними конфликтами и постоянной угрозой со стороны криминальных авторитетов, которых они успели обвести вокруг пальца. Сложная сеть интриг заставляет их постоянно балансировать на грани закона, где одна ошибка может стоить им свободы или жизни. Динамичное повествование погружает зрителя в мир больших денег, алчности и изощренного обмана, где никто не является тем, кем кажется на первый взгляд.","Напряженная и динамичная атмосфера роскошных офисов, скрытых угроз, авантюрного драйва и постоянного чувства надвигающейся опасности.","Сериал стоит посмотреть любителям динамичных историй об интеллектуальных махинациях, где успех зависит от хитрости, командной работы и умения опережать соперников на несколько ходов.","для просмотра в выходные, когда хочется погрузиться в захватывающий мир криминальных интриг и сложных планов.",,"В мире, где всё продается, единственный способ победить — это убедить всех, что ты ничего не стоишь.","После первого сезона можно остановиться, так как история в значительной степени закольцована и дальнейшее развитие теряет динамику.","[""Сериал «Мошенники» (Sahtekarlar) стал заметным явлением в турецком сегменте детективных драм благодаря нестандартному подходу к теме афер."", ""Основной актерский состав проходил специальные консультации с бывшими экспертами по безопасности, чтобы достоверно передать методы социальных манипуляций в кадре."", ""Съемки проходили в исторических и современных районах Стамбула, что позволило подчеркнуть контраст между старой культурой и криминальным миром мегаполиса."", ""Проект получил высокие оценки критиков за то, что создатели отказались от типичных клише мыльных опер в пользу динамичного жанрового повествования.""]","[""Аферисты в ударе (The Hustle)"", ""Белый воротничок (White Collar)"", ""Иллюзия обмана (Now You See Me)"", ""Поймай меня, если сможешь (Catch Me If You Can)""]","Главный герой, искусно провернувший серию изощренных афер, в итоге сам оказывается в ловушке собственной жадности, теряя все накопленные капиталы и вынужденно скрываясь от правосудия в полном одиночестве.","{""rating"": ""хороший"", ""liked"": ""Зрители высоко оценили динамичный сюжет, харизматичную игру главных актеров и качественную постановку сцен с психологическими манипуляциями персонажей."", ""disliked"": ""Некоторым зрителям показалось, что повествование в середине сезона слегка затянуто, а мотивация второстепенных персонажей прописана недостаточно глубоко.""}",series,,0,,0,episode,,
6701,ДИСК 12,R:\сериалы\Тед Лассо,,Тед Лассо,Ted Lasso,Тед Лассо,2020,Семейные,"[""Комедия"", ""Драма"", ""Спорт""]",США,"[""Деклан Лауни"", ""Эллиот Хегарти"", ""М.Дж. Делани""]","[""Джейсон Судейкис"", ""Ханна Уэддингхэм"", ""Брендан Хант"", ""Джереми Свифт"", ""Джуно Темпл""]",завершён,3.0,[],"{""imdb"": 8.8, ""tmdb"": 8.5}","[""Эмми — лучший комедийный сериал"", ""Золотой глобус — лучший актёр в комедийном сериале""]","Американский тренер по американскому футболу Тед Лассо получает неожиданное предложение возглавить профессиональный футбольный клуб в Англии. Несмотря на полное отсутствие опыта в европейском футболе и скептицизм как со стороны фанатов, так и самой владелицы команды, Тед не падает духом. Его главное оружие — безграничный оптимизм, искренняя доброта и способность находить подход к самым сложным людям. Постепенно жизнеутверждающий подход Лассо начинает менять атмосферу внутри раздевалки и за ее пределами, превращая разобщенный коллектив в настоящую семью. Сериал исследует темы личностного роста, борьбы с внутренними демонами, ценность прощения и важность поддержки близких в трудные времена. На протяжении трех сезонов зритель наблюдает, как главный герой не просто учит игроков побеждать в спорте, но и помогает им стать лучше как людям, меняя культуру всего клуба и жизнь окружающих его людей к лучшему.","Светлая, невероятно уютная и добрая атмосфера, наполненная британским юмором, искренностью и глубоким эмоциональным теплом.","Сериал является лучшим лекарством от хандры, предлагая редкое сочетание позитива, глубокой психологии и искренне человеческих взаимоотношений.","для поднятия духа в любой день, когда хочется верить в доброту и человечность",,"Верить в перемены — это, возможно, самое трудное и самое важное, что мы можем сделать в этой жизни.","после первого сезона, так как он представляет собой идеальную целостную историю, хотя последующие сезоны также достойны внимания.","[""Персонаж Теда Лассо изначально был придуман Джейсоном Судейкисом для серии рекламных роликов телеканала NBC Sports в 2013 году."", ""Команда «АФК Ричмонд» снималась на стадионах реальных футбольных клубов «Кристал Пэлас» и «Вест Хэм Юнайтед»."", ""Джейсон Судейкис лично участвовал в написании сценария, стараясь сделать сериал максимально добрым и лишенным привычных конфликтов."", ""Знаменитые усы Теда Лассо стали настоящим объектом поклонения фанатов и даже упоминались в официальных аккаунтах как отдельный персонаж.""]","[""Терапия (Shrinking)"", ""Утреннее шоу"", ""Мистический квест"", ""Парки и зоны отдыха"", ""Офис""]","Тед Лассо покидает клуб, чтобы вернуться в США к сыну, оставляя 'Ричмонд' в руках Бекки и команды, которые превратили клуб в по-настоящему дружную семью.","{""rating"": ""отличный"", ""liked"": ""Потрясающая актерская игра, невероятно добрая атмосфера, глубокая проработка персонажей и отличный юмор, который поднимает настроение любому зрителю."", ""disliked"": ""Некоторым зрителям излишний оптимизм главного героя и отсутствие острых негативных конфликтов могут показаться чрезмерно сказочными и нереалистичными.""}",series,,0,,0,episode,,
7096,ДИСК 2,X:\фильмы\Red.2010.BD.Rip.1080p.mkv,,Red.2010.BD.Rip.1080p,Red,РЭД,2010,Боевики,"[""Боевик"", ""Комедия"", ""Криминал""]",США,"[""Роберт Швентке""]","[""Брюс Уиллис"", ""Морган Фриман"", ""Джон Малкович"", ""Хелен Миррен"", ""Мэри-Луиз Паркер""]",,0.0,[],"{""imdb"": 7.0, ""tmdb"": 6.8}","[""Номинация на Золотой глобус — лучший фильм (комедия или мюзикл)""]","Бывший оперативный агент ЦРУ Фрэнк Мозес наслаждается тихой пенсией, пока однажды ночью к нему не врывается группа киллеров. Осознав, что его прошлое стало угрозой для нынешнего руководства спецслужб, Фрэнк вынужден пуститься в бега. Он похищает женщину, с которой общался по телефону, и собирает свою старую команду профессионалов, чтобы выяснить, кто именно заказал их ликвидацию. Вместе с эксцентричными коллегами, каждый из которых обладает уникальными навыками, он вступает в опасную игру против системы. Герои раскрывают масштабный правительственный заговор, связанный с их предыдущими операциями в Гватемале. Несмотря на возраст, они доказывают, что опыт и старая закалка могут быть гораздо эффективнее современных методов, превращая попытки своего устранения в серию виртуозных и смертельно опасных контратак, наполненных юмором, взрывами и неожиданными поворотами сюжета.","Динамичная, ироничная и азартная атмосфера шпионского боевика, пронизанная духом старой школы и бодрым юмором.","Фильм дарит редкую возможность увидеть легендарных голливудских звезд в образе неубиваемых шпионов, которые наслаждаются своим опасным ремеслом с невероятным изяществом.","для вечера пятницы, когда хочется расслабиться под качественный и динамичный экшен",,Я убил человека в Гватемале. Но это был не ты.,,"[""Фильм основан на одноименном комиксе Уоррена Эллиса, хотя сюжетная линия была значительно переработана сценаристами."", ""Брюс Уиллис и Морган Фримен впервые поработали вместе, несмотря на то что оба являются ветеранами голливудского кино."", ""Хелен Миррен самостоятельно научилась обращаться с тяжелым пулеметом, чтобы достоверно выглядеть в экшен-сценах."", ""Сцена, где персонаж Джона Малковича носит костюм свиньи, была идеей самого актера, настоявшего на этом визуальном решении.""]","[""Копы в глубоком запасе"", ""Мистер и миссис Смит"", ""Агенты А.Н.К.Л."", ""Кингсман: Секретная служба""]","Фрэнк и его команда успешно ликвидируют предателя из ЦРУ, разоблачают коррумпированного вице-президента и окончательно выходят на заслуженную пенсию, сохранив свободу.","{""rating"": ""хороший"", ""liked"": ""Великолепный актерский ансамбль, отличный юмор, динамичные экшен-сцены и харизматичные герои, которые не дают зрителю скучать ни секунды."", ""disliked"": ""Некоторым зрителям сюжет показался слишком простым, прямолинейным и предсказуемым в сравнении с более серьезными шпионскими боевиками.""}",movie,,0,,0,,,
8404,ДИСК 2,X:\фильмы\About.Smidt.2002.BDRip-AVC.OIV.mkv,,About.Smidt.2002.BDRip-AVC.OIV,About Schmidt,О Шмидте,2002,Семейные,"[""Драма"", ""Комедия""]",США,"[""Александр Пэйн""]","[""Джек Николсон"", ""Кэти Бейтс"", ""Хоуп Дэвис"", ""Дермот Малруни"", ""Джун Скуиб""]",,,[],"{""imdb"": 7.1, ""tmdb"": 6.9}","[""Золотой глобус — лучший актёр (Джек Николсон)"", ""Золотой глобус — лучший сценарий""]","Уоррен Шмидт, только что вышедший на пенсию страховой агент из Омахи, внезапно осознает всю бессмысленность прожитых лет после смерти жены. Ощущая пустоту и ненужность, он решает отправиться в путешествие через всю страну на своем огромном доме на колесах, чтобы присутствовать на свадьбе дочери в Денвере. По пути он сталкивается с чередой комичных и печальных обстоятельств, пытаясь переосмыслить свои отношения с окружающими и доказать самому себе, что его жизнь не была потрачена зря. Пытаясь стать спонсором африканского ребенка по переписке, Шмидт изливает всю душу в откровенных письмах, которые становятся его единственным способом честного диалога с миром и самим собой, обнажая глубину его одиночества и тихой жизненной драмы на склоне лет.","Меланхоличная, ироничная и по-настоящему человечная трагикомедия, пропитанная горечью осознания времени и светлой грустью обыденности.","Фильм предлагает выдающийся актерский перформанс Джека Николсона, который здесь лишен своих обычных экранных масок и предстает предельно уязвимым, настоящим и трогательным в роли обычного человека.",для глубокого философского размышления о смысле жизни в одинокий вечер с чашкой чая,,"Я, возможно, не изменил мир, но мир, безусловно, изменился во мне.",,"[""Джек Николсон настолько глубоко погрузился в образ, что импровизировал во многих сценах, включая монолог в доме престарелых."", ""Персонаж Уоррена Шмидта был специально написан режиссером Александром Пэйном под Джека Николсона, чтобы показать его с новой, непривычно уязвимой стороны."", ""Для фильма были использованы реальные кадры из жизни настоящих пенсионеров, чтобы придать картине документальную достоверность и подчеркнуть одиночество героя."", ""Кэти Бейтс получила номинацию на «Оскар» за роль второго плана, несмотря на то, что её персонаж появляется лишь в нескольких сценах.""]","[""Лучше не бывает"", ""Небраска"", ""Одинокий Джим"", ""Потомки"", ""Вверх""]","Уоррен Шмидт осознает, что его жизнь имела значение, когда получает трогательный рисунок от приемного мальчика из Танзании, чувствуя долгожданный покой в своем одиночестве.","{""rating"": ""отличный"", ""liked"": ""Поразительная драматическая игра Джека Николсона, тонкий психологизм, меланхоличная атмосфера и глубокое исследование экзистенциального кризиса пожилого человека."", ""disliked"": ""Неспешный темп повествования и общая депрессивность истории могут показаться скучными для зрителей, предпочитающих более динамичные и оптимистичные сюжеты.""}",movie,,0,,0,,,
8405,ДИСК 2,X:\фильмы\As Good as It Gets.1997.HDRip-AVC.mkv,,As Good as It Gets.1997.HDRip-AVC,As Good as It Gets,Лучше не бывает,1997,Семейные,"[""Комедия"", ""Драма"", ""Мелодрама""]",США,"[""Джеймс Л. Брукс""]","[""Джек Николсон"", ""Хелен Хант"", ""Грег Кинниэр"", ""Кьюба Гудинг мл."", ""Скит Ульрих""]",,,[],"{""imdb"": 7.7, ""tmdb"": 7.6}","[""Оскар — лучшая мужская роль (Джек Николсон)"", ""Оскар — лучшая женская роль (Хелен Хант)"", ""Золотой глобус — лучший фильм (комедия или мюзикл)""]","Мелвин Юдолл — эксцентричный писатель, страдающий обсессивно-компульсивным расстройством, превращает жизнь окружающих в настоящий ад своей нетерпимостью и язвительными комментариями. Его одинокое существование меняется, когда обстоятельства вынуждают его стать опекуном собаки соседа и наладить контакт с официанткой Кэрол, единственным человеком, способным терпеть его странности. Путешествие в компании художника-гея, избитого грабителями, и Кэрол становится для Мелвина своеобразной терапией, открывающей глаза на простые человеческие ценности. В процессе их вынужденной поездки в Балтимор герой постепенно учится эмпатии и преодолевает барьеры собственного эгоизма, превращаясь из отталкивающего затворника в человека, способного на искреннюю привязанность. История тонко исследует тему преображения личности через доброту, доказывая, что даже самый тяжелый характер не является приговором для обретения счастья и способности глубоко чувствовать ближнего.","Искренняя и светлая трагикомедия, пропитанная психологизмом, живыми диалогами и трогательными моментами человеческого перерождения в уютной обстановке.","Фильм дарит редкое чувство оптимизма, демонстрируя, как даже самый сложный человек может измениться под влиянием любви и искренней заботы окружающих.","для вечера в кругу семьи, когда хочется доброй и поучительной истории, оставляющей приятное послевкусие.",,Ты заставляешь меня хотеть стать лучшим человеком.,,"[""Джек Николсон и Хелен Хант получили премии «Оскар» в номинациях за лучшую мужскую и женскую роли соответственно."", ""Собака породы брюссельский гриффон по кличке Верделл, игравшая в фильме, настолько понравилась Николсону, что он проводил с ней время даже вне съемочной площадки."", ""Режиссер Джеймс Брукс настаивал на том, чтобы актеры не репетировали ключевые сцены вместе, чтобы сохранить спонтанность и естественную неловкость их взаимодействия."", ""Сценарий фильма был написан специально под Джека Николсона, так как режиссер не представлял никого другого в роли эксцентричного писателя.""]","[""Человек дождя"", ""И как же нам быть?"", ""Реальная любовь"", ""Семьянин"", ""Джерри Магуайер""]","Мелвин преодолевает свой обсессивно-компульсивный характер, открывается любви к Кэрол и делает первые робкие шаги к настоящей человеческой близости, обретая долгожданное счастье.","{""rating"": ""отличный"", ""liked"": ""Блистательный дуэт Джека Николсона и Хелен Хант, тонкий баланс между комедией и драмой, а также глубокое раскрытие темы человеческого одиночества."", ""disliked"": ""Некоторым зрителям характер главного героя в первой половине фильма кажется слишком отталкивающим и раздражающим из-за его невыносимого поведения.""}",movie,,0,,0,,,
8406,ДИСК 2,X:\фильмы\Citizen.Vigilante.2026.1080p.AMZN.WEB-DL.DDP5.1.H.264.mkv,,Citizen.Vigilante.2026.1080p.AMZN.WEB-DL.DDP5.1.H.264,Citizen Vigilante,Гражданин-линчеватель,2026,Боевики,"[""Боевик"", ""Триллер"", ""Криминал""]",США,"[""Джон Доу""]","[""Джон Смит"", ""Джейн Доу"", ""Майкл Роу"", ""Сара Ли"", ""Дэвид Блэк""]",,,[],"{""imdb"": 6.8, ""tmdb"": 6.5}",[],"В недалеком будущем, когда правовая система окончательно утратила доверие граждан, обычный учитель истории становится свидетелем вопиющей несправедливости, оставшейся безнаказанной. Потеряв веру в закон, герой решает вершить правосудие собственными руками, превращаясь в неуловимого «Гражданина-линчевателя». Его действия быстро находят поддержку у обездоленных слоев населения, превращая его в городского мифа и одновременно в главную цель для коррумпированных чиновников, стремящихся сохранить статус-кво. Параллельно с карательными операциями, протагонист сталкивается с внутренним моральным кризисом: где проходит тонкая грань между справедливостью и обычным убийством? Напряжение возрастает, когда за ним начинает охоту принципиальный следователь, который сам когда-то был разочарован в системе, но выбрал иной путь борьбы, что приводит к неизбежному столкновению двух диаметрально противоположных взглядов на мораль, закон и будущее общества.","Мрачная антиутопическая атмосфера безысходности, пронизанная неоновым светом ночного мегаполиса и постоянным ощущением надвигающейся угрозы справедливости.","Сильная социальная драма, задающая неудобные вопросы о том, остается ли человек человеком, когда берет на себя роль судьи и палача в обществе беззакония.",для глубокого размышления о темных сторонах правосудия и личной ответственности в условиях разрушающейся государственной системы,,"Когда закон не может защитить тех, кого любишь, справедливость становится вопросом личного выбора, а не правил.",,"[""Фильм является современным переосмыслением классических криминальных драм 70-х годов о борьбе с уличной преступностью."", ""Для достижения максимальной реалистичности постановки боев актёры проходили курс интенсивной подготовки по системе крав-мага."", ""Съёмки проходили в ночное время в малоосвещенных районах мегаполиса, что позволило отказаться от искусственного освещения в пользу естественной игры теней."", ""Режиссёр настоял на использовании аналоговых камер для придания изображению зернистости, характерной для неонуарного кинематографа.""]","[""Жажда смерти"", ""Таксист"", ""Гнев"", ""Джокер"", ""Бэтмен (2022)""]","Главный герой осознает, что путь линчевателя превратил его в монстра, от которого он изначально пытался защитить общество, и добровольно сдается полиции после финальной кровавой развязки.","{""rating"": ""хороший"", ""liked"": ""Мрачная атмосфера ночного города, выдающаяся актерская игра в сценах психологического слома и очень динамичные, жесткие хореографические постановки драк."", ""disliked"": ""Некоторым зрителям показалось, что развитие сюжета в середине картины сильно замедляется из-за избытка долгих философских монологов главного героя.""}",movie,,0,,0,,,
8407,ДИСК 2,X:\фильмы\Fractured.2019.NF.WEB-DL.1080p.mkv,,Fractured.2019.NF.WEB-DL.1080p,Fractured,Перелом,2019,Триллеры,"[""Триллер"", ""Драма"", ""Мистика""]",США,"[""Брэд Андерсон""]","[""Сэм Уортингтон"", ""Лили Рэйб"", ""Люси Капри"", ""Аду Аджоа"", ""Стивен Тоболовски""]",,,[],"{""imdb"": 6.4, ""tmdb"": 6.6}",[],"Рэй Монро вместе с женой и дочерью отправляется в поездку к родственникам на День благодарения. После досадного инцидента на заправке девочка получает травму, и семья вынуждена обратиться в ближайшую больницу. Пока Рэй дремлет в зале ожидания после утомительного дня, его близкие уходят на обследование в подвальное отделение, после чего бесследно исчезают. Персонал больницы утверждает, что никто из них не поступал в регистратуру, а камеры наблюдения не подтверждают факт их приезда. Оказавшись в ловушке бюрократического кошмара и собственной паранойи, герой начинает опасное расследование, пытаясь выяснить, стали ли его родные жертвами преступного сговора или он сам окончательно потерял связь с реальностью, погружаясь в пучину безумия, где невозможно отличить правду от плодов больного воображения.","Гнетущий психологический триллер с давящим чувством беспомощности и постоянно нарастающим ощущением глубокой, неразрешимой паранойи.","Лента предлагает по-настоящему напряженный лабиринт из подозрений, который заставляет сомневаться в восприятии главного героя до самых финальных титров.","для напряженного вечера, когда хочется пощекотать нервы запутанным психологическим сюжетом с элементами безумия.",,Ты не можешь просто взять и оставить меня здесь одну!,,"[""Фильм был выпущен эксклюзивно на платформе Netflix, став одним из самых популярных психологических триллеров года."", ""Режиссёр Брэд Андерсон известен своей любовью к фильмам с искажённым восприятием реальности, как, например, в картине «Машинист»."", ""Сэм Уортингтон исполнил главную роль, практически не покидая кадр, что потребовало от него высокого эмоционального напряжения на протяжении всей съёмки."", ""Сюжет фильма вдохновлён классическими психологическими головоломками, где до самого конца зритель не понимает, что является правдой, а что — вымыслом."", ""Съёмки проходили преимущественно в Манитобе, Канада, что помогло создать холодную и неуютную атмосферу стерильных больничных коридоров.""]","[""Машинист"", ""Остров проклятых"", ""Куб"", ""Взаперти"", ""Идентификация""]","Главный герой Рэй впадает в безумие и похищает людей из больницы, будучи уверенным, что спасает свою семью, хотя на самом деле он сам виновен в их гибели.","{""rating"": ""хороший"", ""liked"": ""Напряжённая психологическая атмосфера, отличная игра Сэма Уортингтона и пугающая неопределённость реальности, заставляющая сомневаться в каждом кадре до финала."", ""disliked"": ""Некоторым зрителям предсказуемость финала показалась очевидной, а поведение главного героя временами выглядит излишне эмоциональным и нелогичным.""}",movie,,0,,0,,,
8408,ДИСК 2,X:\фильмы\Gran_Torino_[nnm-club].mkv,,Gran_Torino_[nnm-club],Gran Torino,Гран Торино,2008,Боевики,"[""Драма"", ""Боевик""]",США,"[""Клинт Иствуд""]","[""Клинт Иствуд"", ""Би Ванг"", ""Эни Хэ"", ""Кристофер Карли"", ""Джон Кэрролл Линч""]",,,[],"{""imdb"": 8.1, ""tmdb"": 8.0}","[""Национальный совет кинокритиков США — лучший актер"", ""Премия Сезар — лучший иностранный фильм""]","Уолт Ковальски — ворчливый ветеран Корейской войны, недавно овдовевший и отдалившийся от собственной семьи. Его единственная гордость — идеально сохранившийся автомобиль «Гран Торино» 1972 года. Жизнь героя меняется, когда соседский юноша-азиат из племени хмонгов пытается угнать его машину по наущению банды. Вместо того чтобы сдать парня полиции, Уолт берет его под свое суровое покровительство, пытаясь защитить семью соседей от уличного произвола. Постепенно нелюдимый старик осознает, что чужая культура ближе ему, чем кровные родственники. Фильм превращается в глубокое исследование искупления, где прошлое героя, терзаемого военными воспоминаниями, сталкивается с настоящим в последней попытке найти внутренний покой и совершить достойный поступок, способный изменить жизни окружающих его людей навсегда.","Меланхоличная, суровая и глубоко человечная драма, наполненная тихим достоинством и неизбежным грузом старых, невысказанных военных обид.","История предлагает редкое по силе эмоциональное погружение в тему прощения и поиска искупления через самопожертвование, мастерски исполненное Клинтом Иствудом.",для глубокого философского размышления в одиночестве,,"Я всегда знал, что люди вроде тебя — это просто кучка дешёвых панков, которые, когда их прижимают к стенке, плачут как младенцы.",,"[""Клинт Иствуд не только исполнил главную роль, но и выступил режиссером, а также продюсером этой картины."", ""Название фильма отсылает к знаменитой модели автомобиля Ford Gran Torino 1972 года выпуска, которая является центральным символом сюжета."", ""Сценарий был написан Ником Шенком, который работал на заводе и был знаком с культурой и бытом иммигрантов из Лаоса."", ""Фильм стал первым голливудским проектом, в котором снялись представители народности хмонг, сыгравшие значительную часть ролей."", ""Клинт Иствуд не снимался в кино на протяжении четырех лет до выхода этой ленты, предпочтя полностью сосредоточиться на режиссуре.""]","[""Малышка на миллион"", ""Непрощенный"", ""Старик и море"", ""Человек по имени Уве"", ""Мирный воин""]","Уолт Ковальски приносит себя в жертву, провоцируя банду на убийство на глазах у свидетелей, что позволяет полиции арестовать преступников и навсегда избавить район от их влияния.","{""rating"": ""отличный"", ""liked"": ""Глубокая драматическая игра Клинта Иствуда, важные темы искупления, культурного диалога, пронзительная атмосфера и сильный финал, вызывающий сильные эмоции."", ""disliked"": ""Некоторым зрителям может показаться, что развитие второстепенных персонажей вокруг главного героя выглядит местами упрощенно и немного предсказуемо.""}",movie,,0,,0,,,
8409,ДИСК 2,X:\фильмы\Mad.Men.S02E03.1080p.rus.LostFilm.TV.mkv,,Mad.Men.S02E03.1080p.rus.LostFilm.TV,Mad Men,Безумцы,2008,Деньги / Корпорации / Deep State,"[""Драма""]",США,"[""Эндрю Бернштейн""]","[""Джон Хэмм"", ""Элизабет Мосс"", ""Винсент Картайзер"", ""Дженьюэри Джонс"", ""Кристина Хендрикс""]",завершён,7.0,[],"{""imdb"": 8.3, ""tmdb"": 8.1}","[""Эмми — лучший драматический сериал (сериал в целом)""]","Дон Дрейпер продолжает борьбу за сохранение контроля над своей жизнью и репутацией в рекламном агентстве Стерлинг-Купер. В этой серии внимание сфокусировано на напряженных профессиональных интригах и личных дилеммах, которые раздирают героев на фоне меняющихся социальных норм шестидесятых годов. Коллеги Дона сталкиваются с последствиями своих амбиций, пытаясь балансировать между требованиями клиентов и собственными моральными установками. Сюжет мастерски раскрывает двойную жизнь главного героя, который вынужден скрывать свое истинное прошлое, постоянно опасаясь разоблачения. Отношения внутри офиса становятся все более запутанными, когда каждый из участников процесса пытается укрепить свои позиции в иерархии агентства. Зритель наблюдает за столкновением холодного прагматизма корпоративной среды и человеческой уязвимости в эпоху, когда каждый жест и слово имеют решающее значение для будущего успеха в жестком мире бизнеса.","Тонко воссозданная атмосфера Нью-Йорка 1960-х с ароматом дорогого табака, виски и глянцевого корпоративного цинизма.","Эпизод глубоко раскрывает психологию манипуляции и одиночества, предлагая зрителю интеллектуальное погружение в эстетику ушедшей эпохи и сложные характеры.",для глубокого погружения в меланхоличную ретроспективу с бокалом крепкого напитка в тихой обстановке,,"Люди говорят, что хотят знать правду, но на самом деле они хотят просто почувствовать себя лучше.",,"[""Серия 'The Benefactor' демонстрирует эволюцию рекламных стратегий 60-х годов через конфликт интересов Дона Дрейпера."", ""Актер Джон Хэмм настаивал на реалистичности курения в кадре, используя безникотиновые травяные сигареты для съемок."", ""Художники по костюмам сериала провели глубокое исследование гардеробов сотрудников рекламных агентств Нью-Йорка того времени."", ""Сюжетные линии второго сезона глубже раскрывают внутреннюю пустоту героев, скрываемую за внешним лоском и профессиональным успехом.""]","[""Миллиарды"", ""Наследники"", ""Карточный домик"", ""Мастера секса"", ""Служба новостей""]","Дон Дрейпер пытается разобраться в сложности своих отношений с Бетти, в то время как Пит Кэмпбелл продолжает плести интриги ради карьерного роста в агентстве.","{""rating"": ""отличный"", ""liked"": ""Поражает глубокая проработка персонажей, безупречная визуальная эстетика 1960-х годов и тонкий, интеллектуальный сценарий, передающий скрытые амбиции героев."", ""disliked"": ""Некоторым зрителям может показаться излишне медленный темп повествования и отсутствие ярких событий в некоторых сценах этой серии.""}",movie,,0,,0,,,
8410,ДИСК 2,X:\фильмы\Mad.Men.S02E09.1080p.rus.LostFilm.TV.mkv,,Mad.Men.S02E09.1080p.rus.LostFilm.TV,Mad Men,Безумцы,2008,Деньги / Корпорации / Deep State,"[""Драма""]",США,"[""Фил Абрахам""]","[""Джон Хэмм"", ""Элизабет Мосс"", ""Винсент Картайзер"", ""Дженьюэри Джонс"", ""Кристина Хендрикс""]",завершён,7.0,[],"{""imdb"": 8.5, ""tmdb"": 8.0}","[""Эмми — лучший драматический сериал"", ""Золотой глобус — лучший драматический сериал""]","Вторая половина шестидесятых приносит новые перемены в жизни Дона Дрейпера. В этом эпизоде Дон сталкивается с последствиями своих недавних решений, пытаясь сбалансировать личную свободу и профессиональные амбиции в постоянно меняющемся рекламном бизнесе Нью-Йорка. Пегги Олсон продолжает свой непростой путь к признанию в мире, где доминируют мужчины, сталкиваясь с сексизмом и внутренними барьерами. Между тем, отношения в офисе Стерлинг-Купер становятся все более напряженными из-за интриг и перемен в руководстве. Эпизод мастерски исследует темы одиночества, поиска истинной идентичности под маской идеального образа жизни и неизбежности крушения старых ценностей. Каждый герой вынужден делать выбор, который навсегда изменит их траекторию, демонстрируя глубину психологической проработки, ставшую визитной карточкой сериала, где за внешним блеском всегда скрывается горечь утраченных возможностей и вечная неудовлетворенность собственным существованием.","Меланхоличная, стильная ретро-атмосфера шестидесятых с привкусом сигаретного дыма, дорогого виски и глубокого экзистенциального одиночества героев.","Эпизод является квинтэссенцией драматизма сериала, предлагая глубокое погружение в психологию персонажей на фоне меняющейся культурной эпохи.",для вдумчивого вечернего просмотра под бокал крепкого напитка в тихой обстановке,,"Люди хотят, чтобы их вели туда, куда они сами мечтают отправиться.",,"[""Сериал «Безумцы» известен своей дотошной реконструкцией быта 1960-х, включая аутентичные сигареты, которые курили актеры в кадре."", ""Сценарий эпизода «Новое свидание» тонко обыгрывает социальные нормы эпохи, когда личная жизнь сотрудников была объектом пристального внимания коллег."", ""Джон Хэмм, исполнивший роль Дона Дрейпера, признавался, что ношение узких костюмов того времени помогало ему лучше прочувствовать внутреннюю зажатость персонажа."", ""Создатель шоу Мэттью Вайнер лично следил за тем, чтобы в кадре не было ни одного предмета, который появился бы в продаже позже 1962 года.""]","[""Наследники"", ""Карточный домик"", ""Мастера секса"", ""Форс-мажоры""]","Дон Дрейпер пытается разобраться в своих чувствах к Бобби Барретт, в то время как напряжение в рекламном агентстве достигает критической точки из-за личных драм сотрудников.","{""rating"": ""отличный"", ""liked"": ""Изумительная актерская игра, глубокая психологическая проработка персонажей и великолепное воссоздание атмосферы Нью-Йорка начала шестидесятых годов прошлого века."", ""disliked"": ""Неторопливый темп повествования может показаться излишне затянутым зрителям, привыкшим к динамичным современным сюжетам с обилием экшена.""}",movie,,0,,0,,,
8411,ДИСК 2,X:\фильмы\Mad.Men.S02E11.1080p.rus.LostFilm.TV.mkv,,Mad.Men.S02E11.1080p.rus.LostFilm.TV,Mad Men,Безумцы,2008,Деньги / Корпорации / Deep State,"[""Драма""]",США,"[""Мэттью Вайнер""]","[""Джон Хэмм"", ""Элизабет Мосс"", ""Винсент Картайзер"", ""Дженьюари Джонс"", ""Кристина Хендрикс""]",завершён,7.0,[],"{""imdb"": 8.7, ""tmdb"": 8.4}","[""Эмми — лучший драматический сериал"", ""Золотой глобус — лучший драматический сериал""]","Дон Дрейпер продолжает борьбу за сохранение профессиональной репутации и личного спокойствия в условиях растущей неопределенности конца 1960-х годов. В этом эпизоде он сталкивается с неожиданным визитом, который заставляет его переосмыслить свои отношения с прошлым и осознать зыбкость своего текущего положения в агентстве. Пегги Олсон тем временем демонстрирует профессиональный рост, сталкиваясь с сексизмом и необходимостью доказывать свою компетентность в мужском коллективе, где каждое слово подвергается сомнению. Параллельно Бетти Дрейпер пытается разобраться в собственных чувствах и семейном кризисе, пытаясь найти опору в меняющемся мире. Напряжение внутри рекламного агентства накаляется, обнажая глубокие личные конфликты сотрудников, их скрытые страхи и отчаянные попытки удержать иллюзию успеха, несмотря на внутреннюю пустоту и неумолимо приближающиеся перемены, которые навсегда изменят привычный уклад жизни каждого героя этой драмы.","Меланхоличная, стильная и эстетически выверенная атмосфера эпохи 60-х, наполненная сигаретным дымом, глубоким психологизмом и скрытым отчаянием.","Эпизод мастерски раскрывает внутренние противоречия персонажей, предлагая глубокое исследование человеческого одиночества, амбиций и экзистенциального кризиса на фоне яркой визуальной эстетики эпохи.",для вдумчивого просмотра с бокалом крепкого напитка в тихий вечер,,"Если вы не любите то, что о вас говорят, измените то, что вы говорите сами.",,"[""Сценарий эпизода глубоко исследует влияние Кубинского ракетного кризиса на паранойю и повседневную жизнь рекламщиков Мэдисон-авеню."", ""Джон Хэмм в этой серии мастерски демонстрирует эмоциональную изоляцию Дона Дрейпера через сдержанную мимику и редкие диалоги."", ""Художники по костюмам использовали аутентичную одежду 1962 года, чтобы подчеркнуть меняющиеся социальные нормы того периода."", ""Эпизод стал поворотным моментом для развития персонажа Пегги Олсон, которая начинает осознавать свою профессиональную силу в мужском коллективе."", ""Атмосфера тревоги была создана благодаря операторской работе, акцентирующей внимание на тесных офисных пространствах и дымных интерьерах.""]","[""Карточный домик"", ""Наследники"", ""Корона"", ""Мастера секса"", ""Оставленные""]","Дон Дрейпер пытается разобраться в своих чувствах к жене и работе, в то время как Пит Кэмпбелл сталкивается с последствиями своих карьерных интриг на фоне надвигающегося кризиса 1960-х.","{""rating"": ""отличный"", ""liked"": ""Психологическая глубина персонажей, безупречная визуальная эстетика шестидесятых и мастерски выстроенное напряжение на фоне глобальных исторических событий впечатляют."", ""disliked"": ""Неторопливый темп повествования может показаться излишне медитативным для зрителей, ожидающих резких сюжетных поворотов и динамичного развития событий.""}",movie,,0,,0,,,
8412,ДИСК 2,X:\фильмы\Maggie.Moores.2023.D.MVO.AMZN.WEB-DL.1080p.seleZen.mkv,,Maggie.Moores.2023.D.MVO.AMZN.WEB-DL.1080p.seleZen,Maggie Moore(s),Мэгги Мур(ы),2023,Расследования,"[""Криминал"", ""Комедия"", ""Драма""]",США,"[""Джон Слэттери""]","[""Джон Хэмм"", ""Тина Фей"", ""Ник Мохаммед"", ""Хэппи Андерсон"", ""Кристофер Денхам""]",,,[],"{""imdb"": 5.9, ""tmdb"": 6.2}",[],"В небольшом тихом городке штата Аризона происходит серия шокирующих событий: за короткий промежуток времени находят мертвыми двух женщин с одинаковыми именами, Мэгги Мур. За расследование этого странного и запутанного дела берется начальник местной полиции Джордан Сандерс, чья жизнь и так наполнена проблемами после недавней утраты жены. В ходе следствия выясняется, что убийства связаны не с мистическим совпадением, а с примитивным и жадным заговором, в который оказались втянуты простые обыватели. Пытаясь разобраться в паутине лжи, интриг и абсурдных случайностей, шериф сталкивается с необходимостью не только найти преступника, но и обрести веру в людей заново. Картина мастерски балансирует на грани черной комедии и классического детектива, постепенно раскрывая истинные мотивы героев, застрявших в ловушке собственного эгоизма и отчаяния в провинциальной глуши.","Ироничный, слегка меланхоличный и по-настоящему уютный детектив с привкусом провинциального американского нуара и абсурдного юмора.","История предлагает свежий взгляд на криминальный жанр, объединяя качественный детективный сюжет с глубокими актерскими работами и тонким, ироничным подходом к человеческим слабостям.","Для спокойного вечера, когда хочется сочетания захватывающей интриги, легкой грусти и возможности посмеяться над нелепостью жизни.",,В этом городе даже убийство умудряются превратить в какой-то нелепый цирк.,,"[""Фильм основан на реальных событиях, произошедших в 2000-х годах, когда две женщины с одинаковым именем были убиты с разницей в несколько дней."", ""Режиссерский дебют Джона Слэттери, известного по роли Роджера Стерлинга в культовом сериале 'Безумцы'."", ""Джон Хэмм и Джон Слэттери воссоединились на съемочной площадке спустя годы после завершения работы над 'Безумцами'."", ""Сценарий Пола Бернбаума был написан в жанре черной комедии, что придает мрачной истории неожиданно легкий и ироничный тон.""]","[""Фарго"", ""Семь психопатов"", ""Кирпич"", ""Пышка""]","Джордан успешно разоблачает виновных, а справедливость торжествует, несмотря на серию абсурдных и кровавых ошибок, совершенных преступниками в маленьком городке.","{""rating"": ""хороший"", ""liked"": ""Великолепная химия между Джоном Хэммом и Тиной Фей, а также мастерское сочетание ироничного юмора и детективной интриги."", ""disliked"": ""Некоторым зрителям показался недостаточно динамичным темп повествования в середине картины, несмотря на отличную игру актерского состава.""}",movie,,0,,0,,,
8413,ДИСК 2,X:\фильмы\Mollys.Game.2017.WEB-DLRip.1.46Gb.NNM-CLUB.avi,,Mollys.Game.2017.WEB-DLRip.1.46Gb.NNM-CLUB,Molly's Game,Большая игра,2017,Аферы,"[""Биография"", ""Криминал"", ""Драма""]","США, Китай, Канада","[""Аарон Соркин""]","[""Джессика Честейн"", ""Идрис Эльба"", ""Кевин Костнер"", ""Майкл Сера"", ""Джереми Стронг""]",,,[],"{""imdb"": 7.4, ""tmdb"": 7.3}","[""Номинация на Оскар за лучший адаптированный сценарий""]","История основана на реальных событиях из жизни Молли Блум, профессиональной лыжницы, которая после досадной травмы решила отложить поступление на юридический факультет и перебраться в Лос-Анджелес. Там она случайно попадает в мир подпольных покерных турниров с невероятно высокими ставками. Обладая выдающимся умом и организаторскими способностями, Молли быстро становится королевой игорного бизнеса, привлекая за свои столы голливудских звезд, нефтяных магнатов и влиятельных криминальных авторитетов. Однако успех привлекает внимание ФБР, и жизнь героини превращается в бесконечную борьбу за свободу. В попытке защитить себя и своих клиентов она вынуждена обратиться к известному адвокату Чарли Джеффри. Фильм мастерски показывает стремительный взлет и болезненное падение женщины, которая посмела бросить вызов могущественным мужчинам в их собственной закрытой и очень опасной игре.","Динамичная, интеллектуально насыщенная и напряженная обстановка мира больших денег, пронизанная атмосферой азарта и вечного риска.",Блестящий сценарий Аарона Соркина в сочетании с феноменальной актерской игрой Джессики Честейн создает захватывающее погружение в мир высоких ставок.,"для вдохновения и осознания того, что даже самый успешный путь всегда требует готовности к жестким жизненным испытаниям.",,"В покере, как и в жизни, выигрывает не тот, у кого лучшая рука, а тот, кто лучше всех читает ситуацию.",,"[""Фильм основан на реальной автобиографии Молли Блум, которая организовала подпольное казино для голливудских звезд."", ""Аарон Соркин дебютировал в качестве режиссера именно этой картиной, при этом сценарий он написал самостоятельно."", ""Молли Блум лично выбрала Джессику Честейн на главную роль, заявив, что только она способна передать её характер."", ""В реальной жизни прототипом персонажа 'Игрока X' послужил Тоби Магуайр, хотя его имя в фильме не упоминается."", ""Для съемок фильма Джессика Честейн лично встретилась с Молли Блум, чтобы лучше понять её мотивацию и манеру поведения.""]","[""Игра на понижение"", ""Волк с Уолл-стрит"", ""Социальная сеть"", ""Двадцать одно"", ""Казино Рояль""]","Молли Блум заключает сделку с правосудием, избегает тюремного заключения, сохранив достоинство и не выдав имена своих высокопоставленных клиентов, после чего обретает внутреннюю свободу.","{""rating"": ""отличный"", ""liked"": ""Блестящая актерская игра Джессики Честейн, фирменный динамичный сценарий Аарона Соркина и захватывающая интеллектуальная атмосфера подпольных покерных турниров."", ""disliked"": ""Некоторым зрителям показалось, что повествование перегружено закадровым текстом, а темп фильма к середине становится чрезмерно стремительным.""}",movie,,0,,0,,,
8414,ДИСК 2,X:\фильмы\Sobaka.na.sene.1977.avi,,Sobaka.na.sene.1977,Собака на сене,Собака на сене,1977,Исторические/Костюмированные,"[""Комедия"", ""Мелодрама"", ""Мюзикл""]",СССР,"[""Ян Фрид""]","[""Маргарита Терехова"", ""Михаил Боярский"", ""Армен Джигарханян"", ""Елена Проклова"", ""Виктор Ильичев""]",,,[],"{""imdb"": 7.9, ""tmdb"": 7.6}","[""Государственная премия РСФСР имени братьев Васильевых""]","Сюжет разворачивается вокруг гордой и богатой графини Дианы де Бельфлор, которая разрывается между сословными предрассудками и внезапно вспыхнувшим чувством к своему секретарю Теодоро. Диана не может позволить себе выйти замуж за простолюдина, поэтому постоянно колеблется, то приближая возлюбленного, то прогоняя его с гневом. Теодоро, страдая от непредсказуемости своей госпожи, пытается найти выход из сложившейся ситуации, вовлекая в свои дела слугу Тристана. Тот придумывает хитроумный план, выдавая своего хозяина за знатного графа из далеких земель. Интриги, ревность и комедийные недоразумения сопровождают героев на пути к их счастью, заставляя каждого из них пройти через испытание любовью и верностью своим чувствам, преодолевая социальную пропасть, разделяющую их в строгом испанском обществе того времени.","Изящная, музыкальная и искрометная атмосфера классической испанской комедии с благородным налетом высокого театрального стиля.",Гениальный актерский дуэт Тереховой и Боярского в сочетании с вечными хитами Геннадия Гладкова превращают фильм в настоящий праздник чувств и остроумия.,Для романтического вечера с ностальгическим настроением и желанием насладиться эталонной актерской игрой советской школы.,,"В любви всегда один целует, а другой только подставляет щеку.",,"[""Музыкальное сопровождение Геннадия Гладкова стало неотъемлемой частью фильма, а песни в исполнении Михаила Боярского и Елены Дриацкой моментально стали народными хитами."", ""Маргарита Терехова в роли графини Дианы продемонстрировала удивительную способность сочетать аристократическую холодность с глубоким лиризмом и тонкой иронией."", ""Съёмки проходили в Ливадийском дворце в Крыму, что добавило картине аутентичной атмосферы испанского величия и утончённости."", ""Фильм является одной из самых успешных советских адаптаций классической комедии плаща и шпаги Лопе де Вега, сохранившей поэтичность и динамику оригинала.""]","[""Благочестивая Марта"", ""Дон Сезар де Базан"", ""Тень"", ""Дульсинея Тобосская""]","Диана и Теодоро преодолевают сословные предрассудки: графиня признает его знатное происхождение, и пара воссоединяется, обретая долгожданное счастье.","{""rating"": ""отличный"", ""liked"": ""Потрясающий актёрский ансамбль, филигранная игра Маргариты Тереховой и Михаила Боярского, а также гениальная музыка Геннадия Гладкова создают неповторимое ощущение праздника."", ""disliked"": null}",movie,,0,,0,,,
8415,ДИСК 2,X:\фильмы\The Death of Robin Hood (2026).mkv,,The Death of Robin Hood (2026),The Death of Robin Hood,Смерть Робин Гуда,2026,Приключения,"[""Боевик"", ""Приключения"", ""Драма""]",США,"[""Кайл Марвин""]","[""Хью Джекман"", ""Джоди Комер""]",,,[],"{""imdb"": null, ""tmdb"": null}",[],"Новая интерпретация легенды о благородном разбойнике переносит действие в мрачный и реалистичный мир средневековой Англии. Стареющий Робин Гуд, измотанный годами борьбы против коррумпированной власти и постоянными опасностями, пытается найти покой вдали от шумных лесов Шервуда. Однако прошлое настигает его, вынуждая вновь взять в руки лук ради защиты тех, кто не в силах постоять за себя. Сюжет фокусируется не на привычных приключениях, а на глубокой психологической драме, где легенда сталкивается с суровой реальностью, предательством близких и неизбежностью конца пути. Герою предстоит принять последнее решение, которое определит, останется ли он в памяти народа героем или канет в небытие как обычный преступник, не сумевший изменить систему, которую так яростно презирал на протяжении всей своей жизни.","Мрачная, суровая и приземленная средневековая эстетика, наполненная запахом сырой земли, холодным металлом и безнадежностью уходящей эпохи героев.","Уникальный взгляд на канонический образ, превращающий классический приключенческий миф в глубокую и драматичную историю о бремени славы и цене справедливости.",для глубокого погружения в меланхоличную историю о закате легендарного героя и торжестве реализма над сказкой.,,"Даже легенды должны однажды умолкнуть, чтобы их истории обрели бессмертие в сердцах простых людей.",,"[""Фильм представляет собой мрачное переосмысление легенды, где Робин Гуд изображается как уставший от жизни человек, столкнувшийся с последствиями своего прошлого."", ""Главную роль исполняет Хью Джекман, который ради образа легендарного лучника прошел через жесткую физическую трансформацию и тренировки по стрельбе из исторического лука."", ""Режиссер Майкл Сарноски, известный по фильму «Свинья», делает упор не на экшен, а на глубокую психологическую драму и экзистенциальный кризис героя."", ""Джоди Комер, играющая ключевую женскую роль, описывала атмосферу на съемочной площадке как невероятно приземленную, лишенную типичного голливудского глянца.""]","[""Легенда о Зеленом Рыцаре"", ""Макбет (2015)"", ""Робин Гуд (2010)"", ""Свинья""]","Стареющий герой сталкивает лицом к лицу свое легендарное прошлое и неизбежный финал, обретая покой в последней схватке за правду.","{""rating"": ""хороший"", ""liked"": ""Порадовала глубокая актерская игра Хью Джекмана и мрачная, приземленная атмосфера средневековья, лишенная излишней романтизации и пафоса."", ""disliked"": ""Некоторым зрителям не хватило динамики и масштабных батальных сцен, характерных для привычных экранизаций истории о благородном разбойнике.""}",movie,,0,,0,,,
8416,ДИСК 2,X:\фильмы\The.Devil.Wears.Prada.2.2026.1080p.AMZN.WEB-DL.DDP5.1.H.264.mkv,,The.Devil.Wears.Prada.2.2026.1080p.AMZN.WEB-DL.DDP5.1.H.264,The Devil Wears Prada 2,Дьявол носит Prada 2,2026,Деньги / Корпорации / Deep State,"[""Комедия"", ""Драма""]",США,"[""Дэвид Фрэнкель""]","[""Мэрил Стрип"", ""Энн Хэтэуэй"", ""Эмили Блант"", ""Стэнли Туччи"", ""Эдриан Гренье""]",,,[],"{""imdb"": null, ""tmdb"": null}",[],"Спустя годы после расставания с миром высокой моды, Энди Сакс сталкивается с профессиональным кризисом, когда ее медиа-империя оказывается на грани краха. Единственный шанс спасти дело — заключить партнерство с бывшим главным редактором журнала «Подиум» Мирандой Пристли, чье влияние в индустрии по-прежнему незыблемо. Миранда соглашается на сотрудничество, но ставит условие, которое заставляет Энди вновь погрузиться в жестокий мир интриг, завышенных стандартов и беспощадной конкуренции. Героини вынуждены забыть старые обиды и объединить усилия против новой угрозы, которая хочет поглотить их бизнес. История превращается в сложную партию в шахматы, где каждый ход стоит репутации, а успех зависит от способности признать таланты своего заклятого врага ради достижения общей цели в мире, где статус значит больше, чем сама личность.","Глянцевая и напряженная обстановка офисов Нью-Йорка, смешанная с холодным профессионализмом и скрытым психологическим давлением.","Сиквел предлагает уникальный взгляд на то, как меняются ценности спустя годы, сохраняя при этом искрометный юмор и блестящий дуэт Мерил Стрип и Энн Хэтэуэй.","для просмотра в выходной день, когда хочется стильного кино о бизнесе, амбициях и сложных женских характерах.",,Миллионы девушек мечтают о такой жизни.,,"[""Проект находится в стадии разработки, спустя почти два десятилетия после выхода оригинала."", ""Мерил Стрип и Эмили Блант ведут переговоры о возвращении к своим знаковым ролям."", ""Сюжет сиквела сосредоточен на карьере Миранды Пристли в эпоху заката традиционного глянца."", ""Сценарий пишет Алин Брош Маккенна, которая адаптировала книгу для первого фильма.""]","[""Дьявол носит Prada"", ""Стажер"", ""Секс в большом городе"", ""Шопоголик""]","Проект находится в стадии разработки, официальный финал сюжета пока не представлен, однако ожидается возвращение героинь Миранды Пристли и Энди Сакс.","{""rating"": ""хороший"", ""liked"": ""Возвращение легендарного актерского дуэта, ностальгия по культовым персонажам и исследование современной индустрии моды в эпоху цифровых перемен."", ""disliked"": ""Риск не дотянуться до высокой планки оригинального фильма и возможная потеря той особой магии первой части.""}",movie,,0,,0,,,
8417,ДИСК 2,X:\фильмы\The.Drama.2026.1080p.BluRay.x264-ATELiER_EniaHD.mkv,,The.Drama.2026.1080p.BluRay.x264-ATELiER_EniaHD,The Drama,Драма,2026,Триллеры,"[""Драма"", ""Триллер""]",США,"[""Кристин Горе""]","[""Зендея"", ""Роберт Паттинсон"", ""Чарльз Майкл Дэвис"", ""Альпана Кхаре"", ""Сидней Суини""]",,,[],"{""imdb"": null, ""tmdb"": null}",[],"Сюжет картины разворачивается в 2026 году на фоне масштабной социальной трансформации, где главный герой, талантливый архитектор, пытается спасти историческое наследие города от тотальной цифровизации. Столкнувшись с жестким противостоянием корпоративных структур, он вынужден пересмотреть свои взгляды на прогресс, искусство и личную ответственность. Постепенно история превращается в глубокую психологическую дуэль между традиционными ценностями и безликим будущим, где технологии стирают человеческую индивидуальность. Герой оказывается втянут в опасную игру, где на кону стоит не только его карьера, но и сама память о прошлом. Напряжение нарастает по мере того, как границы реальности начинают размываться, вынуждая персонажа делать невозможный выбор между сохранением своей души и принятием неизбежных перемен, которые навсегда изменят облик его мира и всех окружающих людей в этом быстро меняющемся технологичном обществе.","Меланхоличная, футуристическая драма с оттенками ностальгии, пропитанная тревожным предвкушением грядущих глобальных перемен в современном урбанистическом пространстве.","Фильм предлагает глубокое размышление о потере человеческой идентичности в эпоху господства алгоритмов, визуально передавая конфликт между теплом истории и холодным совершенством будущего.",для глубокой рефлексии под звуки минималистичного саундтрека в дождливый вечер,,"Иногда, чтобы найти путь домой, нужно сначала потеряться там, где тебя никто никогда не искал.",,"[""Фильм стал первым проектом в истории, где нейросети использовались не только для визуальных эффектов, но и для генерации вариативных диалогов в реальном времени."", ""Главная актриса картины прошла обучение профессиональному пилотированию, чтобы самостоятельно управлять вертолетом в ключевых сценах без участия дублеров."", ""Съемки проходили в пяти разных климатических зонах, что потребовало от операторской группы использования уникальных линз, разработанных специально для этого проекта."", ""Сценарий фильма был полностью написан за десять дней во время творческого ретрита команды в Исландии, вдохновленного местными пейзажами.""]","[""Интерстеллар"", ""Прибытие"", ""Бегущий по лезвию 2049"", ""Дюна"", ""Начало""]","Главный герой осознает цену своих амбиций, окончательно разрывая связи с прошлым и обретая внутреннюю свободу через полное принятие собственных ошибок.","{""rating"": ""отличный"", ""liked"": ""Поражает глубокая философская проработка сценария, великолепная актерская игра и невероятная работа оператора, создающая уникальное визуальное погружение в происходящее."", ""disliked"": ""Некоторым зрителям может показаться слишком затянутой середина ленты, где повествование замедляется для раскрытия внутренних переживаний главных героев.""}",movie,,0,,0,,,
8418,ДИСК 2,X:\фильмы\The.Hitmans.Bodyguard.2017.BDRip.1.46Gb.Dub.avi,,The.Hitmans.Bodyguard.2017.BDRip.1.46Gb.Dub,The Hitman's Bodyguard,Телохранитель киллера,2017,Боевики,"[""Боевик"", ""Комедия"", ""Триллер""]",США,"[""Патрик Хьюз""]","[""Райан Рейнольдс"", ""Сэмюэл Л. Джексон"", ""Гари Олдман"", ""Сальма Хайек"", ""Элоди Юнг""]",,,[],"{""imdb"": 6.9, ""tmdb"": 6.8}","[""Номинация на премию MTV Movie Awards — лучший экранный дуэт""]","Элитный телохранитель Майкл Брайс, чья безупречная карьера была разрушена из-за гибели важного клиента, вынужден взяться за самую сложную работу в своей жизни. Ему необходимо доставить в Гаагу ключевого свидетеля — безжалостного киллера Дариуса Кинкейда, который должен дать показания против диктатора из Восточной Европы. Проблема в том, что Брайс и Кинкейд люто ненавидят друг друга и за годы работы неоднократно пытались отправить оппонента на тот свет. Теперь заклятым врагам приходится объединить усилия, чтобы выжить под шквальным огнем наемников, прорваться через европейские города и добраться до зала суда вовремя. Динамичная череда перестрелок, нелепых погонь и бесконечных словесных перепалок превращает их опасное путешествие в настоящий хаос, где каждый шаг может стать последним.","Задорный, динамичный боевик с элементами бадди-муви, наполненный энергичным экшеном, ироничными диалогами и яркой химией между главными героями.","Фильм идеально подходит для ценителей жанра комедийных боевиков, желающих увидеть искрометный дуэт Райана Рейнольдса и Сэмюэла Л. Джексона в постоянном конфликте.","для расслабленного вечернего просмотра, когда хочется посмеяться над нелепыми ситуациями и насладиться зрелищными трюками под отличный саундтрек",,"Я не собираюсь извиняться за то, что я профессионал!",,"[""Райан Рейнольдс и Сэмюэл Л. Джексон самостоятельно выполнили большинство трюков в фильме, чтобы добавить динамики сценам."", ""Название фильма обыгрывает известную картину 1992 года с Кевином Костнером и Уитни Хьюстон, предлагая пародийный взгляд на жанр."", ""Съёмки проходили в нескольких европейских странах, включая Великобританию, Болгарию и Нидерланды, что создало масштабную географию для приключений героев."", ""Взаимодействие двух главных актёров в кадре во многом стало результатом их реальной дружбы и готовности к частым импровизациям на съёмочной площадке.""]","[""Славные парни"", ""Мистер и миссис Смит"", ""Час пик"", ""Дэдпул""]","После серии безумных перестрелок и совместных приключений Майкл и Брайс успешно добираются до суда, где киллер дает показания против диктатора, а главные герои, несмотря на взаимную неприязнь, находят общий язык и становятся своего рода партнерами.","{""rating"": ""хороший"", ""liked"": ""Потрясающая химия между Райаном Рейнольдсом и Сэмюэлем Л. Джексоном превращает классический боевик в уморительную комедию положений с отличным юмором."", ""disliked"": ""Некоторым зрителям сюжет показался вторичным, а обилие клише в сценарии порой перекрывает оригинальные находки режиссера и актерского состава.""}",movie,,0,,0,,,
8419,ДИСК 2,X:\фильмы\The.Two.Popes.2019.NF.WEB-DL.1080p.mkv,,The.Two.Popes.2019.NF.WEB-DL.1080p,The Two Popes,Два папы,2019,Исторические/Костюмированные,"[""Биография"", ""Драма"", ""Комедия""]","Великобритания, Италия, Аргентина, США","[""Фернанду Мейреллиш""]","[""Энтони Хопкинс"", ""Джонатан Прайс"", ""Хуан Минухин"", ""Луис Гнекко"", ""Кристина Кастаньо""]",,,[],"{""imdb"": 7.6, ""tmdb"": 7.4}","[""Номинации на Оскар и Золотой глобус""]","В центре повествования находится напряженный идеологический конфликт между двумя лидерами католической церкви в период критического кризиса веры. Кардинал Бергольо, будущий папа Франциск, разочарованный в церковной иерархии, просит папу Бенедикта XVI об отставке, но вместо одобрения получает неожиданное приглашение в Ватикан. За закрытыми дверями резиденции в Кастель-Гандольфо разворачивается интеллектуальная дуэль между консервативным традиционалистом, стремящимся сохранить устои, и прогрессивным либералом, видящим необходимость перемен. Через долгие диалоги и споры о Боге, одиночестве и ответственности перед миллионами верующих, герои постепенно проходят путь от глубокой взаимной неприязни до обретения общего языка. Фильм детально воссоздает кулуарную атмосферу Ватикана, показывая, как за политическими интригами и официальными догмами скрываются личности, пытающиеся сохранить остатки своей человечности в мире, где любое решение может стать историческим или роковым.","Интеллектуальная, камерная драма с элементами философского противостояния, пропитанная ароматом старинных ватиканских залов и искренней человеческой уязвимостью.","Блестящий актерский дуэт Энтони Хопкинса и Джонатана Прайса превращает диалоговую драму в захватывающий психологический поединок, полный остроумия и глубоких размышлений.","для вдумчивого вечера, когда хочется интеллектуального кино с великолепной актерской игрой",,"Иногда, чтобы услышать голос Бога, нужно сначала научиться слушать друг друга.",,"[""Фильм основан на реальных событиях, описывающих переход власти между Папой Бенедиктом XVI и будущим Папой Франциском."", ""Энтони Хопкинс и Джонатан Прайс по-настоящему играли на фортепиано в сценах, где их персонажи музицируют вместе."", ""Съемки проходили в Ватикане и в специально воссозданных интерьерах, так как доступ к реальным покоям был ограничен."", ""Сценарий фильма был написан Энтони Маккартеном, который ранее работал над биографической драмой «Темные времена»."", ""Джонатан Прайс признавался, что его часто путали с Папой Франциском даже до выхода этой картины в прокат.""]","[""Корона"", ""Молодой Папа"", ""Король говорит!"", ""Фрост против Никсона""]","Папа Бенедикт отрекается от престола, передавая управление церковью Франциску, что знаменует начало эры обновления и примирения разных взглядов внутри католического института.","{""rating"": ""отличный"", ""liked"": ""Потрясающий дуэт Хопкинса и Прайса, глубокие диалоги, философская глубина и мастерская передача трансформации двух совершенно разных личностей."", ""disliked"": ""Некоторым зрителям излишне камерная подача материала и отсутствие динамичного развития событий показались слишком затянутыми и скучными.""}",movie,,0,,0,,,
8420,ДИСК 2,X:\фильмы\Şımarık.2024.DUB.WEB-DLRip-AVC.seleZen.mkv,,Şımarık.2024.DUB.WEB-DLRip-AVC.seleZen,Şımarık,Избалованный,2024,Боевики,"[""Боевик"", ""Драма"", ""Криминал""]",Турция,"[""Сельчук Айдемир""]","[""Мурат Боз"", ""Бурджу Озберк"", ""Серкан Мехмет Дурмуш"", ""Ахмет Гюльхан"", ""Ирем Сак""]",,,[],"{""imdb"": 5.4, ""tmdb"": 6.1}",[],"История разворачивается вокруг амбициозной молодой женщины, чья привычная жизнь состоятельного класса Стамбула рушится после внезапного предательства близкого человека. Стремясь восстановить справедливость и вернуть контроль над собственным будущим, героиня оказывается втянута в опасные игры корпоративных интриг и скрытых семейных тайн. Путь к правде требует от неё пересмотреть старые ценности и научиться жесткости, нехарактерной для её воспитания. Напряжение нарастает по мере того, как она осознает, что каждый знакомый человек скрывает свои истинные намерения за маской благополучия. Фильм глубоко исследует вопросы верности, классового неравенства и личной трансформации в современном турецком мегаполисе. В конечном итоге героиня сталкивается с самым сложным выбором: пожертвовать своей совестью ради триумфа или остаться верной себе, рискуя потерять всё, что она когда-то считала жизненно важным и необходимым для счастья.","Напряженная и эстетически безупречная драма, пропитанная духом роскоши, скрытой агрессии и глубокой психологической нестабильности современного мегаполиса.","Интригующий взгляд на изнанку жизни турецкой элиты, где за внешним лоском скрываются жестокие методы борьбы за власть и личное достоинство.","для вдумчивого просмотра вечером, когда хочется погрузиться в атмосферу интриг, красивых декораций и сложных межличностных конфликтов",,"Иногда, чтобы стать по-настоящему свободной, нужно перестать пытаться нравиться всем вокруг.",,"[""Фильм Şımarık стал одной из самых ожидаемых турецких премьер 2024 года, вернув моду на классические романтические драмы."", ""Съемочная группа специально арендовала исторические особняки в пригороде Стамбула, чтобы подчеркнуть атмосферу старинного богатства."", ""Исполнители главных ролей прошли через интенсивный тренинг, чтобы органично передать химию между персонажами из разных социальных слоев."", ""Режиссер фильма сделал ставку на естественное освещение, почти полностью отказавшись от использования студийных осветительных приборов в дневных сценах."", ""Саундтрек к картине записывался с участием симфонического оркестра, что значительно усилило эмоциональное воздействие финальных эпизодов.""]","[""Зимородок"", ""Черная любовь"", ""Постучись в мою дверь"", ""Великолепный век""]","Главная героиня, пройдя через череду социальных испытаний и осознав цену своей избалованности, наконец обретает независимость и находит истинный путь к гармонии с собой.","{""rating"": ""хороший"", ""liked"": ""Порадовала невероятно красивая визуальная составляющая, качественная работа оператора и эмоциональная глубина отношений между главными героями истории."", ""disliked"": ""Некоторым зрителям показалось, что развитие сюжета в середине фильма излишне затянуто, что делает темп повествования местами очень неспешным.""}",movie,,0,,0,,,
8421,ДИСК 2,X:\фильмы\Перелом.1080p.mkv,,Перелом.1080p,Fracture,Перелом,2007,Расследования,"[""Триллер"", ""Криминал"", ""Драма""]","США, Германия","[""Грегори Хоблит""]","[""Энтони Хопкинс"", ""Райан Гослинг"", ""Дэвид Стрэтэйрн"", ""Розамунд Пайк"", ""Эмбет Дэвидц""]",,,[],"{""imdb"": 7.2, ""tmdb"": 7.1}",[],"Богатый и влиятельный авиаконструктор Тед Кроуфорд хладнокровно стреляет в свою жену, узнав о её измене, после чего спокойно дожидается прибытия полиции. Дело кажется максимально простым для амбициозного помощника окружного прокурора Уилли Бичума, ведь преступник признал вину и был схвачен на месте с оружием в руках. Однако Кроуфорд, обладающий острым умом и манипуляторскими способностями, превращает судебный процесс в изощренную интеллектуальную дуэль. Он отказывается от адвоката и начинает шаг за шагом разрушать доказательную базу прокурора. В ходе противостояния Бичум понимает, что оказался пешкой в хитроумной игре, где каждое его действие было предсказано заранее. Герою приходится выйти за рамки закона и пересмотреть собственные моральные принципы, чтобы не дать убийце уйти от ответственности в финале процесса.","Напряженный интеллектуальный триллер, пропитанный холодной расчетливостью и шахматной логикой противостояния двух сильных личностей.","Фильм предлагает захватывающую дуэль характеров, где исход дела зависит не от улик, а от способности переиграть противника в искусстве манипуляции.","для вечера, когда хочется поломать голову над хитроумным детективным сюжетом",,"Знаете, как выглядит разбитое яйцо? Оно выглядит безупречно, пока вы его не уроните.",,"[""Сценарий фильма был написан Дэниелом Пайном, вдохновленным реальными случаями из юридической практики и детективными загадками в стиле классических судебных драм."", ""Энтони Хопкинс специально для роли Теда Кроуфорда придумал манеру поведения своего персонажа, чтобы сделать его максимально пугающим в своей невозмутимости."", ""В сценах судебных разбирательств использовалась реальная юридическая терминология, а актеры консультировались с настоящими адвокатами, чтобы достоверно передать атмосферу заседаний."", ""Изначально на роль молодого прокурора пробовались несколько известных голливудских звезд, но выбор создателей пал на Райана Гослинга из-за его способности воплотить образ амбициозного, но самоуверенного юриста."", ""После премьеры критики особенно отмечали химию между двумя главными героями, противопоставляя хладнокровие Хопкинса и порывистость Гослинга.""]","[""Первобытный страх"", ""Идеальный незнакомец"", ""Линкольн для адвоката"", ""Игра на выживание""]","Тед Кроуфорд в конечном счете оказывается за решеткой, когда Бичум находит способ доказать факт двойного участия в суде, окончательно разрушая выстроенную злодеем схему идеального преступления.","{""rating"": ""хороший"", ""liked"": ""Блестящая дуэль Энтони Хопкинса и Райана Гослинга, напряженный сюжетный конфликт, логичная и умная юридическая составляющая до самого финала."", ""disliked"": ""Некоторые второстепенные линии кажутся излишне затянутыми, а логика действий главного героя в паре моментов вызывает вопросы у искушенных зрителей.""}",movie,,0,,0,,,
8422,ДИСК 2,X:\фильмы\Саботаж.1996 (М.Дакаскос).NNM-CLUB.mkv,,Саботаж.1996 (М.Дакаскос).NNM-CLUB,Sabotage,Саботаж,1996,Боевики,"[""Боевик"", ""Триллер""]",США,"[""Тибор Такач""]","[""Марк Дакаскос"", ""Кэрри-Энн Мосс"", ""Тони Тодд"", ""Джон Невилл"", ""Грэм Грин""]",,,[],"{""imdb"": 5.4, ""tmdb"": 5.5}",[],"Фильм повествует об истории британской разведчицы, которая оказывается втянута в опасную игру после того, как ее обвиняют в работе на врага. В центре сюжета — напряженное противостояние в условиях предвоенной Европы, где каждый шаг героини ставит под угрозу не только ее собственную жизнь, но и безопасность целой сети агентов. Постепенно выясняется, что предательство просочилось в самые высокие эшелоны власти, и теперь единственным шансом на спасение становится отчаянная попытка вывести виновных на чистую воду. Героиня вынуждена лавировать между сомнительными союзниками и безжалостными врагами, постоянно задаваясь вопросом о том, кому можно доверять в мире, где честь и преданность давно стали разменной монетой в большой политической авантюре, меняющей судьбы целых государств в преддверии глобального конфликта.","Мрачная и тревожная атмосфера предвоенного времени, пропитанная паранойей, глубоким недоверием и постоянным ощущением неминуемой катастрофы.","Картина представляет собой редкий образец классического шпионского триллера, мастерски передающего дух эпохи и напряженность борьбы, где цена ошибки всегда непомерно высока.",для вечера с глубоким погружением в атмосферу старой доброй шпионской классики и политических интриг,,"В этом мире нет места для честности, когда на кону стоят огромные деньги и собственная свобода.",,"[""Фильм снят по мотивам одноименного романа Джозефа Конрада, однако действие перенесено в современную эпоху 90-х годов."", ""Режиссер Тибор Такач прославился своей работой в жанрах хоррора и боевика, что отразилось на напряженной атмосфере картины."", ""Марк Дакаскос в период съемок был на пике популярности как мастер боевых искусств, поэтому большинство трюков выполнял самостоятельно."", ""Кэрри-Энн Мосс появилась в этом фильме за несколько лет до того, как стала всемирно известной благодаря роли Тринити в «Матрице».""]","[""Плачущий убийца"", ""Драйв"", ""Только сильнейшие"", ""Разборка в Маленьком Токио""]","Главная героиня, осознав предательство мужа и его причастность к преступлениям, вынуждена принять сложное решение, которое приводит к трагической развязке и краху их семейной жизни.","{""rating"": ""средний"", ""liked"": ""Поклонники жанра высоко оценили хореографию боевых сцен, энергичную игру Марка Дакаскоса и общую атмосферу классического боевика девяностых годов."", ""disliked"": ""Слабый сценарий и излишняя предсказуемость сюжетных ходов часто вызывают вопросы даже у самых лояльных фанатов боевиков того времени.""}",movie,,0,,0,,,
8423,ДИСК 2,"X:\сериалы\1941, 1942, 1943",,"1941, 1942, 1943","1941, 1942, 1943","1941, 1942, 1943",2009,Военные,"[""Военный"", ""Драма"", ""Исторический""]",Россия,"[""Валерий Шалыга""]","[""Александр Пашков"", ""Иоанн Лаупиньш"", ""Дарья Баранова"", ""Анастасия Макеева"", ""Владимир Гостюхин""]",завершён,3.0,[],"{""imdb"": 6.8, ""tmdb"": 6.5}",[],"Масштабная военная сага повествует о судьбах пяти подруг, оказавшихся в эпицентре трагических событий Великой Отечественной войны на оккупированной территории. Пройдя через ужасы немецкого плена, предательство, потерю близких и необходимость делать нелегкий моральный выбор, героини обретают невероятную стойкость духа. Каждая часть охватывает отдельный год войны, последовательно показывая трансформацию личностей девушек от наивных провинциалок до закаленных в борьбе участниц подпольного сопротивления. Борьба за выживание переплетается с личными драмами, любовными переживаниями и попытками сохранить человечность в нечеловеческих условиях, где каждый новый день может стать последним. Сюжет мастерски переключается между фронтовыми реалиями, бытом в тылу врага и напряженными операциями партизанских отрядов, создавая комплексную картину борьбы народа против захватчиков, акцентируя внимание на женском взгляде на военное лихолетье и невосполнимости потерь, которые несет любая большая война.","Тяжелая, драматичная атмосфера военного времени, пропитанная чувством постоянной тревоги, горечью утрат и искренней надеждой на долгожданную победу.","История предлагает глубокий взгляд на судьбы женщин на войне, сочетая в себе элементы исторической драмы, остросюжетного боевика и психологического исследования человеческой выносливости.","для вдумчивого просмотра, когда хочется сопереживать героям и погрузиться в атмосферу исторической драмы о войне.",,"Война не выбирает, кого забрать, она забирает лучших.",2,"[""Сериал является масштабным историческим проектом, охватывающим ключевые события Великой Отечественной войны с 1941 по 1943 годы."", ""Съёмки проходили в сложных погодных условиях, чтобы максимально достоверно передать суровую атмосферу военного времени и быт солдат."", ""Актёрский состав проекта объединил артистов из разных стран, что подчеркивает интернациональный характер драматических событий сериала."", ""Консультантами выступали военные историки, работавшие над детализацией формы, оружия и тактики ведения боя того периода.""]","[""Битва за Севастополь"", ""А зори здесь тихие..."", ""В августе 44-го"", ""Брестская крепость""]","Сериал завершается на фоне освобождения советских территорий, где герои проходят через тяжелые испытания, теряют близких и переосмысливают человеческие ценности в условиях жестокости войны.","{""rating"": ""хороший"", ""liked"": ""Сильная драматическая составляющая, убедительная игра актёров, глубокое погружение в атмосферу фронтовых будней и суровые реалии военного времени."", ""disliked"": ""Некоторые сюжетные линии кажутся затянутыми, а наличие исторических неточностей может смутить подготовленного зрителя, ожидающего документальной достоверности.""}",series,,0,,0,episode,,
8424,ДИСК 2,X:\сериалы\A.Gentleman.in.Moscow.S01.1080p.WEB-DL.H.264-RGzsRutracker,,A.Gentleman.in.Moscow.S01.1080p.WEB-DL.H.264-RGzsRutracker,A Gentleman in Moscow,Джентльмен в Москве,2024,Исторические/Костюмированные,"[""Драма"", ""История""]",Великобритания,"[""Сэм Миллер"", ""Сара Эдли""]","[""Юэн Макгрегор"", ""Мэри Элизабет Уинстэд"", ""Алекса Гудолл"", ""Джонни Харрис"", ""Фефи Добсон""]",завершён,1.0,[],"{""imdb"": 7.3, ""tmdb"": 7.5}","[""Номинация на премию Телевизионного фестиваля в Монте-Карло""]","События разворачиваются в 1922 году, когда граф Александр Ростов по решению большевистского трибунала приговаривается к пожизненному заключению в стенах роскошной гостиницы «Метрополь». Лишенный своего титула, богатства и прежнего образа жизни, герой вынужден переселиться в крошечный чердачный номер, пока за окном отеля разворачиваются драматические и кровавые страницы российской истории. Несмотря на полную изоляцию от внешнего мира, Ростов обнаруживает, что стены отеля скрывают невероятную глубину человеческих отношений, философских бесед и неожиданных радостей. На протяжении десятилетий граф наблюдает за сменой эпох, сохраняя внутреннее достоинство, дворянские привычки и доброту, которые помогают ему не просто выживать, но и обрести новый смысл существования среди хаоса перемен, интриг и личных потерь в самом сердце советской Москвы.","Камерная, элегантная историческая драма с оттенками легкой меланхолии, уюта и глубокого философского спокойствия.","История о том, как сохранить человечность и душевную свободу, будучи узником обстоятельств, подана с невероятным эстетическим вкусом.","для вдумчивого просмотра с чашкой чая в дождливый вечер, когда хочется погрузиться в атмосферу ушедшей эпохи.",,"Если человек не может контролировать свои обстоятельства, то обстоятельства в конечном итоге начинают контролировать его.","Сериал является мини-сериалом и законченной историей, поэтому не требует остановки на промежуточном этапе.","[""Сериал основан на одноименном бестселлере Амора Тоулза, который провел серьезное исследование жизни гостиниц в советской Москве."", ""Юэн Макгрегор и Мэри Элизабет Уинстэд, исполнившие главные роли, являются супругами в реальной жизни."", ""Хотя действие происходит в отеле «Метрополь», большинство интерьерных сцен было воссоздано в павильонах в Великобритании для большего контроля над визуальным стилем."", ""Сценарий мини-сериала был написан Беном Вэнстоуном, известным по работе над успешным проектом «Все существа — большие и малые»."", ""Подготовка Юэна Макгрегора к роли графа включала изучение манер и аристократического этикета начала XX века.""]","[""Корона"", ""Ход королевы"", ""Аббатство Даунтон"", ""Отель «Гранд Будапешт»""]","Граф Ростов постепенно принимает свою новую реальность, обретая свободу духа и истинное счастье внутри стен отеля, несмотря на политические потрясения за окном.","{""rating"": ""хороший"", ""liked"": ""Потрясающая актерская игра Юэна Макгрегора, утонченная атмосфера старой Москвы и глубокая философская линия о сохранении собственного достоинства в неволе."", ""disliked"": ""Некоторым зрителям не хватило исторической достоверности и остроты сюжета, так как повествование получилось слишком камерным и неспешным.""}",series,,0,,0,episode,,
8425,ДИСК 2,X:\сериалы\Anger.Management.S02.rus.LostFilm,,Anger.Management.S02.rus.LostFilm,Anger Management,Управление гневом,2012,Семейные,"[""Комедия""]",США,"[""Стив Керр"", ""Джерри Коэн""]","[""Чарли Шин"", ""Сельма Блэр"", ""Шони Смит"", ""Даниэла Бобадилья"", ""Майкл Арден""]",завершён,2.0,[],"{""imdb"": 6.8, ""tmdb"": 6.5}",[],"Чарли Гудсон, бывший бейсболист с проблемами самоконтроля, продолжает свою практику терапевта по управлению гневом. Второй сезон углубляет хаотичные отношения Чарли с его клиентами, которые отличаются эксцентричностью и непредсказуемостью. Главный герой вынужден постоянно балансировать между профессиональными обязанностями, сложными отношениями с бывшей женой, одаренной дочерью и строптивой коллегой Кейт, которая периодически становится его любовницей. Постоянная смена декораций — от групповых сеансов в тюрьме до частных консультаций — создает динамичный поток комических ситуаций. Герой пытается наладить личную жизнь, однако его собственные эмоциональные качели и вмешательство навязчивого окружения часто приводят к новым приступам ярости. Сезон фокусируется на развитии персонажей, которые, несмотря на свои фобии, постепенно учатся контролировать свои внутренние демоны, сталкиваясь с абсурдными вызовами повседневности и специфическим юмором Чарли.","Легкий, ироничный ситком с быстрыми диалогами и духом классической телевизионной комедии, наполненный энергией Чарли Шина.","Сериал идеально подходит для тех, кто ищет динамичную комедию с острым юмором и привычным обаянием Чарли Шина в главной роли.","для расслабленного вечернего просмотра, когда хочется посмеяться над человеческими слабостями без глубокого погружения в драму.",,"Гнев — это не враг, это просто неконтролируемая энергия, которую нужно направить в правильное русло, иначе она разрушит всё вокруг.","Сериал можно завершить после окончания 2 сезона, так как последующие главы теряют динамику и новизну.","[""Сериал установил рекорд по скорости съемок: было заказано 90 серий сразу после успеха первых десяти эпизодов."", ""Чарли Шин сам предложил идею проекта, опираясь на свой личный опыт участия в курсах по управлению гневом."", ""В эпизодах второго сезона часто появлялись реальные члены семьи Чарли Шина, включая его отца Мартина Шина."", ""Персонаж Сельмы Блэр покинула сериал после конфликта с Чарли Шином, что привело к существенной смене состава во втором сезоне."", ""Съемки проходили в невероятно сжатые сроки: иногда за один день удавалось отснять материал для двух полноценных эпизодов.""]","[""Два с половиной человека"", ""Клиника"", ""Студия 30"", ""Офис"", ""Луи""]","Чарли Гудсон продолжает балансировать между своей непредсказуемой жизнью, терапевтическими сессиями с непростыми пациентами и сложными личными отношениями, постепенно осознавая, что его методы не всегда приносят ожидаемый результат.","{""rating"": ""средний"", ""liked"": ""Харизма Чарли Шина, динамичный комедийный ритм, отличная химия между второстепенными персонажами и едкие диалоги главных героев."", ""disliked"": ""Затянутость сюжета из-за огромного количества серий, вторичность ситуаций и отсутствие глубокого развития персонажей на дистанции.""}",series,,0,,0,episode,,
8426,ДИСК 2,X:\сериалы\Betrayal.S01.1080p,,Betrayal.S01.1080p,Betrayal,Измена,2013,Триллеры,"[""Драма"", ""Триллер"", ""Детектив""]",США,"[""Пэтти Дженкинс"", ""Майкл Оффер""]","[""Ханна Уэр"", ""Генри Томас"", ""Крис Джонсон"", ""Венди Монаиз"", ""Джеймс Кромвелл""]",отменён,1.0,[],"{""imdb"": 6.8, ""tmdb"": 6.5}",[],"Сюжет сериала вращается вокруг Аси, чья жизнь кажется идеальной: успешная карьера врача, любящий муж и прекрасный сын. Однако благополучие рушится в один миг, когда героиня случайно находит на шарфе мужа женский волос, не принадлежащий ей. Это открытие запускает цепную реакцию подозрений, заставляя Асю начать тайное расследование. Постепенно она обнаруживает, что супруг ведет двойную жизнь, а их общие друзья давно были в курсе его измен. Столкнувшись с предательством самых близких людей, Ася решает бороться, используя свою профессию и острый ум, чтобы отомстить и сохранить достоинство. История превращается в напряженную психологическую дуэль, где границы между любовью и ненавистью стираются, а каждый шаг героини ведет к новым, шокирующим тайнам прошлого и разрушительным последствиям для всех участников конфликта.","Напряженная и пронизанная недоверием психологическая драма с элементами остросюжетного триллера, подчеркивающая хрупкость семейного счастья и горечь предательства.","Сериал держит в колоссальном напряжении, мастерски препарируя тему супружеской неверности и психологию мести в условиях предательства близкого окружения.",для глубокого погружения в запутанные человеческие отношения и драму с неожиданными сюжетными поворотами.,,"Правда — это единственное, что остается, когда всё остальное уже давно сгорело дотла.",,"[""Сериал является адаптацией голландского телепроекта «Overspel», который получил международное признание за свою драматическую глубину."", ""Сюжет проекта вдохновлен классическими нуарными историями, где запретная страсть неизбежно ведет к моральному разложению главных героев."", ""Съемки проходили в Чикаго, что позволило создать холодную и давящую визуальную эстетику, подчеркивающую внутреннее состояние персонажей."", ""Ханна Уэр, исполнившая главную роль, до этого проекта была известна в основном по работе в индустрии моды как успешная модель.""]","[""Любовники"", ""Анатомия скандала"", ""Доктор Фостер"", ""Родословная""]","Главная героиня осознает, что её жизнь — это череда лжи, и принимает решение разорвать токсичные связи, оставляя прошлое позади ради собственного будущего.","{""rating"": ""средний"", ""liked"": ""Напряженная психологическая атмосфера, убедительная химия между ведущими актерами и неожиданные повороты в сюжете держат внимание на протяжении всего сезона."", ""disliked"": ""Некоторые сюжетные линии кажутся излишне затянутыми, а мотивация персонажей иногда страдает от клише, присущих типичным мелодраматическим мыльным операм.""}",series,,0,,0,episode,,
8427,ДИСК 2,X:\сериалы\Bosch,,Bosch,Bosch,Босх,2014,Расследования,"[""Детектив"", ""Драма"", ""Криминал""]",США,"[""Алекс Закржевский"", ""Эрнест Дикерсон"", ""Пит Роджерс""]","[""Тайтус Уэлливер"", ""Джейми Гектор"", ""Эми Акино"", ""Лэнс Реддик"", ""Мэдисон Линц""]",завершён,7.0,[],"{""imdb"": 8.5, ""tmdb"": 8.1}","[""Номинация на премию Эмми за лучшую операторскую работу""]","Детектив Гарри Босх, ветеран полиции Лос-Анджелеса и бывший военный, берется за расследование дела об убийстве мальчика, чьи останки были найдены на склоне холма. Параллельно главному герою приходится защищать честь мундира в суде по обвинению в убийстве подозреваемого. Сюжет погружает зрителя в мрачную изнанку Голливуда, где коррупция, политические интриги и личные демоны переплетаются в сложный клубок. Босх действует по принципу «все либо никто», игнорируя давление начальства и угрозы со стороны криминальных авторитетов, стремясь восстановить справедливость любыми доступными способами. Постепенно расследование выходит на след крупной сети торговли наркотиками, что ставит под удар не только карьеру самого детектива, но и безопасность его близких людей в городе, который никогда не прощает ошибок.","Мрачный, тягучий и предельно реалистичный нуарный детектив с пронизывающим ветром лос-анджелесских улиц и ночных огней.","Сериал идеально передает дух классических полицейских процедуралов, предлагая зрителю глубокое погружение в рутину честного детектива без лишнего пафоса.",для глубокого погружения в расследование за бокалом крепкого виски в тишине и полумраке вечерней комнаты.,,Разница между жизнью и смертью — это детали. А я мастер деталей.,"Сериал держит высокую планку все сезоны, однако после 5-го можно сделать перерыв, так как завершается основная сюжетная арка.","[""Сериал основан на серии бестселлеров Майкла Коннелли, который лично участвовал в написании сценариев и продюсировании проекта."", ""Тайтус Уэлливер, исполнитель главной роли, настолько вжился в образ Гарри Босха, что автор книг признал его идеальным воплощением своего персонажа."", ""В качестве места съемок использовались реальные локации Лос-Анджелеса, а знаменитый дом Босха на голливудских холмах является настоящим архитектурным объектом."", ""Производство шоу стало первым оригинальным сериалом от Amazon, который прошел путь от пилотного эпизода до полноценного многосезонного проекта благодаря голосованию зрителей.""]","[""Прослушка"", ""Рэй Донован"", ""Голиаф"", ""Линкольн для адвоката"", ""Саутленд""]","Гарри Босх покидает полицию, чтобы стать частным детективом, продолжая вершить свое собственное правосудие и искать истину в коррумпированном мире Лос-Анджелеса.","{""rating"": ""отличный"", ""liked"": ""Зрители высоко оценили аутентичную атмосферу нуарного Лос-Анджелеса, глубокую проработку характера главного героя и мастерски выстроенные детективные линии."", ""disliked"": ""Некоторым зрителям неспешный темп повествования в начальных сериях сезонов показался излишне затянутым и недостаточно динамичным для классического боевика.""}",series,,0,,0,arc,,
8428,ДИСК 2,X:\сериалы\Brilliant.Minds.2025.S02.WEB-DL.1080p.TVShows.HDRezka,,Brilliant.Minds.2025.S02.WEB-DL.1080p.TVShows.HDRezka,Brilliant Minds,Блестящие умы,2025,Расследования,"[""Драма"", ""Медицинский""]",США,"[""Ли Толанд Кригер"", ""Роб Харди""]","[""Закари Куинто"", ""Тэнди Райт"", ""Тедди Сирс"", ""Алекс Макниколл"", ""Донна Мерфи""]",продолжается,2.0,[],"{""imdb"": 7.4, ""tmdb"": 7.8}",[],"Сериал следует за эксцентричным, но гениальным неврологом Оливером Вульфом, который возглавляет отдел в больнице Бронкса. Страдая от редкого расстройства, из-за которого он теряет способность распознавать лица, доктор Вульф использует свои уникальные когнитивные особенности для постановки сложных диагнозов, которые ускользают от коллег. Вместе со своей командой интернов, каждый из которых пытается найти собственное место в медицинской среде, он ежедневно сталкивается с запутанными клиническими случаями. Вульф постоянно балансирует между спасением жизней пациентов и попытками скрыть собственную уязвимость. Его нетрадиционные методы лечения и полный отказ от протоколов часто ставят его в конфликт с администрацией клиники, вынуждая постоянно доказывать эффективность своих решений в мире, где ошибка может стоить человеку всего, что у него есть.","Медицинская драма с глубоким акцентом на психологизм, интеллектуальный драйв и непростую борьбу за человечность в стерильных больничных палатах.","История предлагает свежий взгляд на жанр врачебных драм благодаря необычному протагонисту, чьи личные ограничения становятся его главными профессиональными инструментами в поиске истины.","для вдумчивого просмотра, когда хочется сочетания сложной детективной интриги и искренних историй о преодолении себя.",,"Быть странным — это не диагноз, а единственная возможность увидеть мир таким, какой он есть на самом деле.",,"[""Сериал вдохновлен реальной жизнью и трудами известного невролога Оливера Сакса, автора знаменитых медицинских историй."", ""Главную роль исполняет Закари Куинто, который специально для образа доктора Волфа изучал работу врачей в клиниках и перенимал их манеры."", ""Проект выделяется среди медицинских драм фокусом не на рутинных болезнях, а на редких и странных патологиях мозга, меняющих личность пациентов."", ""Съемочная группа консультировалась с ведущими нейробиологами, чтобы достоверно передать визуализацию когнитивных процессов и диагнозов на экране.""]","[""Доктор Хаус"", ""Хороший доктор"", ""Пробуждение"", ""Новый Амстердам""]","Сериал находится в процессе выхода, поэтому окончательный финал истории доктора Оливера Вулфа еще не определен, однако каждый случай подчеркивает триумф эмпатии над сухой медицинской статистикой.","{""rating"": ""хороший"", ""liked"": ""Закари Куинто создает глубокий и эксцентричный образ, а неординарные медицинские кейсы удерживают внимание до самого конца каждой серии."", ""disliked"": ""Некоторые зрители отмечают излишнюю драматизацию личной жизни врачей, которая иногда отвлекает от интересной основной медицинской линии сериала.""}",series,,0,,0,episode,,
8429,ДИСК 2,X:\сериалы\Brilliant.Minds.S01.1080p.PCOK.WEB-DL.H.264,,Brilliant.Minds.S01.1080p.PCOK.WEB-DL.H.264,Brilliant Minds,Блестящие умы,2024,Расследования,"[""Драма"", ""Медицинский""]",США,"[""Ли Толанд Кригер""]","[""Закари Куинто"", ""Тэдди Сирс"", ""Таниа Рэймонд"", ""Алекс Макниколл"", ""Эшпи Грин""]",продолжается,1.0,[],"{""imdb"": 7.4, ""tmdb"": 7.8}",[],"Сериал вдохновлен жизнью и работой реального невролога Оливера Сакса. Главный герой, доктор Оливер Вулф, обладает выдающимся интеллектом и уникальным взглядом на человеческую психику. Работая в нью-йоркской больнице, он вместе с командой интернов берется за самые сложные и странные случаи, от которых отказываются другие врачи. Доктор Вулф не просто ищет симптомы, он старается понять историю жизни каждого пациента, считая, что болезнь — это лишь часть личности, а не ее определение. Его эксцентричные методы часто идут вразрез с протоколами больницы, вызывая конфликты с руководством и коллегами, однако именно такой нестандартный подход позволяет находить ключи к разгадкам медицинских тайн, которые скрыты глубоко в сознании людей и их травматичном прошлом.","Интеллектуальная, эмоционально насыщенная и сострадательная атмосфера медицинской драмы с элементами детективного исследования тайн человеческого мозга.","История предлагает свежий взгляд на медицинский жанр, где акцент сделан не на операциях, а на глубоком изучении личности, памяти и человеческой идентичности.","для вдумчивого просмотра, когда хочется сопереживать героям и погрузиться в разгадывание сложных психологических загадок.",,"Разница между безумием и гениальностью часто заключается лишь в том, кто именно ставит диагноз.",,"[""Сериал вдохновлен реальной жизнью и медицинскими трудами невролога Оливера Сакса, автора знаменитых бестселлеров об особенностях человеческого разума."", ""Главную роль исполняет Закари Куинто, который для съемок изучал основы нейробиологии и консультировался с практикующими врачами для достоверности движений."", ""Стилистика шоу намеренно отходит от стандартных процедуралов, делая акцент на визуализации того, как пациенты воспринимают окружающий мир через призму своих ментальных состояний."", ""Название сериала обыгрывает двойственность: врачи используют свой интеллект для спасения пациентов, в то время как сами больные проявляют блестящие способности благодаря или вопреки своим патологиям."", ""Съемочная площадка включала использование передовых технологий макросъемки, чтобы передать зрителю ощущение работы человеческих нейронных связей во время приступов или озарений.""]","[""Доктор Хаус"", ""Хороший доктор"", ""Новый Амстердам"", ""Менталист"", ""Обмани меня""]","Сериал находится в процессе выхода, текущий финал не определен, однако герой продолжает бороться с системными ограничениями ради спасения каждого пациента.","{""rating"": ""хороший"", ""liked"": ""Харизматичная игра Закари Куинто, свежий подход к медицинским загадкам и глубокий акцент на эмпатии к сложным психиатрическим диагнозам."", ""disliked"": ""Некоторым зрителям может показаться избыточной концентрация на драматизме в ущерб сугубо медицинской части процесса диагностики заболеваний.""}",series,,0,,0,episode,,
8430,ДИСК 2,X:\сериалы\Californication 1 - LostFilm.TV,,Californication 1 - LostFilm.TV,,,0,Драмы,,,,,,0.0,,,,,,,,,,,,,,,series,,0,,0,,,
8431,ДИСК 2,X:\сериалы\Californication 2 HD - LostFilm.TV,,Californication 2 HD - LostFilm.TV,,,0,Драмы,,,,,,0.0,,,,,,,,,,,,,,,series,,0,,0,,,
8432,ДИСК 2,X:\сериалы\Californication 3 HD - LostFilm.TV,,Californication 3 HD - LostFilm.TV,Californication,Блудливая Калифорния,2009,Семейные,"[""Комедия"", ""Драма""]",США,"[""Дэвид Духовны"", ""Том Капинос""]","[""Дэвид Духовны"", ""Наташа Макэлхоун"", ""Памела Адлон"", ""Мадлен Мартин"", ""Эван Хэндлер""]",завершён,7.0,[],"{""imdb"": 8.3, ""tmdb"": 8.2}","[""Эмми — лучший приглашенный актер в комедийном сериале (Джеймс Уолк)"", ""Золотой глобус — лучшая мужская роль (Дэвид Духовны)""]","Третий сезон продолжает историю талантливого, но глубоко порочного писателя Хэнка Муди, который пытается сбалансировать свою личную жизнь и карьеру в Лос-Анджелесе. Хэнк начинает работать преподавателем в колледже, что приводит к серии комичных и катастрофических ситуаций с студентками и коллегами. Параллельно развивается его непростая связь с Карен и взросление дочери Бекки, которая все чаще демонстрирует отцовский цинизм. В этом сезоне личные драмы Хэнка достигают апогея, когда его неспособность хранить верность и контролировать свои влечения ставит под угрозу последние шансы на полноценное воссоединение семьи. Сюжет насыщен откровенными сценами, острыми диалогами о любви и одиночестве, а также постоянной борьбой главного героя с собственными демонами на фоне гламурной, но порочной жизни калифорнийской элиты, где каждый выбор влечет за собой болезненные последствия для всех участников событий.","Сезон пропитан духом гедонистического Лос-Анджелеса, смешивающим горечь саморазрушения, блеск индустрии развлечений и ностальгическую меланхолию по упущенным возможностям.","История предлагает редкий взгляд на кризис среднего возраста через призму блестящего остроумия, честного отношения к человеческим слабостям и попыток найти искренность в мире притворства.",Для ночного просмотра в состоянии легкой меланхолии под аккомпанемент рок-музыки и размышлений о неидеальности человеческой натуры.,,"Я не хочу быть хорошим человеком, я хочу быть счастливым.","После 4 сезона, так как сюжетная арка Хэнка и Карен достигает логического завершения.","[""Дэвид Духовны лично выбрал саундтрек к сериалу, чтобы подчеркнуть бунтарский дух своего персонажа Хэнка Муди."", ""Название сериала является отсылкой к одноименному альбому группы Red Hot Chili Peppers, вышедшему в 1999 году."", ""Актерская игра Дэвида Духовны была отмечена премией «Золотой глобус», так как он идеально воплотил образ циничного писателя."", ""Многие сцены с вечеринками в третьем сезоне снимались в реальных элитных особняках Лос-Анджелеса для большей достоверности декораций."", ""Третий сезон считается одним из самых провокационных из-за сюжета с преподаванием в колледже, что добавило истории интеллектуального сарказма.""]","[""Красавцы"", ""Косяки"", ""Миллиарды"", ""Секс в большом городе"", ""Безумцы""]","Хэнк Муди оказывается в центре скандала из-за романа со студенткой, что ставит под угрозу его отношения с Карен и будущую карьеру писателя.","{""rating"": ""отличный"", ""liked"": ""Харизматичный главный герой, едкий черный юмор, потрясающая атмосфера калифорнийского декаданса и блестящая игра Дэвида Духовны в главной роли."", ""disliked"": ""Некоторых зрителей может смущать обилие пошлых сцен и предсказуемое саморазрушительное поведение главного героя на протяжении всех эпизодов.""}",series,,0,,0,arc,,
8433,ДИСК 2,X:\сериалы\Californication 4 - LostFilm.TV,,Californication 4 - LostFilm.TV,,,0,Драмы,,,,,,0.0,,,,,,,,,,,,,,,series,,0,,0,,,
8434,ДИСК 2,X:\сериалы\Californication 5 - LostFilm.TV [720p],,Californication 5 - LostFilm.TV [720p],Californication,Блудливая Калифорния,2012,Аферы,"[""Комедия"", ""Драма""]",США,"[""Дэвид Фон Энкен"", ""Майкл Леманн""]","[""Дэвид Духовны"", ""Наташа Макэлхоун"", ""Эван Хэндлер"", ""Памела Адлон"", ""Мадлен Мартин""]",завершён,7.0,[],"{""imdb"": 8.3, ""tmdb"": 8.0}","[""Премия Эмми за лучшую постановку трюков"", ""Золотой глобус — номинации за лучшую мужскую роль""]","Пятый сезон знакомит зрителя с Хэнком Муди после его возвращения из Нью-Йорка, где он пытался начать жизнь с чистого листа. Герой вновь оказывается в Лос-Анджелесе, сталкиваясь с последствиями прошлых ошибок и новыми искушениями, среди которых — работа над сценарием для популярного рэпера-самодура. Личная жизнь писателя становится еще более запутанной: он пытается наладить отношения с повзрослевшей дочерью Беккой и Карен, чья новая жизнь вызывает у него приступы ревности. Хэнк оказывается в центре опасного любовного треугольника, попутно пытаясь разобраться с собственными демонами, алкогольной зависимостью и профессиональным кризисом. Картина мастерски сплетает драму отношений с едким юмором, демонстрируя, как главный герой пытается балансировать на грани между творческим успехом и окончательной потерей контроля над реальностью в вечно соблазняющей Калифорнии.","Ироничная, пропитанная солнечным светом и декадентским настроением Лос-Анджелеса история, сочетающая горечь утрат с дерзким юмором и сексуальной свободой.","Сериал идеально подходит тем, кто ценит острый циничный юмор, харизматичных антигероев и философские размышления о любви и поиске себя в мире больших амбиций.","для вечера пятницы, когда хочется чего-то провокационного, дерзкого и по-настоящему взрослого с ноткой легкой меланхолии.",,"Мне нравится думать, что я не плохой человек. Просто я совершаю плохие поступки в очень больших количествах.","После 4-го сезона сюжет становится более циклично-повторяющимся, поэтому 4-й сезон считается логичным финалом истории.","[""Дэвид Духовны лично отбирал саундтреки для 5 сезона, стремясь передать атмосферу богемного Лос-Анджелеса через блюз и рок."", ""Пятый сезон ознаменовался возвращением проекта к истокам после более мрачного и личного четвертого сезона."", ""Персонаж RZA, хип-хоп магната Самурая Апокалипсиса, был вдохновлен реальными музыкальными продюсерами индустрии развлечений."", ""Хэнк Муди в этом сезоне сталкивается с последствиями своего прошлого, что делает его путь к искуплению еще более тернистым."", ""В эпизодах 5 сезона активно использовались реальные локации Венис-Бич, что добавило истории документальной аутентичности.""]","[""Красавцы"", ""Дрянь"", ""Косяки"", ""Любовь"", ""Безумцы""]","Хэнк возвращается в Лос-Анджелес после тюремного заключения, пытаясь наладить отношения с Карен и Беккой, но его жизнь снова превращается в хаос из-за новых пагубных связей и профессиональных проблем.","{""rating"": ""хороший"", ""liked"": ""Харизматичная игра Дэвида Духовны, остроумные диалоги, великолепная химия между старыми героями и свежий взгляд на мир шоу-бизнеса."", ""disliked"": ""Некоторым зрителям показалось, что линия с гангстерами излишне утрирована и слегка выбивается из общей тональности сериала.""}",series,,0,,0,arc,,
8435,ДИСК 2,X:\сериалы\Californication 6 - LostFilm.TV [720p],,Californication 6 - LostFilm.TV [720p],Californication,Блудливая Калифорния,2013,Семейные,"[""Комедия"", ""Драма""]",США,"[""Дэвид Фон Энкин"", ""Джон Дал""]","[""Дэвид Духовны"", ""Наташа Макэлхоун"", ""Памела Адлон"", ""Мадлен Мартин"", ""Эван Хэндлер""]",завершён,7.0,[],"{""imdb"": 8.3, ""tmdb"": 7.9}","[""Эмми — лучший приглашенный актер в комедийном сериале (Джеймс Уолк)""]","Шестой сезон следует за Хэнком Муди, который пытается справиться с последствиями своих прошлых ошибок и зависимостей, находясь в эпицентре музыкальной индустрии. После недавнего опыта общения с рок-звездой Аттикусом Фетчем, Хэнк погружается в безумный мир шоу-бизнеса, написав для него либретто к рок-опере. Сюжет активно развивает сложные отношения писателя с его дочерью Беккой, бывшей возлюбленной Карен и новыми эксцентричными персонажами, каждый из которых пытается разрушить или спасти остатки его личной жизни. Хэнк продолжает балансировать на грани между творческим успехом и окончательным саморазрушением, сталкиваясь с новыми искушениями, драмами и необходимостью сделать непростой выбор между старой привычкой прожигать жизнь и желанием обрести стабильность ради самых близких людей в этом хаотичном и порочном Лос-Анджелесе.","Циничная, декадентская атмосфера богемного Лос-Анджелеса, наполненная алкоголем, рок-н-ролльным безумием, черным юмором и пронзительной личной меланхолией.","Шестой сезон предлагает уникальный взгляд на закат эпохи рок-звезд, сочетая абсурдный юмор музыкальной индустрии с глубокой драмой человека, который отчаянно ищет прощения у самого себя.","для ночного просмотра, когда хочется и посмеяться над чужими ошибками, и немного погрустить о собственной судьбе.",,"Я не хочу быть тем, кто делает тебе больно, но, кажется, это единственное, что у меня получается делать по-настоящему хорошо.","Рекомендуется остановиться после 4-го сезона, так как последующие главы теряют былую сценарную остроту и целостность повествования.","[""Дэвид Духовны лично исполнял многие сцены с игрой на пианино, так как он давно увлекается музыкой и сам пишет песни."", ""Персонаж Мэрилин Мэнсон в шестом сезоне сыграл самого себя, добавив сериалу нотку абсурдной голливудской сатиры."", ""Съемочная группа специально подбирала для шестого сезона саундтрек, состоящий из классики рока, чтобы подчеркнуть кризис среднего возраста Хэнка."", ""Актер Эван Хэндлер, играющий Чарли Ранкла, сам срежиссировал несколько эпизодов проекта, глубоко погрузившись в процесс производства."", ""Вдохновением для образа Хэнка Муди послужил легендарный писатель Чарльз Буковски, чья жизненная философия прослеживается во многих диалогах.""]","[""Красавцы"", ""Косяки"", ""Безумцы"", ""Миллиарды"", ""Уилфред""]","Хэнк проходит через болезненный период с Фейт, осознавая свою зависимость от саморазрушения, и в итоге возвращается к попытке восстановить отношения с Карен, понимая, что его истинный дом всегда был с ней.","{""rating"": ""хороший"", ""liked"": ""Харизматичная игра Дэвида Духовны, едкий черный юмор, отличная музыкальная подборка и атмосфера порочного, но притягательного Лос-Анджелеса."", ""disliked"": ""Некоторым зрителям показалось, что сюжетные линии стали повторяться, а поведение героя в определенных моментах выглядит слишком инфантильным.""}",series,,0,,0,arc,,
8436,ДИСК 2,X:\сериалы\Californication 7 - LostFilm.TV [720p],,Californication 7 - LostFilm.TV [720p],,,0,Драмы,,,,,,0.0,,,,,,,,,,,,,,,series,,0,,0,,,
8437,ДИСК 2,X:\сериалы\Cirkin.s01.WEB-DLRip1080p,,Cirkin.s01.WEB-DLRip1080p,Çirkin,Урод,2024,Триллеры,"[""Драма"", ""Триллер"", ""Криминал""]",Турция,"[""Мурат Джан Огуз""]","[""Айтач Шашмаз"", ""Бегюм Биргёрен"", ""Элиф Гёкче Озсой"", ""Джихан Чантан"", ""Гюльчин Сантырджыоглу""]",продолжается,1.0,[],"{""imdb"": 7.2, ""tmdb"": 7.5}",[],"История разворачивается вокруг молодой женщины по имени Джан, чья жизнь кардинально меняется после трагических событий, связанных с таинственным прошлым её семьи. Оказавшись в центре опасных интриг и семейных тайн, героиня вынуждена бороться не только за собственное выживание, но и за право на правду в мире, полном коррупции и предательства. В процессе развития сюжета Джан сталкивается с влиятельными фигурами, которые готовы пойти на любые преступления, чтобы скрыть скелеты в своих шкафах. Каждый новый шаг героини обнажает глубокие социальные язвы, превращая её личную драму в масштабное расследование, полное неожиданных союзов и болезненных разоблачений. Постепенно героиня осознает, что единственный способ победить систему — стать её частью или навсегда разрушить её изнутри, рискуя всем самым дорогим, что у неё осталось.","Напряженная, мрачная и динамичная обстановка, пропитанная духом турецкого нуара, социальным неравенством и постоянным чувством неминуемой опасности.","Сериал предлагает захватывающий коктейль из семейных тайн и остросюжетных расследований, где каждый персонаж обладает скрытыми мотивами и темным прошлым.","для просмотра в выходные, когда хочется погрузиться в запутанную криминальную драму с эмоциональным надрывом.",,"В этом мире даже уродливое лицо может скрывать самую чистую душу, которую вы когда-либо встречали.",,"[""Сериал выделяется на фоне типичных драм глубоким психологическим анализом персонажей, страдающих от общественного неприятия."", ""Главная роль потребовала от актрисы сложной эмоциональной подготовки для передачи внутренних трансформаций героини."", ""Сюжет затрагивает острые социальные темы, типичные для современных турецких проектов, исследующих вопросы красоты и самооценки."", ""Съёмочная группа уделила особое внимание визуальному стилю, создавая контраст между внешним миром и внутренним состоянием героев.""]","[""Ветреный"", ""Чукур"", ""Черная любовь"", ""Жестокий Стамбул""]","Главный герой осознает истинные мотивы окружающих, распутывает клубок многолетней лжи и восстанавливает справедливость, жертвуя личным счастьем ради правды.","{""rating"": ""хороший"", ""liked"": ""Зрители отмечают глубокую актёрскую игру, напряженную эмоциональную атмосферу и захватывающее развитие драматической линии сюжета на протяжении сезона."", ""disliked"": ""Некоторым зрителям показалось, что повествование иногда затягивается из-за излишне драматизированных пауз в ключевых сценах.""}",series,,0,,0,episode,,
8438,ДИСК 2,X:\сериалы\Dalekiy gorod 2 sezon,,Dalekiy gorod 2 sezon,Uzak Şehir,Далёкий город,2024,Семейные,"[""Драма"", ""Мелодрама""]",Турция,"[""Ахмет Катыксыз""]","[""Синем Унсал"", ""Озан Акбаба"", ""Гонджа Джиласун"", ""Мустафа Мерт Коч"", ""Али Джанер Бахадыр""]",продолжается,2.0,[],"{""imdb"": 6.8, ""tmdb"": 7.5}",[],"Второй сезон турецкой драматической саги продолжает историю противостояния влиятельных кланов в условиях суровых степных традиций. После драматических событий первого сезона герои оказываются заперты в паутине кровной мести, старых тайн и запретной любви. Алия, вынужденная бороться за своего ребенка, сталкивается с безжалостным главой семьи Джиханом, чьи принципы начинают колебаться под давлением правды о прошлом. Напряжение в городе достигает предела, когда вскрываются новые детали гибели предшественников, меняющие расстановку сил в регионе. Теперь каждый персонаж вынужден выбирать между личным счастьем и долгом перед родом, что приводит к непредсказуемым альянсам и неожиданным предательствам в борьбе за влияние и право на жизнь в закрытом, консервативном обществе, где каждое слово может стоить свободы или самой жизни.","Тягучая, тревожная и глубоко эмоциональная атмосфера, пропитанная ароматами восточных специй, пылью бескрайних дорог и невысказанной болью героев.","Проект предлагает глубокое погружение в восточный менталитет, где семейные узы и традиции сталкиваются с современным мировоззрением, создавая мощное напряжение.","Для тех, кто любит запутанные семейные саги с высоким уровнем драматизма и постоянным ощущением надвигающейся угрозы.",,"В этих землях закон пишется не на бумаге, а кровью тех, кто осмелился пойти против течения.",,"[""Сериал является адаптацией успешного ливанского проекта 'Al Hayba', адаптированного под специфику турецких культурных реалий."", ""Съемки проекта проходят в уникальных локациях региона Мардин, чья аутентичная архитектура создает особую визуальную эстетику кадра."", ""Главные роли исполняют звезды турецкого экрана, чья экранная химия стала одной из главных причин высоких рейтингов в стране."", ""Производством занимается компания Ay Yapım, известная своим внимательным подходом к деталям и глубоким драматическим сюжетам.""]","[""Ветреный"", ""Чукур"", ""Черная любовь"", ""Марашанец""]","Семейные тайны и борьба за власть в Мардине приводят к окончательному переделу влияния, где герои вынуждены выбирать между кровными узами и справедливостью.","{""rating"": ""хороший"", ""liked"": ""Зрители отмечают высокий уровень актерской игры, завораживающие восточные пейзажи и напряженный драматический сюжет, полный неожиданных семейных тайн."", ""disliked"": ""Некоторых зрителей утомляет предсказуемость клише в развитии отношений между главными героями и затянутые сцены с драматическими паузами.""}",series,,0,,0,episode,,
8439,ДИСК 2,X:\сериалы\Dirilis.Ertugrul.s05.MVO,,Dirilis.Ertugrul.s05.MVO,,,0,Драмы,,,,,,0.0,,,,,,,,,,,,,,,series,,0,,0,,,
8440,ДИСК 2,X:\сериалы\Dosie_Detektiva_Dubrovskogo_18_serii_1999_DVD-5_[torrents.ru],,Dosie_Detektiva_Dubrovskogo_18_serii_1999_DVD-5_[torrents.ru],Досье детектива Дубровского,Досье детектива Дубровского,1999,Расследования,"[""Детектив"", ""Криминал"", ""Драма""]",Россия,"[""Александр Муратов""]","[""Николай Караченцов"", ""Владимир Конкин"", ""Игорь Ясулович"", ""Борис Клюев"", ""Лев Борисов""]",завершён,1.0,[],"{""imdb"": 7.1, ""tmdb"": 7.0}",[],"События разворачиваются в Москве конца девяностых годов, где частный детектив Александр Дубровский оказывается в центре опасных политических игр и криминальных разборок. Бывший сотрудник спецслужб, обладающий острым умом и принципиальностью, берется за дела, от которых отказывается официальное следствие из-за давления сверху или коррупционных схем. В процессе расследования он сталкивается с бывшими коллегами, влиятельными олигархами и наемными убийцами, пытаясь докопаться до истины в условиях тотальной нестабильности. Сериал детально показывает трансформацию общества того периода, где грань между законом и преступностью практически стерта. Каждое новое расследование становится для Дубровского личным испытанием, вынуждающим его использовать все навыки оперативной работы, чтобы выжить и сохранить остатки справедливости в городе, охваченном хаосом и стремлением к быстрому обогащению любой ценой.","Мрачная и реалистичная атмосфера постсоветского нуара, пропитанная безнадежностью девяностых, серыми московскими пейзажами и постоянным ощущением невидимой угрозы.","Проект является ярким и аутентичным памятником эпохи, предлагая зрителю глубокое погружение в реалии криминальной Москвы девяностых годов через призму остросюжетного детектива.",для ностальгического просмотра с акцентом на реалии суровой российской действительности конца прошлого века,,"В этой стране нельзя быть просто честным, если ты хочешь остаться в живых.",,"[""Сериал основан на популярных детективных романах писателя Валерия Попова, которые стали бестселлерами в 90-е годы."", ""Главную роль исполнил Николай Караченцов, который сам выполнял многие трюковые сцены, стремясь придать герою особую динамичность."", ""Проект считается одним из первых российских детективных сериалов, который пытался адаптировать западные стандарты жанра к постсоветской реальности."", ""Музыкальное оформление сериала стало важным элементом повествования, подчеркивая мрачную и криминальную атмосферу Москвы того времени.""]","[""Улицы разбитых фонарей"", ""Каменская"", ""Бандитский Петербург"", ""Марш Турецкого""]","Дубровский раскрывает масштабный заговор чиновников и олигархов, но, несмотря на восстановление справедливости, он осознает глубину коррупции, пронизывающей государственную систему, и остается одиноким борцом за правду.","{""rating"": ""хороший"", ""liked"": ""Харизматичная игра Николая Караченцова, реалистичная атмосфера лихих девяностых, динамичный сюжет и узнаваемые детективные интриги того времени."", ""disliked"": ""Некоторая техническая устарелость картинки, местами наивные диалоги и типичные для российского телевидения конца девяностых проблемы со звуком.""}",series,,0,,0,episode,,
8441,ДИСК 2,X:\сериалы\Endeavour Season III,,Endeavour Season III,Endeavour,Индевор,2016,Расследования,"[""Криминал"", ""Драма"", ""Мистика""]",Великобритания,"[""Колм Маккарти"", ""Оливер Блэкберн"", ""Кейт Саксон""]","[""Шон Эванс"", ""Роджер Аллам"", ""Антон Лессер"", ""Шон Ригби"", ""Джеймс Брэдшоу""]",завершён,9.0,[],"{""imdb"": 8.6, ""tmdb"": 8.1}","[""Номинация на премию BAFTA TV за лучшую оригинальную музыку""]","Третий сезон легендарного британского детектива продолжает историю молодого Индевора Морса, который после событий предыдущего сезона вынужден восстанавливать карьеру в полиции Оксфорда. В центре сюжета — серия запутанных убийств, каждое из которых требует от Морса проявления исключительной наблюдательности и интеллекта. Вместе с наставником Фредом Ферсдеем детектив раскрывает глубоко скрытые тайны викторианского города, сталкиваясь с личными потерями и профессиональными интригами. Сезон фокусируется на формировании личности Морса как проницательного сыщика, вынужденного адаптироваться к коррумпированной системе и личным драмам. Разгадки преступлений часто оказываются болезненными, заставляя героя делать тяжелый моральный выбор, который навсегда меняет его отношение к миру, справедливости и своей непростой роли в лондонской правоохранительной системе середины шестидесятых годов, где старые порядки уступают место новой, полной неожиданных угроз эпохе.","Меланхоличная, интеллектуальная атмосфера Оксфорда шестидесятых годов, пропитанная легким налетом нуара, джазовыми нотками и академическим спокойствием.","Третий сезон является эталоном качественного британского детектива, предлагающим зрителю глубокую деконструкцию классического образа сыщика и мастерское погружение в историческую эпоху.","для вдумчивого вечернего просмотра под чашку горячего чая, когда хочется погрузиться в неспешный, но напряженный интеллектуальный детектив.",,"Смерть — это всего лишь вопрос времени, но истинная трагедия заключается в том, как мы тратим отпущенные нам мгновения.",,"[""Третий сезон стал поворотным для сериала, так как именно в этих сериях характер Индевора Морса начинает обретать черты того самого угрюмого инспектора из оригинального шоу 'Инспектор Морс'."", ""Шон Эванс, исполняющий главную роль, в этом сезоне выступил не только как актёр, но и как режиссёр одного из эпизодов, что было высоко оценено критиками."", ""Музыкальная тема сериала содержит скрытые отсылки к классическим произведениям, которые любил Морс, что добавляет глубины интеллектуальному образу героя."", ""Съёмки проходили в Оксфорде, однако группе приходилось тщательно скрывать современные детали, чтобы воссоздать подлинную атмосферу Англии 1960-х годов.""]","[""Инспектор Морс"", ""Льюис"", ""Гранчестер"", ""Отец Браун"", ""Убийства в Мидсомере""]","Морс окончательно осознает свою изоляцию в полиции, а трагическая гибель близкого человека заставляет его пересмотреть профессиональные принципы и смириться с неизбежностью одиночества.","{""rating"": ""отличный"", ""liked"": ""Блестящая актёрская работа Шона Эванса, глубокий психологизм сюжета, безупречно переданная атмосфера Оксфорда шестидесятых и интеллектуальные загадки."", ""disliked"": ""Некоторым зрителям может показаться излишне медленный темп повествования, характерный для классических британских детективных драм старой школы.""}",series,,0,,0,season,,
8442,ДИСК 2,X:\сериалы\Endeavour.S01.BDRip.x264.DD2.0.2xRus.Eng-E76,,Endeavour.S01.BDRip.x264.DD2.0.2xRus.Eng-E76,,,0,Драмы,,,,,,0.0,,,,,,,,,,,,,,,series,,0,,0,,,
8443,ДИСК 2,X:\сериалы\ERTUGRUL.02.sezon.2015.WEB-DLRip,,ERTUGRUL.02.sezon.2015.WEB-DLRip,Diriliş: Ertuğrul,Воскресший Эртугрул,2015,Исторические/Костюмированные,"[""Боевик"", ""Приключения"", ""Драма"", ""История"", ""Военный""]",Турция,"[""Метин Гюнай""]","[""Энгин Алтан Дюзьятан"", ""Хюлья Дарджан"", ""Дженгиз Джошкун"", ""Нуреттин Сёнмез"", ""Джавит Четин Гюнер""]",завершён,5.0,[],"{""imdb"": 7.9, ""tmdb"": 8.0}","[""Золотая бабочка — лучший сериал"", ""Золотая бабочка — лучший актёр (Энгин Алтан Дюзьятан)""]","Второй сезон разворачивается на фоне суровых испытаний, выпавших на долю племени Кайи, вынужденного искать новое пристанище после жестоких набегов монгольских орд. Эртугрул берет на себя тяжелую ношу лидера, стремясь сплотить разрозненные тюркские бейлики перед лицом внешней угрозы. Внутренние распри, предательства близких соратников и политические интриги внутри шатра усложняют задачу объединения народа. Герой сталкивается с необходимостью принимать судьбоносные решения, определяющие будущее его последователей и закладывающие фундамент великой империи. Путь воина пролегает через кровопролитные сражения, горькие утраты и поиск духовного равновесия в мире, где честь и верность стоят дороже собственной жизни. Эртугрул продолжает укреплять свои позиции, доказывая, что вера в высшую справедливость и единство народа способны преодолеть самые непреодолимые препятствия, стоящие на пути становления турецкой государственности в анатолийских землях.","Эпическое историческое полотно, пропитанное духом степной свободы, восточной мудрости и суровой военной дисциплины кочевых племен того времени.","Масштабная историческая драма, позволяющая окунуться в атмосферу формирования Османской империи через призму чести, борьбы и духовного поиска легендарного воина.",для глубокого погружения в историческую сагу с элементами сражений и философских размышлений о долге перед своим народом.,,"Справедливость — это меч, который не тупится, если в руках у того, кто верит в истину.",После 5 сезона,"[""Для съемок второго сезона актеры проходили интенсивную подготовку, включая обучение верховой езде, стрельбе из лука и владению холодным оружием."", ""Декорации кочевья Кайи были построены с нуля в пригороде Стамбула и занимали огромную площадь для максимальной исторической достоверности."", ""Костюмы героев создавались вручную с использованием технологий той эпохи, что потребовало работы сотен мастеров по текстилю и коже."", ""Сериал стал культурным феноменом в Турции и приобрел невероятную популярность в мусульманских странах, став объектом государственного интереса."", ""Исполнитель главной роли Энгин Алтан Дюзьятан настолько глубоко погрузился в образ, что продолжал носить элементы костюма вне съемочной площадки.""]","[""Основание: Осман"", ""Великолепный век"", ""Альп-Арслан: Великий сельджук"", ""Пробуждение: Великие сельджуки""]","Эртугрул успешно преодолевает внутренние интриги и внешние угрозы монголов, объединяя племена и закладывая фундамент для будущего величия Османской империи.","{""rating"": ""отличный"", ""liked"": ""Поражает масштабная постановка батальных сцен, глубокая харизма главного героя и пронзительная передача духа эпохи становления государственности."", ""disliked"": ""Затянутый хронометраж серий и чрезмерное количество диалогов иногда замедляют динамику повествования, утомляя неподготовленного зрителя.""}",series,,0,,0,arc,,
8444,ДИСК 2,X:\сериалы\Ertugrul.s03.rus.L1.turok1990.WEBRip,,Ertugrul.s03.rus.L1.turok1990.WEBRip,Diriliş: Ertuğrul,Воскресший Эртугрул,2016,Исторические/Костюмированные,"[""Исторический"", ""Боевик"", ""Драма"", ""Приключения""]",Турция,"[""Метин Гюнай""]","[""Энгин Алтан Дюзьятан"", ""Хюлья Дарджан"", ""Ченгиз Джошкун"", ""Нуреттин Сёнмез"", ""Джавит Четин Гюнер""]",завершён,5.0,[],"{""imdb"": 7.9, ""tmdb"": 8.1}","[""Золотая бабочка — лучший сериал"", ""Премия Anadolu Media — лучший исторический сериал года""]","Третий сезон продолжает эпическое повествование о становлении Османской империи через судьбу Эртугрула бея. Племя Кайи обосновывается в новых землях, сталкиваясь с ожесточенным сопротивлением местных правителей, византийских заговорщиков и внутренних предателей. Эртугрул ведет сложную политическую игру, пытаясь сплотить тюркские племена и укрепить влияние своего народа, несмотря на постоянные угрозы жизни его соратников и близких. Основной конфликт разворачивается вокруг захвата важной крепости Ханлы Базар, которая становится ключом к экономической и военной независимости племени. Герой вынужден проявлять не только мастерство искусного воина, но и качества мудрого дипломата, лавируя между лояльностью союзников и хитроумными ловушками коварных врагов. Каждая серия наполнена напряженными политическими интригами, сражениями на мечах и борьбой за веру и справедливость, постепенно превращая разрозненные кочевые отряды в мощную силу, способную изменить ход мировой истории и заложить фундамент будущего великого государства.","Масштабная историческая сага, пропитанная духом кочевой свободы, героизмом, восточным колоритом и тяжелой атмосферой постоянной борьбы за выживание.","История захватывает своим эпическим размахом, глубокой проработкой политических интриг и вдохновляющим примером лидерства в условиях тотальной неопределенности и предательства.",для погружения в атмосферу героического прошлого под аккомпанемент традиционной музыки и звуков битвы,,"Справедливость — это меч, который не ржавеет, если им умело пользоваться в руках праведника.","После 4 сезона, так как сюжетная линия Эртугрула логически завершается перед началом событий сериала 'Основание: Осман'.","[""Для съёмок третьего сезона создатели построили масштабные декорации средневекового поселения племени Кайи, охватывающие более 40 тысяч квадратных метров."", ""Актёры, исполняющие главные роли, прошли изнурительную многомесячную подготовку, включающую обучение верховой езде, стрельбе из лука и технике владения мечом у каскадёров из Казахстана."", ""Сериал приобрел феноменальную популярность не только в Турции, но и во многих странах мира, а количество просмотров на цифровых платформах исчисляется миллиардами."", ""Костюмы и декорации в сезоне были детально воссозданы на основе исторических документов и археологических находок, касающихся быта кочевых племён огузов XIII века.""]","[""Основание: Осман"", ""Великолепный век"", ""Пробуждение: Великие сельджуки"", ""Альп-Арслан: Великие сельджуки""]","Эртугрул одерживает победу над Василием и захватывает замок Караджахисар, укрепляя власть своего бейлика и подготавливая почву для создания великого государства.","{""rating"": ""отличный"", ""liked"": ""Зрители отмечают выдающуюся актёрскую игру Энгина Алтана Дюзьятана, масштабные батальные сцены, захватывающие интриги и глубокую проработку исторической атмосферы."", ""disliked"": ""Некоторым зрителям не понравилось чрезмерное количество драматических пауз и растянутый хронометраж, делающий повествование излишне затянутым местами.""}",series,,0,,0,arc,,
8445,ДИСК 2,X:\сериалы\Ertugrul.Vozrozhdenie.04.sezony.rus.turok1990.L1.2017.WEBRip,,Ertugrul.Vozrozhdenie.04.sezony.rus.turok1990.L1.2017.WEBRip,,,0,Драмы,,,,,,0.0,,,,,,,,,,,,,,,series,,0,,0,,,
8446,ДИСК 2,X:\сериалы\Gordost_i_predubezhdenie_[torrents.ru],,Gordost_i_predubezhdenie_[torrents.ru],Pride and Prejudice,Гордость и предубеждение,1995,Исторические/Костюмированные,"[""Драма"", ""Мелодрама""]",Великобритания,"[""Саймон Лэнгтон""]","[""Колин Фёрт"", ""Дженнифер Эль"", ""Сюзанна Харкер"", ""Джулия Савалья"", ""Элисон Стэдмен""]",завершён,1.0,[],"{""imdb"": 8.8, ""tmdb"": 8.4}","[""Премия BAFTA — лучшая актриса (Дженнифер Эль)"", ""Премия Эмми — лучшие костюмы""]","Экранизация классического романа Джейн Остин повествует о жизни пяти сестер Беннет в сельской Англии начала XIX века. Главная героиня, своенравная Элизабет, сталкивается с высокомерным и богатым мистером Дарси. Их отношения проходят сложный путь от взаимной неприязни и предрассудков к глубокому уважению и искренней любви. На фоне светских балов, интриг и финансовых трудностей семейству Беннет предстоит разобраться в превратностях судьбы и личного счастья. Мистер Дарси преодолевает классовые барьеры, а Элизабет учится видеть суть человека за напускной холодностью. Противостояние характеров приводит к закономерному финалу, где верность принципам и честность чувств побеждают общественные условности и социальные предрассудки того времени, создавая одну из самых узнаваемых историй любви в мировой литературе и кинематографе.","Изысканная, уютная и по-английски сдержанная атмосфера классического поместья, наполненная романтикой, тонкой иронией и старинным бытом.","Безупречная актерская игра Колина Ферта и Дженнифер Эль делает этот сериал эталоном экранизаций классики, передающим дух эпохи с невероятной точностью.","для спокойного вечера, когда хочется погрузиться в атмосферу утонченности, искренних чувств и эстетики старой доброй Англии.",,"Я так часто бывал в вас влюблен, что уже просто не в силах сдерживать себя.",,"[""Колин Ферт был выбран на роль мистера Дарси, так как режиссёр увидел в нём идеальное сочетание надменности и скрытой ранимости."", ""Знаменитая сцена с выходом мистера Дарси из пруда в мокрой рубашке стала культовой и спровоцировала резкий рост продаж мужских белых рубашек."", ""Дженнифер Эль и Колин Ферт во время съёмок сериала состояли в реальных романтических отношениях, что добавило экранной химии их героям."", ""Весь сериал снимался на натуре в более чем 20 различных поместьях Англии, чтобы передать атмосферу эпохи Регентства максимально аутентично."", ""Костюмы для героинь шились вручную с использованием тканей и фасонов, соответствующих моде 1810-х годов, что было крайне дорого для телевидения того времени.""]","[""Разум и чувства"", ""Джейн Эйр"", ""Аббатство Даунтон"", ""Эмма"", ""Север и Юг""]","Элизабет Беннет и мистер Дарси преодолевают свои социальные предрассудки и личную гордость, осознают глубину взаимных чувств и соединяются в счастливом браке, обеспечив благополучие всей семьи Беннет.","{""rating"": ""отличный"", ""liked"": ""Безупречная актёрская игра, бережное отношение к первоисточнику Джейн Остин, великолепные декорации и тонкая передача атмосферы викторианской Англии."", ""disliked"": ""Некоторым современным зрителям неспешный темп повествования и обилие диалогов могут показаться утомительными и слишком затянутыми.""}",series,,0,,0,episode,,
8447,ДИСК 2,X:\сериалы\Grace.and.Frankie.S01.1080p.WEBRip.Rus.Eng.Subs-alekartem,,Grace.and.Frankie.S01.1080p.WEBRip.Rus.Eng.Subs-alekartem,,,0,Драмы,,,,,,0.0,,,,,,,,,,,,,,,series,,0,,0,,,
8448,ДИСК 2,X:\сериалы\Groznyj.2020.HDTVRip.(720p).ExKinoRay,,Groznyj.2020.HDTVRip.(720p).ExKinoRay,Grozny,Грозный,2020,Исторические/Костюмированные,"[""Драма"", ""История"", ""Биография""]",Россия,"[""Алексей Андрианов""]","[""Александр Яценко"", ""Сергей Маковецкий"", ""Татьяна Лялина"", ""Артур Иванов"", ""Константин Крюков""]",завершён,1.0,[],"{""imdb"": 6.8, ""tmdb"": 7.5}","[""Премия АПКиТ — лучший исторический сериал""]","Историческая драма подробно освещает путь Ивана Грозного от детских лет, прошедших в атмосфере боярских интриг и борьбы за власть, до становления грозного правителя, чье правление навсегда изменило облик Русского государства. Сериал детально исследует трансформацию личности царя, его внутренние демоны, религиозный фанатизм и тяжесть единоличного управления огромной страной в эпоху бесконечных войн и политической нестабильности. В центре сюжета — противостояние монарха с ближайшим окружением, предательства соратников, гибель близких людей и трагическая цена, которую пришлось заплатить государству за объединение земель. Масштабная постановка воссоздает суровую действительность XVI века, где каждый шаг правителя сопровождался кровью, личными потерями и поиском божественного прощения за содеянные жестокие деяния во имя укрепления самодержавной власти и величия Москвы, ставшей символом могущества и страха для всех сопредельных стран того времени.","Суровая и мрачная историческая драма с глубоким погружением в атмосферу средневекового быта, тревоги и государственного величия.","Проект позволяет взглянуть на одну из самых неоднозначных фигур в истории России через призму личной драмы, показывая человека, сломленного властью и бесконечными личными трагедиями.","для вдумчивого просмотра исторической драмы, когда хочется погрузиться в атмосферу тяжелого прошлого и масштабных государственных интриг.",,"Власть — это не только корона, но и тяжкий крест, который несешь до самого конца, даже если мир вокруг тонет в крови.",,"[""Для воссоздания исторической атмосферы XVI века декораторы построили масштабные декорации Москвы и Александровской слободы в павильонах."", ""Роль Ивана Грозного в разные периоды жизни исполнили два разных актёра: Александр Яценко и Сергей Маковецкий."", ""Костюмы для проекта создавались вручную с использованием технологий состаривания тканей, чтобы они выглядели аутентично и исторически достоверно."", ""Сценарий сериала опирался не только на летописные источники, но и на современные исследования историков о психотипе царя."", ""Съёмки проходили в исторических локациях, включая сохранившиеся монастыри и храмы, что добавило картинке документальной глубины.""]","[""Годунов"", ""София"", ""Раскол"", ""Царь"", ""Иван Грозный""]","Иван Грозный умирает в одиночестве, осознавая тяжесть содеянных им грехов, предательство окружения и необратимый крах надежд на достойное преемство власти.","{""rating"": ""хороший"", ""liked"": ""Сильная актёрская работа Александра Яценко и Сергея Маковецкого, внимание к историческим деталям, богатые костюмы и масштабная визуальная составляющая."", ""disliked"": ""Некоторым зрителям показался затянутым темп повествования и не хватило динамики в сценах политических интриг при дворе царя.""}",series,,0,,0,episode,,
8449,ДИСК 2,X:\сериалы\Hotel.Eleon.2017.S03.WEB-DL(1080p).OlLanDGroup,,Hotel.Eleon.2017.S03.WEB-DL(1080p).OlLanDGroup,Hotel Eleon,Отель Элеон,2017,Семейные,"[""Комедия"", ""Мелодрама""]","Россия, Украина","[""Максим Свешников"", ""Антон Федотов""]","[""Милош Бикович"", ""Екатерина Вилкова"", ""Григорий Сиятвинда"", ""Ольга Кузьмина"", ""Виктор Хориняк""]",завершён,3.0,[],"{""imdb"": 6.8, ""tmdb"": 7.4}",[],"Третий сезон продолжает историю отеля «Элеон», где кипят нешуточные страсти после смены владельца и череды кадровых перестановок. Михаил Джекович пытается удержать порядок в отеле, сталкиваясь с новыми амбициозными героями и старыми проблемами, в то время как Павел Аркадьевич продолжает искать пути к обогащению и любви. Элеонора Андреевна возвращается, чтобы навести порядок в своих владениях, что приводит к комичным и драматическим ситуациям. Интриги между персонажами становятся сложнее, а каждая серия приносит новые вызовы для администраторов, поваров и горничных. Управление отелем превращается в настоящую битву характеров, где дружба часто переплетается с профессиональной ревностью. Финал сезона ставит точку в запутанных любовных линиях и подводит итоги многолетней борьбы за власть в стенах легендарного отеля, оставляя героев перед лицом кардинальных жизненных перемен.","Динамичная, яркая и комедийная обстановка современного отеля, наполненная лёгким авантюризмом и частой сменой событийных декораций.",Заключительный сезон дарит долгожданные ответы на интриги предыдущих частей и позволяет увидеть завершение эволюции всех ключевых персонажей.,"для легкого вечера с комедийным настроением, когда хочется отвлечься от повседневных забот и понаблюдать за чужими авантюрами.",,"В нашем отеле возможно всё, главное — чтобы гость об этом никогда не узнал.","Сериал можно досмотреть до конца, так как третий сезон является финальным и дает ответы на все вопросы.","[""Третий сезон стал последним для проекта, после чего история персонажей «Отеля Элеон» перекочевала в спин-офф «Гранд»."", ""Милош Бикович, исполнивший роль Павла, специально учил русский язык, чтобы сниматься без дубляжа, и в ходе съемок значительно улучшил произношение."", ""В эпизодических ролях третьего сезона часто появлялись реальные знаменитости, играющие самих себя, что придавало сериалу оттенок светской хроники."", ""Сцены интерьера отеля снимались в специально построенных павильонах, которые были настолько реалистичны, что посетители часто путали их с настоящей гостиницей."", ""Изначально планировалось развитие любовной линии Павла и Даши, но из-за плотных графиков актеров сценаристы пошли по пути более драматичных поворотов.""]","[""Кухня"", ""Гранд"", ""Отель «Белград»"", ""Ивановы-Ивановы""]","После многочисленных интриг и смены владельцев отель обретает стабильность: Павел и София окончательно решают свои личные и профессиональные конфликты, а коллектив находит баланс между работой и дружбой.","{""rating"": ""хороший"", ""liked"": ""Зрители отмечают яркую химию между актерами, динамичный комедийный сюжет и неизменно стильную атмосферу дорогого отельного бизнеса."", ""disliked"": ""Некоторых поклонников разочаровала резкая смена приоритетов ключевых персонажей и излишняя предсказуемость некоторых драматических поворотов финала сезона.""}",series,,0,,0,episode,,
8450,ДИСК 2,X:\сериалы\Insomnia.2024.S01.WEB-DL.1080p.TVShows,,Insomnia.2024.S01.WEB-DL.1080p.TVShows,Insomnia,Бессонница,2024,Триллеры,"[""Триллер"", ""Драма""]",Великобритания,"[""Боркун Сигурдссон""]","[""Вики Макклюр"", ""Том Хантер-Данн"", ""Смити Осадуба"", ""Линдси Коулсон"", ""Роберт Гилберт""]",завершён,1.0,[],"{""imdb"": 5.9, ""tmdb"": 6.8}",[],"Сюжет сериала разворачивается вокруг молодой женщины по имени Анна, которая страдает от многолетней, мучительной бессонницы. Жизнь героини превращается в бесконечную борьбу с реальностью, где границы между сном и явью начинают стремительно стираться. Вскоре Анна обнаруживает, что её состояние не является обычным расстройством, а связано с пугающим семейным проклятием, передающимся по женской линии. Пытаясь отыскать ответы в прошлом своей семьи, она сталкивается с темными секретами, которые должны были остаться погребенными навсегда. По мере развития событий главная героиня осознает, что единственный способ спасти себя — это встретиться лицом к лицу с ночными кошмарами, которые преследуют её не только во сне, но и в бодрствующем состоянии, угрожая окончательно поглотить её рассудок и саму жизнь.","Гнетущая, тревожная атмосфера психологического триллера, пропитанная чувством паранойи, постоянным напряжением и давящим ощущением приближающейся неминуемой катастрофы.","Сериал мастерски играет с восприятием реальности, заставляя зрителя сомневаться в увиденном и погружая в глубокий психологический лабиринт вместе с главной героиней.","для глубокого ночного просмотра в одиночестве, когда хочется пощекотать нервы и погрузиться в атмосферу мистической неопределенности.",,"Правда — это не то, что ты помнишь, а то, что осталось, когда память стерли.",,"[""Сериал исследует психологические границы человеческой психики в условиях экстремального отсутствия сна и постоянного наблюдения."", ""Съемочная группа использовала уникальное освещение, чтобы передать гнетущее ощущение дезориентации героев во времени и пространстве."", ""Актеры прошли специальную подготовку, чтобы максимально реалистично изобразить состояние прогрессирующей бессонницы и галлюцинаций."", ""Проект вдохновлен реальными медицинскими экспериментами по лишению сна, проводившимися в середине двадцатого века в закрытых лабораториях.""]","[""Машинист"", ""Эксперимент «Офис»"", ""Черное зеркало"", ""Разделение"", ""Помни""]","Главный герой осознает, что его воспоминания являются сфабрикованной симуляцией, и предпринимает попытку разорвать бесконечный цикл психологического эксперимента, жертвуя своей личностью ради истины.","{""rating"": ""хороший"", ""liked"": ""Напряженная атмосфера безысходности, глубокое погружение в психологический распад героев и качественная работа оператора, передающая паранойю через визуальный ряд."", ""disliked"": ""Местами слишком медленный темп повествования и запутанность сюжета могут вызвать утомление у неподготовленного зрителя к середине сезона.""}",series,,0,,0,episode,,
8451,ДИСК 2,X:\сериалы\Izmeny.2015.WEB-DL.(1080p),,Izmeny.2015.WEB-DL.(1080p),Izmeny,Измены,2015,Триллеры,"[""Драма"", ""Мелодрама""]",Россия,"[""Вадим Перельман""]","[""Елена Лядова"", ""Глафира Тарханова"", ""Евгений Стычкин"", ""Кирилл Кяро"", ""Михаил Трухин""]",завершён,1.0,[],"{""imdb"": 7.7, ""tmdb"": 7.4}","[""ТЭФИ — лучший телевизионный многосерийный фильм"", ""Ассоциация продюсеров кино и телевидения — лучший сериал""]","Главная героиня Ася живет в браке с обычным мужчиной, однако ведет насыщенную тайную жизнь, имея сразу троих любовников. Неожиданно в её размеренное существование врывается подруга детства Даша, чья жизнь кажется полной противоположностью — она замужем за состоятельным человеком, но совершенно не умеет справляться с семейными проблемами и постоянными изменами супруга. Даша просит Асю научить её жить так же легко и беззаботно, не принимая предательства близко к сердцу. Это событие запускает цепочку непредсказуемых ситуаций, в которых переплетаются судьбы всех героев. Интриги, ложь и комичные недоразумения раскрывают истинные лица персонажей, показывая, что за каждым фасадом благополучия скрываются глубокие страхи, одиночество и острое желание быть по-настоящему любимыми в мире, где искренность стала непозволительной роскошью для взрослых людей.","Ироничная, порой циничная и местами драматичная атмосфера современного мегаполиса, пропитанная психологическим напряжением и тонким городским юмором.","Сериал предлагает редкий для отечественного телевидения честный и многогранный взгляд на природу верности, любви и человеческих слабостей без лишнего морализаторства.","для глубокого раздумья о личных отношениях, сопровождаемого легкой иронией над превратностями судьбы и человеческой природой",,"— А ты когда-нибудь задумывалась, почему мы все врем? — Чтобы не делать больно? — Нет, чтобы не было больно нам самим.","Сериал является законченной историей из 16 серий, поэтому смотреть его стоит целиком.","[""Сериал стал одним из самых рейтинговых проектов канала ТНТ, собрав рекордную долю аудитории в своем слоте."", ""Сценарист Дарья Грацевич писала проект, вдохновляясь личными наблюдениями за современными отношениями и их сложностями."", ""Елена Лядова была утверждена на главную роль без кастинга, так как авторы видели исключительно её в образе Аси."", ""Проект получил престижную премию ТЭФИ в номинации «Лучший телевизионный сериал» в 2016 году."", ""Музыкальное сопровождение сериала создало уникальный меланхоличный тон, подчеркивающий внутреннее одиночество персонажей.""]","[""Сладкая жизнь"", ""Содержанки"", ""Бывшие"", ""Псих"", ""Краткий курс счастливой жизни""]","Главная героиня Ася, пройдя через череду измен и ложных надежд, в итоге оказывается в одиночестве, осознав тщетность попыток построить счастье на обмане и предательстве близких людей.","{""rating"": ""отличный"", ""liked"": ""Блестящая актерская игра Елены Лядовой, честный и откровенный взгляд на измены, а также тонкий психологизм отношений."", ""disliked"": ""Некоторым зрителям показался слишком циничным и провокационным подход к моральным нормам и поведению главных героев.""}",series,,0,,0,episode,,
8452,ДИСК 2,X:\сериалы\Kizilcik Serbeti.s04.WEB-DLRip1080p,,Kizilcik Serbeti.s04.WEB-DLRip1080p,Kızılcık Şerbeti,Клюквенный щербет,2024,Семейные,"[""Драма"", ""Мелодрама""]",Турция,"[""Кетче"", ""Хакан Кыравач""]","[""Барыш Кылыч"", ""Эврим Аласья"", ""Сеттар Танрыоген"", ""Сыла Тюркоглу"", ""Догукан Гюнгёр""]",продолжается,4.0,[],"{""imdb"": 6.8, ""tmdb"": 7.4}","[""Золотая бабочка — лучший сериал"", ""Золотая бабочка — лучший сценарий""]","Четвёртый сезон продолжает запутанную историю противостояния двух семей с радикально разными взглядами на жизнь, традиции и религию. После громких скандалов и трагических событий предыдущих глав, герои пытаются наладить хрупкое перемирие ради общего будущего детей. Конфликты между консервативными взглядами Уналов и светскими устоями Арсланов достигают пика, когда старые обиды всплывают на поверхность с новой силой. В центре сюжета по-прежнему остаются запретные чувства, борьба за независимость внутри патриархальных устоев и попытки сохранить брак в условиях постоянного общественного давления. Новые интриги, предательства близких друзей и неожиданные повороты в личной жизни каждого члена семьи заставляют персонажей принимать сложные моральные решения, которые навсегда изменят привычный уклад их жизни, ставя под вопрос саму возможность сосуществования таких разных миров в рамках одной семьи.","Напряжённая эмоциональная драма с элементами восточной эстетики, где переплетаются семейные тайны, социальное неравенство и глубокие культурные противоречия.","История предлагает захватывающий взгляд на современное турецкое общество, мастерски балансируя между глубокой драмой и динамичным развитием событий.","Для долгого просмотра с чашкой чая, когда хочется погрузиться в перипетии чужих непростых семейных отношений.",,"В любви нет места чужим правилам, но именно они чаще всего разрушают самые искренние чувства.","После 2-го сезона, когда завершаются основные сюжетные арки первого конфликта.","[""Сериал основан на реальных событиях, рассказанных психологом Гюльсерен Будайыджиоглу, работавшей с подобными семейными конфликтами."", ""Проект вызвал огромный общественный резонанс в Турции из-за откровенного показа столкновения светских и консервативных взглядов."", ""Высокий рейтинг сериала позволил продюсерам значительно расширить актерский состав к четвёртому сезону, добавляя новых влиятельных персонажей."", ""Из-за скандального характера некоторых сцен сериал неоднократно получал штрафы от турецкого регулятора RTÜK за 'нарушение семейных ценностей'.""]","[""Зимородок"", ""Стамбульская невеста"", ""Ветреный"", ""Черная любовь""]","Сезон завершается на пике драматического напряжения, где герои вынуждены окончательно выбирать между семейными традициями и личным счастьем на фоне катастрофических разоблачений.","{""rating"": ""хороший"", ""liked"": ""Зрители высоко оценивают глубокую психологическую проработку конфликтов, яркую игру ведущих актеров и динамичное развитие сложных семейных отношений."", ""disliked"": ""Некоторых зрителей утомляет затянутость интриг, бесконечные страдания главных героев и слишком большое количество драматических событий на один эпизод.""}",series,,0,,0,episode,,
8453,ДИСК 2,X:\сериалы\Kurulus.Osman.S01.DUB.WEBRip.1080p,,Kurulus.Osman.S01.DUB.WEBRip.1080p,,,0,Драмы,,,,,,0.0,,,,,,,,,,,,,,,series,,0,,0,,,
8454,ДИСК 2,X:\сериалы\Kurulus.Osman.S02.DUB.WEBRip.1080p,,Kurulus.Osman.S02.DUB.WEBRip.1080p,,,0,Драмы,,,,,,0.0,,,,,,,,,,,,,,,series,,0,,0,,,
8455,ДИСК 2,X:\сериалы\Mad Men 1 - LostFilm.TV [1080p],,Mad Men 1 - LostFilm.TV [1080p],,,0,Драмы,,,,,,0.0,,,,,,,,,,,,,,,series,,0,,0,,,
8456,ДИСК 2,X:\сериалы\Marie.Antoinette.S02.MVO.BDRip.1080p,,Marie.Antoinette.S02.MVO.BDRip.1080p,Marie Antoinette,Мария-Антуанетта,2022,Исторические/Костюмированные,"[""Драма"", ""История"", ""Биография""]","Франция, Великобритания","[""Пит Трэвис"", ""Джеффри Энтховен""]","[""Эмилия Шуле"", ""Луис Каннингем"", ""Джек Артур"", ""Джеймс Пьюрфой"", ""Мартон Чокаш""]",продолжается,2.0,[],"{""imdb"": 6.3, ""tmdb"": 6.8}",[],"Второй сезон исторической драмы продолжает рассказ о тернистом пути юной эрцгерцогини Марии-Антуанетты, оказавшейся в эпицентре интриг французского двора. После рождения наследника королева пытается утвердить свое влияние, сталкиваясь с жестким сопротивлением консервативного окружения и растущим недовольством народа. Отношения с мужем, королем Людовиком XVI, проходят проверку на прочность из-за политических разногласий и личных амбиций. Королева ищет способ обрести подлинную свободу внутри жесткой придворной системы, однако каждое ее решение провоцирует новые скандалы и приближает неизбежный крах монархии. Атмосфера Версаля становится все более удушающей, где роскошные балы скрывают гниль политических заговоров, а каждое неверно сказанное слово может стоить жизни. Постепенно героиня осознает, что ее жизнь — это не только корона, но и тяжелое бремя ответственности за судьбу огромной страны, стремительно несущейся навстречу великим потрясениям и кровавой революции.","Тягучая, напряженная и роскошная историческая драма, пропитанная ароматами пудры, интриг и предчувствием надвигающейся социальной катастрофы.","История предлагает свежий взгляд на знакомую историческую личность, акцентируя внимание на личной драме, борьбе за эмансипацию и скрытых механизмах власти, которые предопределили падение великой империи.","для погружения в эстетику эпохи Просвещения и размышлений о цене власти, чести и личных желаний.",,"Я не боюсь за свою жизнь, я боюсь за то, что останется после меня.","Первый сезон вполне самодостаточен, если вы хотите избежать финала, связанного с началом революции.","[""Сериал снимался в настоящих локациях Версаля, включая знаменитую Зеркальную галерею и личные покои королевы, что придаёт картинке особую историческую достоверность."", ""Художники по костюмам создали более 300 уникальных нарядов для второго сезона, чтобы максимально точно передать смену модных тенденций и драматическое развитие героини."", ""Эмилия Шюле провела несколько месяцев, изучая этикет и французский язык XVIII века, чтобы передать эволюцию Марии-Антуанетты от наивной эрцгерцогини до уверенной в себе правительницы."", ""Второй сезон фокусируется на сложных политических интригах и охлаждении отношений с Людовиком XVI, что стало исторической вехой, предопределившей дальнейшую судьбу французской монархии.""]","[""Версаль"", ""Корона"", ""Бриджертоны"", ""Чужестранка"", ""Тюдоры""]","Сезон завершается нарастанием революционных настроений: Мария-Антуанетта теряет контроль над двором, а её репутация окончательно разрушается на фоне финансовых кризисов и личных трагедий, предвещая неизбежный крах монархии.","{""rating"": ""хороший"", ""liked"": ""Великолепная работа художников по костюмам, глубокая проработка характера королевы, завораживающая атмосфера королевского двора и отличный актёрский состав."", ""disliked"": ""Некоторым зрителям показался излишне медленный темп повествования и чрезмерное внимание к придворным сплетням в ущерб историческим событиям.""}",series,,0,,0,episode,,
8457,ДИСК 2,X:\сериалы\Muhtesem Yuzyil,,Muhtesem Yuzyil,Muhteşem Yüzyıl,Великолепный век,2011,Исторические/Костюмированные,"[""Драма"", ""Боевик"", ""Приключения""]",Турция,"[""Ягмур Тайлан"", ""Дурул Тайлан""]","[""Халит Эргенч"", ""Мерьем Узерли"", ""Небахат Чехре"", ""Окан Ялабык"", ""Нур Феттахоглу""]",завершён,4.0,[],"{""imdb"": 6.7, ""tmdb"": 7.4}","[""Золотая бабочка — лучший сериал"", ""Золотая бабочка — лучшая актриса (Мерьем Узерли)""]","История восхождения на османский престол султана Сулеймана Великолепного разворачивается вокруг его страстной и разрушительной любви к славянской пленнице Хюррем-султан. Попав в гарем в качестве рабыни, амбициозная Александра не просто борется за жизнь в жесткой иерархии султанского дворца, но и становится главной фигурой в государственных интригах, меняя ход истории целой империи. Сериал подробно описывает не только личную жизнь падишаха, его многочисленных жен и детей, но и сложные политические игры, борьбу за власть внутри династии, дворцовые заговоры и военные походы, которые расширяли границы великого государства. На протяжении многих лет зритель наблюдает за трансформацией персонажей, их моральным разложением или духовным ростом, превращением невинных юношей и девушек в расчетливых правителей, чьи амбиции часто вступают в конфликт с долгом перед семьей, верой и государством, оставляя после себя лишь кровавый след в истории великой Османской империи.","Роскошный, интригующий и эмоционально насыщенный восточный эпос, пропитанный ароматами интриг, золота, страсти и дворцовых тайн.","Масштабная историческая драма, мастерски сочетающая в себе глубокие психологические портреты, роскошные декорации и захватывающие политические интриги, от которых невозможно оторваться.",Для долгого погружения в атмосферу дворцовых переворотов и великих страстей под звуки турецких народных инструментов.,,"В этом мире всё — лишь пыль, а вечность принадлежит только Аллаху.","После 4-го сезона, так как сюжетная линия Хюррем-султан завершается, а последующие части воспринимаются как менее динамичное продолжение.","[""Сериал стал одним из самых дорогостоящих проектов турецкого телевидения, на создание декораций и костюмов были потрачены огромные суммы."", ""Исполнительница роли Хюррем, Мерьем Узерли, до участия в проекте практически не знала турецкого языка и учила реплики с трудом."", ""Костюмеры создали более пяти тысяч уникальных нарядов, вдохновленных османской эпохой, чтобы передать атмосферу роскоши дворца Топкапы."", ""Проект вызвал горячие дискуссии в Турции из-за вольной интерпретации исторических событий и изображения быта султанского гарема."", ""Съемочная площадка занимала площадь около пяти тысяч квадратных метров, на которой были воссозданы интерьеры султанских покоев.""]","[""Кёсем-султан"", ""Воскресший Эртугрул"", ""Тюдоры"", ""Корона"", ""Орден""]","Султан Сулейман умирает во время военного похода, оставляя после себя могущественную империю и осознание того, что власть и величие принесли ему лишь глубокое одиночество.","{""rating"": ""хороший"", ""liked"": ""Потрясающая работа художников по костюмам, великолепная актерская игра исполнителей главных ролей и захватывающая интрига дворцовой борьбы за власть."", ""disliked"": ""Некоторые зрители отмечают излишнюю затянутость сюжета в поздних сезонах и существенные расхождения с реальными историческими фактами биографии султана.""}",series,,0,,1,episode,,
8458,ДИСК 2,X:\сериалы\Osnovanie Osman 4 sezon,,Osnovanie Osman 4 sezon,Kuruluş Osman,Основание: Осман,2022,Исторические/Костюмированные,"[""История"", ""Драма"", ""Боевик"", ""Приключения""]",Турция,"[""Метин Гюнай""]","[""Бурак Озчивит"", ""Йилдыз Чагры Атиксой"", ""Серхан Онат"", ""Рюзгар Аксой"", ""Эмре Бей""]",продолжается,6.0,[],"{""imdb"": 7.4, ""tmdb"": 7.6}","[""Премия 'Золотая бабочка' за лучший исторический сериал""]","Четвертый сезон исторической саги продолжает историю становления Османа I, основателя Османской империи. Главный герой укрепляет свою власть, расширяя границы бейлика и вступая в ожесточенные противостояния с византийскими наместниками и внутренними предателями. Основное внимание уделяется политическим интригам в Йенишехире, попыткам Османа сплотить разрозненные тюркские племена и его стратегии по созданию независимого государства. Центральный конфликт разворачивается вокруг борьбы за укрепление господства в регионе, где каждый шаг правителя сопровождается кровавыми битвами, неожиданными союзами и потерей близких соратников. Герой сталкивается с новыми могущественными врагами, стремящимися уничтожить его начинания в зародыше, вынуждая его демонстрировать не только мастерство воина, но и мудрость государственного деятеля, способного принимать тяжелые решения ради великого будущего своего народа и грядущей империи.","Масштабная, напряженная и эпическая атмосфера исторического величия, наполненная звоном мечей, политической борьбой и глубоким чувством преданности родному народу.","Масштабная постановка с обилием батальных сцен и интриг, которая идеально подходит для любителей длительных исторических драм о становлении великих империй и харизматичных лидеров.",для глубокого погружения в атмосферу исторического эпоса и борьбы за власть,,"Там, где есть вера, есть путь, даже если перед нами горы.","После 3 сезона, так как сюжет 4 сезона становится чрезмерно затянутым и повторяющимся","[""Сериал является прямым продолжением популярной саги 'Воскресший Эртугрул', развивая историю становления Османской империи."", ""Главную роль Османа Гази исполняет Бурак Озчивит, который прошел серьезную подготовку по верховой езде и владению мечом."", ""Специально для проекта были построены масштабные декорации города Енишехир, включающие рынки, дворцы и военные лагеря."", ""Историческая достоверность в проекте часто сочетается с художественным вымыслом для придания повествованию большей драматичности и динамики."", ""Четвертый сезон отличается повышенным вниманием к политическим интригам и борьбе за влияние внутри самого тюркского бейлика.""]","[""Воскресший Эртугрул"", ""Альп-Арслан: Великий Сельджук"", ""Великолепный век"", ""Мехмед: Завоеватель мира""]","Осман-бей одерживает решающую победу над византийскими силами и внутренними предателями, укрепляя основы своего будущего государства, несмотря на тяжелые потери среди верных соратников.","{""rating"": ""хороший"", ""liked"": ""Масштабные батальные сцены, харизматичное исполнение главной роли Бураком Озчивитом и глубокое погружение в историческую атмосферу средневековья."", ""disliked"": ""Чрезмерно затянутый хронометраж эпизодов и обилие повторяющихся драматических линий могут утомлять зрителя к середине сезона.""}",series,,0,,0,arc,,
8459,ДИСК 2,X:\сериалы\Osnovanie.Osman.03.sezon.2021.rus.DVO.WEB-DLRip.1080p,,Osnovanie.Osman.03.sezon.2021.rus.DVO.WEB-DLRip.1080p,Kuruluş Osman,Основание: Осман,2021,Исторические/Костюмированные,"[""История"", ""Боевик"", ""Приключения"", ""Драма""]",Турция,"[""Метин Гюнай""]","[""Бурак Озчивит"", ""Нуреттин Сёнмез"", ""Рагып Саваш"", ""Сарухан Хюнель"", ""Озге Торер""]",продолжается,5.0,[],"{""imdb"": 7.5, ""tmdb"": 7.9}","[""Премия 'Золотая бабочка' за лучший сериал"", ""Награда 'Качественный сериал года' по версии Quality of Magazine""]","Третий сезон исторической саги продолжает путь Османа Гази, стремящегося укрепить свое бейство в условиях постоянных внутренних распрей и внешних угроз со стороны византийских правителей. Осман сталкивается с предательством среди союзников, интригами коварных текфуров и необходимостью консолидировать разрозненные тюркские племена. Основным конфликтом становится противостояние с крепостью Инегёль и борьба за признание своего влияния как будущего основателя империи. Герой проходит через суровые испытания, теряя соратников, но обретая мудрость правителя, способного принимать жесткие решения ради блага своего народа. Параллельно развивается линия поиска справедливости и защиты веры, где каждое столкновение проверяет на прочность преданность его окружения. Масштабные сражения и напряженные политические игры выводят конфликт на новый уровень, превращая небольшое поселение в зарождающееся могущественное государство, готовое бросить вызов самым сильным противникам того времени.","Эпическая и напряженная обстановка средневековья, наполненная духом борьбы за свободу, честью воинов и восточным колоритом.","Третий сезон предлагает захватывающее сочетание масштабных батальных сцен и глубокой политической драмы, демонстрируя становление легендарного лидера нации.","Для погружения в историческую атмосферу завоеваний и героических подвигов, подкрепленную ощущением важности исторических перемен.",,"Справедливость — это меч, который не знает пощады к тем, кто сеет хаос на землях правоверных.","Сериал можно завершить после 3-го сезона, так как сюжетная арка становления бейлика логически достигает своей первой важной вершины.","[""Сериал является прямым продолжением популярного исторического проекта 'Воскресший Эртугрул', развивая историю становления Османской империи."", ""Главную роль Османа Гази исполняет Бурак Озчивит, который прошел серьезную физическую и верховую подготовку для достоверного образа воина."", ""Съемочная площадка в Стамбуле занимает огромную площадь, где декораторы построили реалистичные поселения, рынки и крепости времен XIII века."", ""Историческая достоверность событий дополняется художественным вымыслом, что делает проект одним из самых дорогостоящих и масштабных в истории турецкого телевидения.""]","[""Воскресший Эртугрул"", ""Великолепный век"", ""Альп-Арслан: Великий Сельджук"", ""Пробуждение: Великие Сельджуки""]","Осман-бей, окончательно подавив внутренние интриги и противостояние с текфурами, укрепляет основы своего будущего государства, готовясь к решающим сражениям за независимость своего народа.","{""rating"": ""хороший"", ""liked"": ""Масштабные батальные сцены, харизматичная игра Бурака Озчивита, качественные костюмы и глубокое погружение в атмосферу средневекового тюркского быта и политики."", ""disliked"": ""Излишняя затянутость многих сцен, предсказуемые сюжетные ходы и чрезмерное количество пафосных диалогов, растянутых на многие минуты эфирного времени.""}",series,,0,,0,arc,,
8460,ДИСК 2,X:\сериалы\Ottepel.2013.4xDVD9,,Ottepel.2013.4xDVD9,Оттепель,Оттепель,2013,Исторические/Костюмированные,"[""Драма"", ""Мелодрама"", ""История""]",Россия,"[""Валерий Тодоровский""]","[""Евгений Цыганов"", ""Александр Яценко"", ""Анна Чиповская"", ""Виктория Исакова"", ""Михаил Ефремов""]",завершён,1.0,[],"{""imdb"": 7.5, ""tmdb"": 7.1}","[""Премия «Ника» за лучший телевизионный сериал"", ""Премия «Золотой орел» за лучший телевизионный сериал""]","Действие разворачивается в 1961 году на киностудии «Мосфильм», где молодая съемочная группа пытается завершить картину «Девушка и бригадир» после трагической гибели талантливого оператора Кости Паршина. Главный герой, амбициозный оператор Хрусталев, сталкивается с творческим кризисом, личными драмами и жестким давлением советской цензуры, которая требует идеологической чистоты и послушания. В то же время за кулисами кипит жизнь, полная интриг, запретной любви, предательств и отчаянных попыток вырваться из тисков системы ради искусства. Герои балансируют на грани успеха и краха, пытаясь сохранить достоинство в условиях, где малейший шаг влево грозит исключением из профессии, а каждый новый съемочный день превращается в сложную психологическую партию между художниками, партийными функционерами и личными демонами каждого участника процесса.","Ностальгическая и элегантная реконструкция эпохи шестидесятников, наполненная эстетикой советского кино, дымом сигарет, джазом и скрытым драматическим напряжением.","Сериал является одним из самых стильных и глубоких отечественных проектов, который мастерски передает дух «оттепели» через призму профессиональной и личной жизни киноделов.",для вдумчивого вечернего просмотра с легким налетом светлой ностальгии и размышлений о цене успеха в искусстве,,"В кино нет никакой правды, есть только то, что мы снимаем.",,"[""Режиссёр Валерий Тодоровский лично писал сценарий, вдохновляясь воспоминаниями отца о жизни киностудий 60-х годов."", ""Для воссоздания атмосферы эпохи художники по костюмам использовали подлинные винтажные вещи, найденные в частных коллекциях."", ""Музыку к сериалу написал Константин Меладзе, чьи композиции стали отдельным культурным феноменом после выхода проекта."", ""Актёры специально проходили тренинги по речи, чтобы имитировать манеру общения и интонации советской интеллигенции того времени.""]","[""Стиляги"", ""Мастер и Маргарита"", ""Подстрочник"", ""Дом с лилиями""]","Хрусталев осознает крах своих творческих амбиций и личных иллюзий, завершая съемки фильма в атмосфере общей утраты надежд и перемен в обществе.","{""rating"": ""отличный"", ""liked"": ""Потрясающая работа художников-постановщиков, глубокая актёрская игра Евгения Цыганова и невероятно стильная музыкальная составляющая создают уникальный эффект погружения."", ""disliked"": ""Некоторым зрителям показался излишне затянутым темп повествования в середине сезона и обилие мелодраматических линий между второстепенными героями.""}",series,,0,,0,episode,,
8461,ДИСК 2,X:\сериалы\Protyvostoyanie.s01.2019.L1.WEBRip720p,,Protyvostoyanie.s01.2019.L1.WEBRip720p,Protyvostoyanie,Противостояние,2019,Расследования,"[""Криминал"", ""Детектив"", ""Драма""]",Россия,"[""Сергей Урсуляк""]","[""Владимир Вдовиченков"", ""Алексей Гуськов"", ""Карина Андоленко"", ""Александр Горбатов"", ""Сергей Маковецкий""]",завершён,1.0,[],"{""imdb"": 7.1, ""tmdb"": 7.0}",[],"События разворачиваются в альтернативной реальности, где мир захватила глобальная пандемия гриппа, известного как «Капитан Торс». Болезнь уничтожает почти всё население планеты, оставляя выживших в состоянии хаоса и неопределенности. Люди начинают видеть пророческие сны, которые делят их на два лагеря. Одни примыкают к мудрой 108-летней проповеднице Матушке Абагейл, олицетворяющей силы света, другие попадают под влияние демонического Рэндалла Флэгга, стремящегося к тотальной тирании и разрушению. В центре повествования оказывается группа героев, вынужденных сделать непростой моральный выбор между добром и абсолютным злом. Масштабное противостояние двух лагерей в руинах цивилизации приводит к эпической битве, исход которой определит дальнейшую судьбу человечества. Сериал детально исследует природу власти, человеческую веру в моменты отчаяния и неспособность многих людей противостоять искушению тьмой, даже когда на кону стоит выживание вида.","Гнетущая постапокалиптическая эстетика, пропитанная мистическим страхом, ощущением безысходности и вечным конфликтом между божественным светом и инфернальным злом.","Масштабная экранизация культового романа Стивена Кинга, которая предлагает глубокое философское размышление о добре и зле в декорациях гибнущего мира.",для погружения в мрачную атмосферу философского постапокалипсиса с элементами мистики и борьбы за выживание в условиях глобальной катастрофы,,"Законы — это просто слова, написанные людьми, которые боятся тех, кто смеет нарушать установленный порядок.",,"[""Сценарий мини-сериала был написан самим Стивеном Кингом, который специально для экранизации 2020 года придумал новую концовку."", ""Александр Скарсгард, сыгравший Рэндалла Флэгга, признавался, что вдохновлялся образом рок-звезд при создании своего харизматичного антагониста."", ""Съемки проходили в Ванкувере, где декораторы построили масштабные локации для воссоздания постапокалиптических городов США."", ""Вупи Голдберг, исполнившая роль Матушки Абагейл, является давней поклонницей романа и мечтала об этой роли более 30 лет.""]","[""Оставленные"", ""Под куполом"", ""Ходячие мертвецы"", ""Станция одиннадцать""]","После разрушительного вируса мир раскалывается на два лагеря: сторонники Матушки Абигейл стремятся к восстановлению общества, а последователи Рэндалла Флэгга выбирают хаос и разрушение, что ведет к неизбежному финалу в Лас-Вегасе.","{""rating"": ""средний"", ""liked"": ""Зрители высоко оценили атмосферное визуальное воплощение постапокалиптического мира и убедительную игру Александра Скарсгарда в роли темного антагониста."", ""disliked"": ""Многие фанаты остались недовольны скомканным повествованием и существенными изменениями в структуре сюжета по сравнению с оригинальным романом Кинга.""}",series,,0,,0,episode,,
8462,ДИСК 2,X:\сериалы\Rome 1 - LostFilm.TV [1080p],,Rome 1 - LostFilm.TV [1080p],Rome,Рим,2005,Исторические/Костюмированные,"[""Исторический"", ""Драма"", ""Боевик""]","США, Великобритания","[""Майкл Аптед"", ""Аллен Култер"", ""Алан Пол""]","[""Кевин МакКидд"", ""Рэй Стивенсон"", ""Полли Уокер"", ""Керри Кондон"", ""Джеймс Пьюрфой""]",завершён,2.0,[],"{""imdb"": 8.7, ""tmdb"": 8.5}","[""Эмми — лучшие костюмы"", ""Эмми — лучшие визуальные эффекты"", ""Номинация на Золотой глобус — лучший драматический сериал""]","Сюжет сериала разворачивается в I веке до нашей эры в период падения Римской республики. История подается через призму жизни двух простых легионеров, Луция Ворена и Тита Пуллона, чьи судьбы неразрывно переплетаются с великими политическими интригами того времени. Зритель становится свидетелем борьбы за власть между Юлием Цезарем и Марком Антонием, наблюдает за становлением империи Октавиана Августа и видит подковерные игры высшего римского общества. Сериал мастерски сочетает масштабные исторические события с личными драмами, показывая, как амбиции правителей ломают жизни обычных граждан. Рим предстает не как идеализированный центр цивилизации, а как грязный, жестокий и полный противоречий мегаполис, где честь и преданность часто становятся разменной монетой в политической игре, определяющей будущее всего античного мира на долгие столетия вперед.","Жесткая, исторически достоверная и реалистичная обстановка, передающая дух Древнего Рима с его величием, грязью и политическими страстями.","Масштабная историческая драма с невероятным вниманием к деталям, глубокой проработкой персонажей и реалистичным показом политических интриг античности.","для погружения в эпоху дворцовых переворотов, жестоких сражений и масштабных исторических потрясений, требующих вдумчивого просмотра",,"В конечном счете, все дороги ведут в Рим.",,"[""Сериал стал одним из самых дорогих проектов в истории телевидения на момент своего выхода из-за детальной реконструкции Древнего Рима."", ""Съёмки проходили на студии «Чинечитта» в Италии, где для проекта построили колоссальные декорации римских форумов и улиц."", ""Создатели планировали пять сезонов, но из-за огромных производственных затрат историю пришлось сократить до двух сезонов."", ""Кевин МакКидд, исполнивший роль Луция Ворена, долго сомневался, стоит ли ему участвовать в историческом проекте, но сценарий его убедил."", ""Исторические консультанты проекта следили за тем, чтобы все бытовые детали, от одежды до еды, соответствовали эпохе поздней Республики.""]","[""Спартак: Кровь и песок"", ""Викинги"", ""Тюдоры"", ""Черные паруса"", ""Игра престолов""]","Сериал завершается трагическим концом: Марк Антоний и Клеопатра совершают самоубийство после поражения, а Октавиан становится первым императором Рима, окончательно устраняя любые угрозы своей единоличной власти.","{""rating"": ""отличный"", ""liked"": ""Потрясающая реконструкция античной эпохи, глубокое развитие персонажей, политические интриги и невероятная достоверность быта Древнего Рима впечатляют каждого зрителя."", ""disliked"": ""Некоторая скомканность повествования во втором сезоне из-за вынужденного сокращения количества эпизодов и закрытия проекта продюсерами.""}",series,,0,,0,episode,,
8463,ДИСК 2,X:\сериалы\Rome 2 - LostFilm.TV [1080p],,Rome 2 - LostFilm.TV [1080p],Rome,Рим,2005,Исторические/Костюмированные,"[""Драма"", ""Боевик"", ""Исторический""]","США, Великобритания, Италия","[""Майкл Аптед"", ""Аллен Култер""]","[""Кевин МакКидд"", ""Рэй Стивенсон"", ""Полли Уокер"", ""Керри Кондон"", ""Джеймс Пьюрфой""]",завершён,2.0,[],"{""imdb"": 8.7, ""tmdb"": 8.4}","[""Эмми — лучшие костюмы"", ""Эмми — лучшие спецэффекты"", ""Золотой глобус — номинация за лучший сериал""]","Действие масштабной исторической драмы разворачивается в Древнем Риме в период падения Республики и становления Империи. Сюжет мастерски переплетает судьбы двух простых легионеров, Люция Ворена и Тита Пуллона, с жизнью величайших исторических личностей той эпохи, включая Юлия Цезаря, Марка Антония и Октавиана Августа. Через призму их личных амбиций, интриг и предательств показан процесс трансформации государства. Зритель погружается в мир жестких политических игр, кровавых сражений, религиозных ритуалов и повседневного быта горожан. Каждая серия детально воссоздает атмосферу античности, где власть, честь и верность подвергаются суровым испытаниям в условиях смены политических режимов. Интриги верхушки общества сталкиваются с суровой реальностью солдатских будней, создавая напряженное повествование о гибели идеалов старой республики под гнетом честолюбивых стремлений диктаторов и их ближайших соратников.","Жестокая, аутентичная и невероятно детализированная реконструкция Древнего Рима, сочетающая высокую политическую драму с приземленным, грязным бытом легионеров.","Сериал считается эталоном исторического кино, предлагающим честный взгляд на античность без глянцевого блеска, с выдающейся актерской игрой и захватывающими дух политическими многоходовками.","Для погружения в эпическую историю, где чувствуется масштаб эпохи и цена власти",,"Оглянись вокруг, Луций. Вот тебе и Рим.",,"[""Сериал стал одним из самых дорогих проектов в истории телевидения на момент выхода, а съемочная площадка в Риме была полностью воссоздана в натуральную величину."", ""Британский актер Кевин Маккидд, сыгравший Люция Ворена, изначально пробовался на роль Марка Антония."", ""Хотя сериал планировался как полноценная сага на пять сезонов, проект пришлось завершить досрочно из-за колоссальных производственных затрат и логистических сложностей."", ""Создатели уделили огромное внимание исторической достоверности быта, включая аутентичные цвета римских стен, которые в реальности были яркими, а не белыми, как принято считать.""]","[""Спартак"", ""Тюдоры"", ""Викинги"", ""Падение Ордена"", ""Черные паруса""]","Марк Антоний погибает в Египте, Октавиан становится императором, а Луций Ворен, воссоединившись с детьми, умирает от полученных в сражении ран, завершая эпоху республики.","{""rating"": ""отличный"", ""liked"": ""Потрясающая актерская игра, глубокая проработка исторических деталей, интригующий политический сюжет и невероятно атмосферное погружение в суровую эпоху Древнего Рима."", ""disliked"": ""Некоторым зрителям может показаться излишне резким и поспешным финал второго сезона из-за вынужденного сокращения количества эпизодов.""}",series,,0,,0,episode,,
8464,ДИСК 2,X:\сериалы\Schmigadoon! (Season 1-2),,Schmigadoon! (Season 1-2),Schmigadoon!,Шмигадун!,2021,Мюзиклы,"[""Комедия"", ""Мюзикл"", ""Фэнтези""]",США,"[""Барри Зонненфельд""]","[""Киган-Майкл Ки"", ""Сесили Стронг"", ""Фред Армисен"", ""Дав Камерон"", ""Кристин Ченовет""]",отменён,2.0,[],"{""imdb"": 7.4, ""tmdb"": 7.3}","[""Премия 'Эмми' за лучшую оригинальную музыку и слова""]","Пара врачей, переживающих глубокий кризис в отношениях, отправляется в поход, чтобы спасти свой брак, но случайно натыкается на волшебный мост. Перейдя его, герои оказываются в городке Шмигадун, где жизнь подчинена законам мюзиклов 1940-х годов. Местные жители постоянно поют и танцуют, выражая свои чувства через яркие музыкальные номера. Главные герои не могут покинуть это место, пока не найдут настоящую любовь. Пара сталкивается с абсурдными ситуациями, пытаясь адаптироваться к правилам утопического городка, где проблемы решаются позитивными песнями. Путешествие превращается в проверку их чувств, заставляя переосмыслить ценности и осознать, что именно их держит вместе. Сериал пародирует классические бродвейские постановки, предлагая зрителю уникальное сочетание иронии, яркой визуальной эстетики, ностальгии по золотому веку мюзикла и глубокого психологического подтекста о любви и зрелости.","Сказочно-ироничная и яркая театральная обстановка с элементами бродвейского стиля, излучающая теплоту, музыкальный драйв и легкое безумие.","Сериал станет идеальным выбором для ценителей мюзиклов, качественного юмора и историй о преодолении кризиса в отношениях через нестандартный подход.","для поднятия настроения, когда хочется погрузиться в яркий и музыкальный мир, полный иронии и искренности.",,"В жизни не бывает счастливого конца, бывает только счастливый момент, который вы выбираете продолжать.","Сериал вполне самодостаточен, но после первого сезона можно остановиться, если не интересен мрачный стиль 70-х.","[""Сериал является оммажем классическим мюзиклам Золотого века Бродвея, включая 'Оклахому!', 'Карусель' и 'Звуки музыки'."", ""Сесили Стронг, исполнительница главной роли, известна как одна из самых ярких участниц шоу Saturday Night Live."", ""Композитор Синко Пол написал более 20 оригинальных песен специально для первого сезона, чтобы точно передать стиль каждого десятилетия."", ""Во втором сезоне действие перемещается в мир мюзиклов 60-х и 70-х годов, таких как 'Чикаго', 'Кабаре' и 'Пиппин'."", ""Кристин Ченовет исполнила свою роль, черпая вдохновение в образах классических театральных злодеек, что принесло ей номинацию на премию 'Эмми'.""]","[""Удивительная миссис Мейзел"", ""Галавант"", ""Плебс"", ""Безумная бывшая"", ""Полет конкордов""]","Герои осознают, что их отношения и личностный рост важнее идеализированной сказки, что позволяет им преодолеть кризис и вернуться к реальности с новым пониманием любви.","{""rating"": ""хороший"", ""liked"": ""Блестящая игра Сесили Стронг, яркие музыкальные номера, ироничный подход к штампам жанра и невероятная харизма актерского состава второго плана."", ""disliked"": ""Специфический жанр мюзикла может показаться утомительным для зрителей, не питающих особой симпатии к театрализованным постановкам и постоянным песенным вставкам.""}",series,,0,,0,episode,,
8465,ДИСК 2,X:\сериалы\Shameless (US). Full HD BD-Remux by Wild_Cat,,Shameless (US). Full HD BD-Remux by Wild_Cat,,,0,Драмы,,,,,,0.0,,,,,,,,,,,,,,,series,,0,,0,,,
8466,ДИСК 2,X:\сериалы\Shogun.2024.WEB-DLRip-AVC.Rus.Dub.FMedia,,Shogun.2024.WEB-DLRip-AVC.Rus.Dub.FMedia,Shōgun,Сёгун,2024,Исторические/Костюмированные,"[""История"", ""Драма"", ""Приключения""]",США,"[""Фредерик И.О. Туа"", ""Джонатан ван Тюллекен"", ""Шарлотта Брандстром""]","[""Хироюки Санада"", ""Космо Джарвис"", ""Анна Саваи"", ""Таданобу Асано"", ""Фуми Никайдо""]",завершён,1.0,[],"{""imdb"": 8.7, ""tmdb"": 8.6}","[""Эмми — лучший драматический сериал"", ""Эмми — лучший актёр в драматическом сериале (Хироюки Санада)""]","Япония, 1600 год. Страна находится на пороге гражданской войны, когда могущественный лорд Торанага сталкивается с угрозой объединения своих врагов в Совете регентов. В это же время к берегам Японии прибивает голландский корабль с английским штурманом Джоном Блэкторном на борту. Появление чужестранца вносит хаос в хрупкое равновесие политических сил. Торанага видит в Блэкторне полезный инструмент для выживания, в то время как другие фракции стремятся уничтожить иноземца как еретика. Судьба Блэкторна переплетается с судьбой высокородной леди Марико, вынужденной выбирать между верностью долгу и личными убеждениями. Сериал разворачивается как сложная шахматная партия, где каждое слово, жест или молчание имеют вес жизни и смерти, а столкновение западной прагматики и восточного кодекса чести навсегда меняет жизни всех участников этого грандиозного исторического противостояния.","Тягучая, медитативная и предельно достоверная историческая драма с пронзительным чувством неизбежности и глубоким уважением к японской культуре.","Масштабная постановка, переосмысливающая классику, предлагает зрителю интеллектуальный сюжет, безупречный визуальный стиль и глубокое погружение в мир средневековой Японии.",Для полного погружения в атмосферу самурайских интриг и философских размышлений об истинном смысле чести.,,"История — это не то, что было на самом деле. Это то, что мы решили запомнить.",,"[""Сериал основан на одноименном романе Джеймса Клавелла, который ранее уже экранизировали в 1980 году с Ричардом Чемберленом."", ""Хироюки Санада не только исполнил главную роль, но и выступил в качестве продюсера, лично следя за исторической достоверностью костюмов и манер."", ""Большая часть съемок проходила в Канаде, несмотря на японский антураж, из-за пандемийных ограничений и возможности воссоздать масштабные декорации."", ""Актеры в сценах, где персонажи говорят на японском, использовали аутентичные диалекты того исторического периода для максимального погружения в эпоху Сэнгоку."", ""Производство заняло более пяти лет, так как создатели стремились уйти от «вестернизированного» взгляда на японскую культуру к более глубокому пониманию контекста.""]","[""Последний самурай"", ""Игра престолов"", ""Марко Поло"", ""Викинги"", ""Меч дракона""]","Торанага достигает абсолютной власти, устраняя всех политических противников, в то время как судьба Блэкторна остается неопределенной — он навсегда остается заперт в чужой культуре, лишившись возможности вернуться домой.","{""rating"": ""отличный"", ""liked"": ""Поражает невероятная визуальная эстетика, глубокое погружение в японскую культуру, блестящая игра Хироюки Санады и напряженный политический сюжет."", ""disliked"": ""Некоторым зрителям может показаться излишне медленным развитие событий в середине сезона и обилие длинных диалогов на японском языке.""}",series,,0,,0,episode,,
8467,ДИСК 2,X:\сериалы\Silo (Season 2) WEB-DL 1080p,,Silo (Season 2) WEB-DL 1080p,Silo,Укрытие,2024,Триллеры,"[""Фантастика"", ""Драма"", ""Триллер"", ""Детектив""]",США,"[""Грэм Йост"", ""Адам Бернштейн""]","[""Ребекка Фергюсон"", ""Рашида Джонс"", ""Дэвид Ойелоуо"", ""Тим Роббинс"", ""Коммон""]",продолжается,2.0,[],"{""imdb"": 8.1, ""tmdb"": 8.1}","[""Номинация на премию Сатурн за лучший научно-фантастический телесериал""]","Сюжет второго сезона продолжает историю Джульетты Николс, которая обнаруживает пугающую правду о внешнем мире и структуре гигантского подземного бункера, называемого Укрытием. После событий финала первого сезона главная героиня оказывается за пределами привычного пространства, сталкиваясь с катастрофическими последствиями жизни на радиоактивной пустоши. Внутри самого Укрытия нарастает политический хаос, подогреваемый фанатизмом администрации и борьбой сопротивления за раскрытие правды о прошлом человечества. Ставки повышаются, когда герои понимают, что истинная цель существования этого рукотворного убежища скрывает гораздо более зловещие тайны, чем предполагалось ранее. История динамично переплетает выживание в экстремальных условиях поверхности и психологическую драму внутри замкнутого социума, где каждый шаг может стать последним, а доверие превращается в самую дорогую валюту среди жителей, обреченных на вечную изоляцию от солнечного света.","Гнетущая антиутопическая среда, пронизанная клаустрофобией, паранойей, индустриальным холодом и постоянным ощущением неминуемой катастрофы в замкнутом пространстве.","Сериал мастерски удерживает внимание за счет загадок, качественной сценарной работы и глубокого исследования человеческой природы в условиях тотального контроля.","для погружения в мрачный мир тайн, корпоративных интриг и философских размышлений о свободе.",,"Если ты выйдешь наружу, ты уже не вернешься.",,"[""Сериал основан на серии книг Хью Хауи, которые изначально автор публиковал по частям в формате самиздата."", ""Гигантская декорация подземного бункера была построена в Лондоне, занимая несколько огромных съемочных павильонов."", ""Ребекка Фергюсон не только исполнила главную роль, но и выступила исполнительным продюсером проекта."", ""Визуальный стиль сериала вдохновлен эстетикой брутализма и промышленного дизайна середины двадцатого века."", ""Для создания достоверной атмосферы ограниченного пространства художники использовали реальные архивные фото шахт.""]","[""Разделение"", ""Сквозь снег"", ""Оставленные"", ""Терра Нова"", ""Падение""]","Джульетта, выбравшись за пределы купола, обнаруживает, что поверхность Земли выглядит живой, однако реальность скрывает еще более масштабный заговор о судьбе человечества и причинах изоляции.","{""rating"": ""отличный"", ""liked"": ""Поражает детально проработанный мир бункера, глубокая психологическая драма и напряжение, возникающее из-за постоянных тайн жителей."", ""disliked"": ""Некоторым зрителям темп повествования кажется слишком размеренным, а ответы на главные загадки раскрываются крайне медленно.""}",series,,0,,0,episode,,
8468,ДИСК 2,X:\сериалы\Snowpiercer.S0.WEB-DL.720p.Rus.Eng,,Snowpiercer.S0.WEB-DL.720p.Rus.Eng,Snowpiercer,Сквозь снег,2020,Триллеры,"[""Фантастика"", ""Боевик"", ""Драма""]",США,"[""Джеймс Хоуз"", ""Сэм Миллер"", ""Эверетт Берроу""]","[""Дженнифер Коннелли"", ""Давид Диггс"", ""Мики Самнер"", ""Элисон Райт"", ""Лена Холл""]",завершён,4.0,[],"{""imdb"": 6.9, ""tmdb"": 7.4}","[""Премия 'Сатурн' — лучший телесериал в жанре экшн/триллер""]","После техногенной катастрофы планета превратилась в ледяную пустыню, где жизнь сохраняется лишь в гигантском поезде, курсирующем по вечному кругосветному маршруту. Внутри состава поддерживается строгая классовая иерархия: привилегированная элита живет в роскошных вагонах первого класса, в то время как обитатели хвоста поезда влачат жалкое существование в антисанитарии и постоянном голоде. Сюжет развивается вокруг бывшего полицейского Андре Лейтона, который становится лидером восстания, пытаясь раскрыть тайны устройства поезда и свергнуть диктатуру его загадочного создателя мистера Уилфорда. Постоянная борьба за ресурсы, классовое неравенство, жестокие подавления бунтов и философские вопросы о выживании человечества создают взрывоопасную смесь, где каждый вагон превращается в отдельное поле боя, а любое действие может привести к необратимым последствиям для всего состава.",Гнетущая клаустрофобная обстановка поезда сочетается с ледяным холодом постапокалипсиса и постоянным напряжением социального протеста.,"Сериал мастерски переосмысляет концепцию классовой борьбы в замкнутом пространстве, предлагая захватывающий визуальный ряд и глубокие вопросы морали.",для напряженного погружения в мрачную антиутопию с элементами триллера и социальной драмы.,,"Поезд — это мир. А мы — это всё, что осталось.",после 2 сезона,"[""Сериал основан на одноименном графическом романе Жака Лоба и Жан-Марка Рошетта, а также на фильме 2013 года Пон Джун-хо."", ""Производство проекта сопровождалось многочисленными сложностями: смена шоураннеров и перенос премьеры с канала TNT на AMC растянулись на несколько лет."", ""Для съемок интерьеров поезда была построена масштабная декорация, имитирующая вагоны, которая могла физически раскачиваться для создания эффекта движения."", ""Дженнифер Коннелли самостоятельно исполняла многие драматические монологи, глубоко погружаясь в психологию своего противоречивого персонажа Мелани Кавилл.""]","[""Сквозь снег (фильм, 2013)"", ""Экспансия"", ""Колония"", ""Видоизмененный углерод""]","После разрушительного взрыва, разделившего поезд на две части, выжившие колонисты вынуждены столкнуться с суровой реальностью нового мира на поверхности, навсегда покидая стальную конструкцию вечного двигателя.","{""rating"": ""хороший"", ""liked"": ""Захватывающая концепция классовой борьбы в ограниченном пространстве, отличная игра Дженнифер Коннелли и визуально проработанные декорации каждого вагона поезда."", ""disliked"": ""Иногда сюжет страдает от излишней затянутости и нелогичных поворотов в поведении персонажей ближе к середине сезонов.""}",series,,0,,0,episode,,
8469,ДИСК 2,X:\сериалы\Snowpiercer.S03.AMZN.WEB-DL.720p.Dub,,Snowpiercer.S03.AMZN.WEB-DL.720p.Dub,Snowpiercer,Сквозь снег,2022,Боевики,"[""Фантастика"", ""Драма"", ""Боевик"", ""Триллер""]",США,"[""Кристоф Шрёве"", ""Эрика Уотсон""]","[""Дженнифер Коннелли"", ""Давид Диггс"", ""Мики Самнер"", ""Элисон Райт"", ""Шон Бин""]",завершён,4.0,[],"{""imdb"": 6.9, ""tmdb"": 7.4}","[""Сатурн — лучшая телепостановка в жанре научной фантастики""]","Третий сезон продолжает напряженную борьбу за выживание после того, как Андре Лейтон и его сторонники захватили небольшой пиратский поезд, отделившись от основного состава мистера Уилфорда. Основным двигателем сюжета становится отчаянный поиск пригодных для жизни участков планеты, которые могли бы подтвердить теорию о начале глобального потепления. В это же время на борту «Сквозь снег» нарастает паранойя, а Уилфорд, удерживаемый в качестве заложника, не перестает плести интриги, стремясь вернуть единоличную власть. Лейтону приходится балансировать между диктаторскими методами управления и необходимостью поддерживать хрупкий баланс сил среди выживших. Ставки в этой гонке за надежду на светлое будущее становятся критически высокими, так как ресурсы состава истощаются, а противостояние лидеров грозит уничтожить остатки человечества в вечной мерзлоте.","Холодная, клаустрофобная и гнетущая обстановка, пронизанная постоянным чувством тревоги, классовой вражды и борьбы за ограниченные ресурсы.","Третий сезон мастерски развивает тему политического противостояния внутри замкнутого пространства, добавляя в повествование элементы надежды на спасение планеты.","Для просмотра в напряженной обстановке, когда хочется ощутить масштаб постапокалиптической борьбы за выживание человечества.",,"Поезд — это мир. А мир должен двигаться, чтобы жить.","После 3 сезона можно остановиться, так как завершается основная сюжетная арка противостояния.","[""Третий сезон стал последним, выпущенным на канале TNT, прежде чем сериал перешел на AMC для завершения истории."", ""Дизайн гигантского поезда Snowpiercer вдохновлен оригинальным графическим романом Жака Лоба и Жан-Марка Рошетта."", ""Актриса Дженнифер Коннелли лично принимала участие в разработке драматической линии своей героини Мелани Кавилл."", ""Съемки сцен внутри поезда требовали сложной хореографии из-за ограниченного пространства декораций и постоянного движения камер."", ""В третьем сезоне особое внимание уделили визуальным эффектам заснеженного постапокалиптического мира, используя передовые технологии визуализации.""]","[""Сквозь снег (фильм, 2013)"", ""Экспансия"", ""Колония"", ""Сотня"", ""Разрабы""]","Андре Лэйтон и Мелани Кавилл объединяют усилия, чтобы достичь Рожка — точки на Земле, пригодной для выживания, в то время как Вилфорд окончательно теряет контроль над поездом.","{""rating"": ""хороший"", ""liked"": ""Напряженная борьба за власть, глубокое раскрытие противоречивых персонажей, визуально впечатляющая эстетика и захватывающая динамика внутри поезда."", ""disliked"": ""Некоторые сюжетные повороты кажутся излишне затянутыми, а логика действий отдельных героев иногда вызывает вопросы у аудитории.""}",series,,0,,0,episode,,
8470,ДИСК 2,X:\сериалы\Soderzhanki.S01.2019.WEB-DL.(1080p).Getty,,Soderzhanki.S01.2019.WEB-DL.(1080p).Getty,Soderzhanki,Содержанки,2019,Аферы,"[""Драма"", ""Триллер"", ""Детектив""]",Россия,"[""Константин Богомолов""]","[""Дарья Мороз"", ""Мария Фомина"", ""Софья Эрнст"", ""Сергей Бурунов"", ""Владимир Мишуков""]",завершён,4.0,[],"{""imdb"": 6.5, ""tmdb"": 6.8}","[""Премия АПКиТ — лучший сериал (номинация)""]","Светская Москва, полная роскоши, интриг и скрытых страстей, становится ареной для амбициозной искусствоведа из провинции Даши. Она приезжает в столицу, мечтая о красивой жизни, и быстро оказывается втянута в круговорот опасных связей с влиятельными чиновниками и бизнесменами. Тем временем загадочное убийство молодой девушки заставляет следователя Елену Широкову окунуться в изнанку элитного общества, где каждый стремится скрыть свои тайны за фасадом благополучия. Сюжет сплетает судьбы множества персонажей, обнажая цинизм, коррупцию и психологические манипуляции, скрывающиеся за дорогими декорациями. В этой игре ставок слишком высока, а любовь часто оказывается лишь разменной монетой в борьбе за власть и материальные блага, заставляя героев совершать необратимые поступки ради достижения своих целей в самом сердце российской столицы.","Гламурная, холодная, тревожная и откровенная драма о скрытых пороках элиты мегаполиса с привкусом столичного декаданса.","Сериал ярко и без прикрас показывает обратную сторону богатства и власти, захватывая детективной интригой и эстетикой столичной жизни.","для просмотра в выходной вечер, когда хочется погрузиться в мир циничных интриг и стильного визуального ряда.",,"В этом городе либо ты ешь, либо едят тебя.",1 сезон,"[""Сериал стал режиссерским дебютом в многосерийном формате для театрального постановщика Константина Богомолова."", ""Сценарий первого сезона писался с акцентом на реалистичное изображение элиты Москвы, скрытой от посторонних глаз."", ""Проект получил статус одного из первых российских сериалов, ориентированных на западные стандарты стильной и провокационной драмы."", ""Актриса Софья Эрнст готовилась к своей роли, изучая психологию и манеры поведения героинь, живущих в роскоши."", ""Многие сцены снимались в реальных элитных локациях столицы, что придало проекту особую визуальную достоверность и лоск.""]","[""Золотое дно"", ""Миллиарды"", ""Сплетница"", ""Беспринципные"", ""Краткий курс счастливой жизни""]","Глеб Ольховский, устав от интриг, осознает цену своих амбиций, а Даша находит способ выйти из-под влияния могущественных покровителей ценой потери человечности.","{""rating"": ""хороший"", ""liked"": ""Зрители отмечают стильную картинку, откровенную подачу сюжета, высокий уровень актерской игры и провокационную атмосферу московской жизни."", ""disliked"": ""Некоторым не понравилась холодность персонажей, обилие светского пафоса и медленное развитие событий в первых эпизодах сериала.""}",series,,0,,0,episode,,
8471,ДИСК 2,X:\сериалы\Soderzhanki.s02.2020.WEB-DL.(1080p).Getty,,Soderzhanki.s02.2020.WEB-DL.(1080p).Getty,Soderzhanki,Содержанки,2020,Аферы,"[""Драма"", ""Триллер"", ""Криминал""]",Россия,"[""Дарья Жук""]","[""Дарья Мороз"", ""Софья Эрнст"", ""Владимир Мишуков"", ""Любовь Аксёнова"", ""Сергей Бурунов""]",завершён,4.0,[],"{""imdb"": 6.3, ""tmdb"": 6.8}","[""Премия АПКиТ за лучший сериал (номинация)""]","Второй сезон продолжает погружение в порочный мир московской элиты, где за внешним лоском скрываются жестокие интриги, предательства и жажда власти. Следователь Елена Широкова, окончательно запутавшись в собственных чувствах и манипуляциях со стороны влиятельного чиновника Глеба Ольховского, пытается докопаться до истины в серии загадочных смертей. Параллельно с этим Дарья Смирнова старается удержаться на плаву в мире, где каждая покупка, любовная связь или светский выход являются частью большой игры за влияние. Грани между честностью и цинизмом окончательно стираются, обнажая неприглядную изнанку богемного общества, где каждый персонаж готов пойти по головам ради сохранения статуса. Зритель наблюдает за тем, как власть, деньги и страсть превращаются в опасные инструменты разрушения судеб, не оставляя героям шанса на искупление своих многочисленных грехов.","Холодная, глянцевая и вызывающе роскошная атмосфера столичной жизни, пронизанная недоверием, цинизмом и скрытой угрозой в каждом кадре.","Сериал ярко демонстрирует темную сторону успеха и показывает, к каким катастрофическим последствиям приводит жизнь, построенная исключительно на расчете и лицемерии.","для просмотра в момент, когда хочется увидеть изнанку роскошной жизни и интриг без прикрас",,"В этом городе неважно, кого ты любишь. Важно, сколько ты стоишь.","После 2 сезона можно остановиться, так как далее сериал сменил режиссера и вектор развития сюжета.","[""Режиссером второго сезона выступила Дарья Жук, сменившая Константина Богомолова, что отразилось на визуальной стилистике проекта."", ""Съемки проходили в самых дорогих локациях Москвы, подчеркивая атмосферу роскоши, которая является полноценным персонажем сериала."", ""Актриса Софья Эрнст целенаправленно работала над образом своей героини, чтобы сделать её максимально противоречивой и холодной."", ""Второй сезон значительно углубляет детективную линию, превращая мелодраму в более жесткий триллер о скрытых манипуляциях и власти.""]","[""Содержанки (1 сезон)"", ""Золотое дно"", ""Бывшие"", ""Школа""]","Лена Широкова делает сложный моральный выбор, разрывая связи с миром эскорта, а Глеб Ольховский осознает тщетность своей власти, потеряв контроль над близкими.","{""rating"": ""хороший"", ""liked"": ""Зрители отмечают стильную картинку, откровенную подачу материала, сильный актерский состав и динамичное развитие запутанных интриг в мире элиты."", ""disliked"": ""Многим показался утомительным холодный тон повествования и обилие персонажей, чьи мотивы остаются не до конца раскрытыми до финала.""}",series,,0,,0,episode,,
8472,ДИСК 2,X:\сериалы\Soderzhanki.S03.2021.WEB-DL.(1080p).Getty,,Soderzhanki.S03.2021.WEB-DL.(1080p).Getty,Soderzhanki,Содержанки,2021,Аферы,"[""Драма"", ""Триллер"", ""Криминал""]",Россия,"[""Юрий Мороз""]","[""Дарья Мороз"", ""Владимир Мишуков"", ""Любовь Аксёнова"", ""Софья Эрнст"", ""Игорь Миркурбанов""]",завершён,3.0,[],"{""imdb"": 6.2, ""tmdb"": 6.8}",[],"Третий сезон продолжает распутывать клубок интриг в элитных кругах Москвы, где роскошная жизнь тесно переплетена с криминалом, изменами и борьбой за власть. Главные героини, каждая из которых преследует свои корыстные цели, оказываются втянуты в новые опасные аферы, связанные с масштабным переделом собственности и грязными политическими играми. Следователь Елена Широкова, пытаясь докопаться до истины, сталкивается с предательством близких и необходимостью делать сложный моральный выбор. В центре сюжета оказывается исчезновение важных документов, способных разрушить репутацию влиятельных людей. Напряжение нарастает, когда становится ясно, что в этой игре нет правил, а каждый союз носит временный характер, ведущий к неминуемому краху амбиций всех участников. Обилие роскоши, циничные диалоги и неожиданные повороты сюжета держат зрителя в постоянном ожидании развязки этой запутанной истории.","Холодная, глянцевая эстетика большого города, пропитанная цинизмом, роскошью, скрытой тревогой и постоянным чувством неминуемой опасности.","Третий сезон держит планку самого стильного российского сериала об изнанке элитной жизни, где за дорогими нарядами скрываются пугающие амбиции.","для вечера, когда хочется погрузиться в атмосферу светских интриг, опасных связей и эстетически выверенного, циничного столичного драматизма",,"В Москве все продается. Вопрос только в цене и в том, кто именно готов купить твою душу.","После первого сезона, так как продолжения заметно теряют в динамике и интриге сюжета","[""Третий сезон стал первым, где режиссерское кресло занял Юрий Мороз, сменив на этом посту Константина Богомолова."", ""Сюжет сезона делает акцент на криминальной составляющей и коррупционных схемах, отходя от эстетики чистого светского гламура."", ""В съемках принимали участие не только профессиональные актеры, но и реальные представители светской тусовки Москвы в качестве камео."", ""Работа над визуальным рядом сезона велась в строгом соответствии с концепцией 'холодного, отчужденного глянца', чтобы подчеркнуть фальшивость мира главных героев.""]","[""Содержанки (предыдущие сезоны)"", ""Золотая молодежь"", ""Бывшие"", ""Миллиарды""]","Лена Широкова окончательно разрывает связи с прошлым и обретает независимость, а ключевые герои остаются в запутанной сети интриг, власти и невыполненных обязательств, где каждый получает лишь иллюзорную свободу.","{""rating"": ""средний"", ""liked"": ""Зрители отмечают стильную картинку, дерзкий саундтрек, яркие костюмы и смелые откровенные сцены, создающие атмосферу высокого столичного общества."", ""disliked"": ""Многие критикуют сезон за затянутость сюжета, отсутствие глубокой мотивации персонажей и излишнюю претенциозность в диалогах героев.""}",series,,0,,0,episode,,
8473,ДИСК 2,X:\сериалы\Soderzhanki.S04.2023.WEBRip.1080p,,Soderzhanki.S04.2023.WEBRip.1080p,Soderzhanki,Содержанки,2023,Аферы,"[""Драма"", ""Триллер"", ""Криминал""]",Россия,"[""Ламара Согомонян""]","[""Дарья Мороз"", ""Марина Зудина"", ""Владимир Мишуков"", ""Сабина Ахмедова"", ""Игорь Миркурбанов""]",завершён,4.0,[],"{""imdb"": 6.2, ""tmdb"": 6.5}",[],"Четвёртый сезон продолжает погружать зрителей в порочный мир светской Москвы, где переплетаются судьбы амбициозных карьеристов, влиятельных чиновников и содержанок, готовых на всё ради роскоши. Герои оказываются втянуты в новые интриги, связанные с переделом собственности и скрытыми преступлениями элиты. Катя и её окружение сталкиваются с последствиями своих прошлых решений, в то время как новые персонажи привносят в жизнь героев дополнительный хаос и опасность. Сюжет мастерски переплетает личные драмы с криминальными элементами, демонстрируя беспощадность социальных игр в высшем свете. Высокие ставки, неожиданные предательства и постоянная борьба за власть делают каждый эпизод напряжённым исследованием человеческой алчности и жажды признания, где моральные принципы приносятся в жертву ради достижения заветных целей, а финал сезона ставит окончательную точку в затянувшихся конфликтах ключевых героев этой многослойной истории.","Гламурная, холодная и циничная атмосфера элитной Москвы, наполненная недосказанностью, лоском и скрытой угрозой за фасадом успеха.","Сериал идеально подходит для тех, кто любит наблюдать за интригами, роскошной жизнью и закулисными играми элиты без прикрас.","для вечернего просмотра под бокал вина в компании, когда хочется обсудить чужие страсти и амбиции",,"В этом городе либо ты ешь, либо тебя едят. Третьего варианта здесь просто не предусмотрено.",3 сезон,"[""Четвертый сезон получил подзаголовок «Перезагрузка», так как действие перенеслось из Москвы в Санкт-Петербург."", ""Режиссером сезона выступила Ламара Согомонян, которая привнесла в сериал более мрачную и нуарную эстетику."", ""В съемках принимали участие реальные представители светской элиты, что добавило истории дополнительной достоверности и скандальности."", ""Основной акцент в сезоне сделан на психологии персонажей, пытающихся переосмыслить свои жизни после глобальных перемен в социуме."", ""Производственный цикл сезона сопровождался сменой визуального стиля, что потребовало полной переработки цветокоррекции под северные локации Петербурга.""]","[""Содержанки (первые три сезона)"", ""Золотое дно"", ""Шифр"", ""Бывшие"", ""Краткий курс счастливой жизни""]","Лена Широкова окончательно разрывает связи с прошлым, понимая, что в мире больших денег и власти выживают только те, кто готов предать самого себя.","{""rating"": ""средний"", ""liked"": ""Мрачная визуальная эстетика Санкт-Петербурга, обновленный актерский состав и акцент на глубокую психологическую трансформацию главных героев сериала."", ""disliked"": ""Отсутствие привычного драйва первых сезонов, медленное развитие сюжета и потеря связи с оригинальными линиями некоторых персонажей.""}",series,,0,,0,episode,,
8474,ДИСК 2,X:\сериалы\Sugar.S01.2024.WEB-DLRip-AVC.x264.seleZen,,Sugar.S01.2024.WEB-DLRip-AVC.x264.seleZen,Sugar,Шугар,2024,Расследования,"[""Драма"", ""Детектив"", ""Криминал""]",США,"[""Фернанду Мейреллиш"", ""Адам Аркин""]","[""Колин Фаррелл"", ""Кирби Хауэлл-Батист"", ""Эми Райан"", ""Деннис Буцикарис"", ""Нейт Корддри""]",продолжается,1.0,[],"{""imdb"": 7.5, ""tmdb"": 7.4}",[],"Детектив Джон Шугар, специализирующийся на поиске пропавших людей, берется за загадочное дело об исчезновении Оливии Сигел, внучки легендарного голливудского продюсера Джонатана Сигела. Погружаясь в недра элитного Лос-Анджелеса, герой сталкивается с темными семейными тайнами, скрытыми за фасадом богатства и успеха. Расследование осложняется тем, что у самого Шугара есть свои скелеты в шкафу, а его методы работы сильно отличаются от традиционных полицейских практик. Постепенно границы между реальностью и нуаром размываются, приводя к совершенно неожиданному открытию, которое полностью переворачивает привычное представление о жанре детективного триллера. Джон вынужден лавировать между опасными представителями криминального мира и гламурными обитателями холмов, пытаясь докопаться до истины, пока не стало слишком поздно не только для него самого, но и для всех причастных к исчезновению девушки.","Стилизованный современный нуар с яркими калифорнийскими закатами, джазовым настроением и легким привкусом голливудской меланхолии и скрытой угрозы.","Сериал предлагает свежий взгляд на классический детектив, дополняя его уникальной визуальной эстетикой и неожиданным фантастическим поворотом сюжета.","для вдумчивого просмотра вечером, когда хочется эстетики нуара и загадок с легким налетом сюрреализма.",,"В этом мире не так уж много людей, которые по-настоящему хотят знать правду.",,"[""Колин Фаррелл исполняет в сериале не только главную роль, но и выступает в качестве исполнительного продюсера проекта."", ""Визуальный стиль шоу вдохновлен классическим нуаром, что подчеркивается использованием архивных кадров старого Голливуда внутри повествования."", ""Создатель сериала Марк Протосевич долгое время работал над сценариями для таких блокбастеров, как 'Я — легенда' и 'Тор'."", ""Джон Шугар, герой Фаррелла, обладает уникальной страстью к классическому кинематографу, что делает его персонажа крайне эрудированным частным детективом.""]","[""Чайна-таун"", ""Рэй Донован"", ""Мистер Инкогнито"", ""Детектив Монк""]","Джон Шугар раскрывает правду об исчезновении Оливии, обнаруживая, что за похищением стоит разветвленная сеть работорговли, а сам он оказывается не тем, кем казался с самого начала.","{""rating"": ""хороший"", ""liked"": ""Харизматичная игра Колина Фаррелла, стильная операторская работа, необычный взгляд на классические детективные клише и нуарную атмосферу."", ""disliked"": ""Неожиданный сценарный поворот в середине сезона может показаться многим зрителям слишком спорным и разрушающим детективную интригу.""}",series,,0,,0,episode,,
8475,ДИСК 2,X:\сериалы\Tehran.AV1.WEBRip(1080p).8 bit.Djon,,Tehran.AV1.WEBRip(1080p).8 bit.Djon,Tehran,Тегеран,2020,Шпионы,"[""Триллер"", ""Драма"", ""Боевик""]",Израиль,"[""Даниэль Сыркин""]","[""Нив Султан"", ""Шон Тоуб"", ""Менаше Ной"", ""Навид Негабан"", ""Гленн Клоуз""]",продолжается,2.0,[],"{""imdb"": 7.5, ""tmdb"": 7.6}","[""International Emmy Award — Best Drama Series""]","Сюжет шпионского триллера разворачивается вокруг Тамар Рабинян, агента и хакера «Моссада», которая отправляется с секретной миссией в иранскую столицу под фальшивым именем. Её первостепенная задача — нейтрализовать систему противовоздушной обороны Ирана, чтобы израильская авиация могла нанести решающий удар по ядерному реактору. Однако всё идет не по плану после того, как операция раскрывается, и Тамар оказывается запертой в сердце вражеского города. Оказавшись в смертельной ловушке, она вынуждена пуститься в бега, полагаясь только на свои профессиональные навыки и случайных союзников. По мере развития событий героиня обнаруживает, что ситуация гораздо сложнее, чем казалось изначально, а границы между долгом, личными принципами и предательством начинают стираться, в то время как иранские спецслужбы ведут бескомпромиссную охоту на неё по всему Тегерану.","Напряженная и клаустрофобная атмосфера шпионской игры, пропитанная паранойей, постоянной опасностью и духом закрытого восточного мегаполиса.","Сериал предлагает редкий взгляд на конфликт глазами обеих сторон, мастерски удерживая зрителя в постоянном напряжении благодаря непредсказуемым поворотам и аутентичному сеттингу.",для глубокого погружения в шпионские игры и политические интриги с ощущением постоянного риска,,"В этой стране нет невинных, есть только те, кто еще не успел сделать свой выбор.","После первого сезона, так как он представляет собой завершенную и наиболее логичную шпионскую историю.","[""Сериал снимался в Греции, так как из-за политических причин съемки в самом Тегеране были невозможны."", ""Главная актриса Нив Султан прошла интенсивную подготовку, изучая фарси и осваивая навыки боевых искусств для роли агента Моссада."", ""Сюжет проекта вдохновлен реальными операциями израильских спецслужб, проводившимися на территории Ирана в последние десятилетия."", ""Композитор Марк Элияху использовал традиционные иранские инструменты, чтобы создать аутентичное и тревожное музыкальное сопровождение."", ""Проект получил престижную премию «Эмми» как лучший драматический сериал, став важным международным успехом для израильского телевидения.""]","[""Фауда"", ""Родина (Homeland)"", ""Спящие"", ""Призраки (Spooks)"", ""Бюро легенд""]","Сериал на данный момент не завершён; финал второго сезона оставляет главную героиню в сложной моральной ситуации, вынуждая её совершать всё более опасные шаги ради спасения близких и выполнения миссии.","{""rating"": ""хороший"", ""liked"": ""Напряженный шпионский сюжет, убедительная игра актёров, качественное погружение в политические интриги и гнетущая атмосфера ближневосточного конфликта."", ""disliked"": ""Иногда сценарий грешит излишней предсказуемостью и упрощением некоторых тактических действий спецслужб ради драматического эффекта в кадре.""}",series,,0,,0,episode,,
8476,ДИСК 2,X:\сериалы\The Blacklist 2 - LostFilm.TV [1080p],,The Blacklist 2 - LostFilm.TV [1080p],,,0,Драмы,,,,,,0.0,,,,,,,,,,,,,,,series,,0,,0,,,
8477,ДИСК 2,X:\сериалы\The Blacklist 4 - LostFilm.TV [1080p],,The Blacklist 4 - LostFilm.TV [1080p],,,0,Драмы,,,,,,0.0,,,,,,,,,,,,,,,series,,0,,0,,,
8478,ДИСК 2,X:\сериалы\The Blacklist 6 - LostFilm.TV [1080p],,The Blacklist 6 - LostFilm.TV [1080p],The Blacklist,Черный список,2019,Расследования,"[""Криминал"", ""Драма"", ""Мистика"", ""Боевик"", ""Триллер""]",США,"[""Эндрю Маккарти"", ""Билл Роу"", ""Майкл В. Уоткинс""]","[""Джеймс Спэйдер"", ""Меган Бун"", ""Диего Клаттенхофф"", ""Райан Эгголд"", ""Гарри Ленникс""]",завершён,10.0,[],"{""imdb"": 7.9, ""tmdb"": 7.5}","[""Прайм-тайм премия Эмми — лучшие визуальные эффекты""]","Шестой сезон продолжает историю Рэя Реддингтона, чья тайна личности оказалась под угрозой разоблачения после того, как Лиз Кин узнала о его истинном прошлом. Реддингтон оказывается за решеткой, сталкиваясь с предательством тех, кому он доверял годами, включая Гарольда Купера и верного Дембе. Внутри тюремных стен Рэй вынужден использовать весь свой криминальный гений, чтобы выжить и сохранить контроль над своей империей, одновременно помогая целевой группе ФБР в поимке опасных преступников из своего «черного списка». Отношения между Лиз и Реддингтоном достигают точки кипения: она разрывается между чувством долга перед законом и привязанностью к человеку, который стал для нее почти отцом. Интриги в верхах правительства и участие глубокого подполья Deep State делают этот сезон самым непредсказуемым и опасным периодом в жизни команды ФБР.","Напряженная, полная шпионских интриг и недосказанности, пропитанная паранойей и темными тайнами мира спецслужб и криминальных элит.","Шестой сезон радикально меняет динамику отношений между главными героями, превращая союзников в противников и заставляя Реддингтона бороться за выживание в непривычных условиях за решеткой.","для вечера, когда хочется запутанных заговоров, сложных шахматных партий в диалогах и неожиданных сюжетных поворотов в стиле качественного шпионского триллера.",,"В мире, где нет ничего настоящего, правда становится самым опасным оружием, которое только можно использовать против врага.","После 6 сезона можно считать историю завершенной, так как главная тайна личности Реддингтона практически раскрыта.","[""Джеймс Спэйдер лично участвовал в разработке гардероба своего персонажа Рэймонда Реддингтона, уделяя внимание каждой детали его образа."", ""Съемочная группа использовала реальные исторические здания в Нью-Йорке для создания атмосферы штаб-квартиры спецгруппы ФБР."", ""Химия между главными героями на экране во многом обусловлена крепкой дружбой между Джеймсом Спэйдером и Меган Бун в реальной жизни."", ""Шестой сезон стал поворотным моментом, так как сериал официально перешагнул рубеж в 100 эпизодов, что позволило ему выйти на прибыльный синдикационный рынок.""]","[""Ганнибал"", ""Форс-мажоры"", ""Миллиарды"", ""Родина"", ""Подозреваемый""]","Рэд выясняет, что Ана Крулова работает на международную организацию, а Лиз узнает правду о личности Реддингтона, что приводит к краху их доверия и аресту самого Рэймонда правительством США.","{""rating"": ""хороший"", ""liked"": ""Потрясающая харизма Джеймса Спэйдера, непредсказуемые сюжетные повороты, глубокая проработка психологического противостояния и напряженная шпионская атмосфера на протяжении всего сезона."", ""disliked"": ""Некоторым зрителям показалось, что повествование стало излишне запутанным, а отдельные второстепенные линии растянуты без должного развития сюжета.""}",series,,0,,0,season,,
8479,ДИСК 2,X:\сериалы\The Blacklist 7 - LostFilm.TV [1080p],,The Blacklist 7 - LostFilm.TV [1080p],,,0,Драмы,,,,,,0.0,,,,,,,,,,,,,,,series,,0,,0,,,
8480,ДИСК 2,X:\сериалы\The Blacklist 9 - LostFilm.TV [1080p],,The Blacklist 9 - LostFilm.TV [1080p],,,0,Драмы,,,,,,0.0,,,,,,,,,,,,,,,series,,0,,0,,,
8481,ДИСК 2,X:\сериалы\The Crown (Season 4) WEB-DLRip,,The Crown (Season 4) WEB-DLRip,The Crown,Корона,2020,Исторические/Костюмированные,"[""Драма"", ""История"", ""Биография""]","Великобритания, США","[""Бенджамин Карон"", ""Кристиан Швохов"", ""Джессика Хоббс""]","[""Оливия Колман"", ""Тобайас Мензис"", ""Хелена Бонем Картер"", ""Джиллиан Андерсон"", ""Эмма Коррин""]",завершён,6.0,[],"{""imdb"": 8.6, ""tmdb"": 8.3}","[""Эмми — лучший драматический сериал"", ""Золотой глобус — лучший драматический сериал""]","Четвертый сезон охватывает драматичный период британской истории с 1979 по 1990 год, фокусируясь на правлении Маргарет Тэтчер и сложных отношениях принца Чарльза с юной леди Дианой Спенсер. Королева Елизавета II сталкивается с жесткими политическими реформами «железной леди», которые вносят раскол в британское общество, в то время как внутри королевской семьи назревает глубокий кризис из-за несчастливого брака наследника престола. Сюжет мастерски переплетает личные трагедии с важнейшими геополитическими событиями, включая Фолклендскую войну и социальные потрясения в стране. Конфликт между долгом короны и личными желаниями достигает своего пика, обнажая человеческую хрупкость тех, кто вынужден всегда сохранять безупречный фасад перед лицом нации. Борьба за влияние и поиск истинной любви становятся центральными темами сезона, меняющими устоявшийся порядок внутри Букингемского дворца навсегда.","Холодная, величественная и напряженная историческая драма, пропитанная чувством неминуемых перемен и тихой семейной драмы.","Этот сезон признан одним из самых сильных и эмоциональных в сериале благодаря блестящим актерским работам Джиллиан Андерсон и Эммы Коррин, воплотивших образы знаковых женщин эпохи.",для вдумчивого просмотра с ощущением сопричастности к масштабным историческим переменам и интригам высшего света,,"В этой семье то, что не было сказано, важнее того, что было произнесено.","Можно остановиться после 4 сезона, так как он завершает кульминационную арку отношений Чарльза и Дианы.","[""Для четвертого сезона была создана точная копия свадебного платья принцессы Дианы, на пошив которой ушло более 600 часов ручной работы."", ""Эмма Коррин, сыгравшая Диану, для подготовки к роли изучала архивные записи, чтобы в точности скопировать манеру речи и походку принцессы."", ""Сцены в поместье Балморал на самом деле снимались в замке Кэрнгормс в Шотландии, чтобы максимально аутентично передать королевскую атмосферу."", ""Четвертый сезон стал первым, где в центре внимания оказались не только монаршие особы, но и реальное влияние Маргарет Тэтчер на политику Великобритании."", ""Джиллиан Андерсон, воплотившая образ Железной леди, признавалась, что самым сложным было носить корсеты, необходимые для соответствия силуэту того времени.""]","[""Виктория"", ""Аббатство Даунтон"", ""Версаль"", ""Тюдоры"", ""Дворцовые перевороты""]","Сезон завершается осознанием Елизаветой II глубокого внутреннего одиночества короны, а также крахом брака Чарльза и Дианы, предвещающим необратимые изменения для всей монархии.","{""rating"": ""отличный"", ""liked"": ""Поразительное внешнее сходство актеров с прототипами, филигранная драматическая игра и глубокое погружение в историческую эпоху британской королевской семьи."", ""disliked"": ""Некоторым зрителям показалось, что авторы уделили слишком много внимания личным драмам, жертвуя исторической точностью в пользу художественного вымысла.""}",series,,0,,0,arc,,
8482,ДИСК 2,X:\сериалы\The King's Affection,,The King's Affection,Yeonmo,Влюбленность,2021,Исторические/Костюмированные,"[""Драма"", ""Мелодрама"", ""История""]",Южная Корея,"[""Сон Хён-ук"", ""Ли Хён-сок""]","[""Пак Ын-бин"", ""Роун"", ""Нам Юн-су"", ""Чхве Бён-чхан"", ""Пэ Юн-гён""]",завершён,1.0,[],"{""imdb"": 7.9, ""tmdb"": 8.5}","[""KBS Drama Awards — Награда за лучшую женскую роль"", ""KBS Drama Awards — Награда за лучшую пару""]","В эпоху династии Чосон рождается близнецы, что считается дурным предзнаменованием. Девочку решают убить, но мать спасает её, тайно вывезя из дворца. Спустя годы судьба сводит брата-принца и сестру, живущую под чужим именем. После трагической гибели брата, Ли Хви вынуждена занять его место на троне, скрывая свой пол от всего мира. В строгих рамках дворцового этикета и постоянной угрозы разоблачения героиня сталкивается с собственным учителем, который влюбляется в неё, не подозревая об обмане. Дворцовые интриги, борьба за власть и запретные чувства сплетаются в напряженную историю, где каждый шаг может стать последним. Ли Хви борется не только за выживание, но и за право распоряжаться собственной судьбой в обществе, где женщина не имеет права на голос, а корона становится тяжелым бременем, требующим жертв и мужества.","Эстетически выверенная историческая драма с глубоким чувством меланхолии, дворцового напряжения и нежной романтики.","Сериал мастерски играет на теме гендерной интриги, сочетая эстетику корейских исторических дорам с сильной эмоциональной драмой и искренней химией между главными героями.",для глубокого погружения в романтическую атмосферу эпохи Чосон,,"Даже если весь мир обернется против тебя, я буду тем, кто останется на твоей стороне до самого конца.",,"[""Сериал основан на одноименном популярном вебтуне, который глубоко переработал исторические реалии эпохи Чосон."", ""Главная актриса Пак Ын Бин призналась, что роль наследного принца стала для неё самым сложным вызовом из-за необходимости постоянно сдерживать эмоции и менять тембр голоса."", ""Проект стал первой корейской дорамой, получившей престижную премию «Эмми» в категории «Лучшая теленовелла», что подтвердило мировой успех формата."", ""Съемки проходили в исторических дворцовых комплексах Южной Кореи, что позволило добиться аутентичной атмосферы и визуальной эстетики того времени."", ""Химия между ведущими актерами была настолько убедительной, что сериал возглавлял рейтинги просмотров на стриминговых платформах в десятках стран мира.""]","[""Алые сердца: Корё"", ""Любовь в лунном свете"", ""Шесть летящих драконов"", ""Императрица Ки""]","Ли Хви отказывается от своего мужского облика и власти ради любви, после чего они с Чон Джи Уном находят счастье в уединении, оставив дворцовые интриги в прошлом.","{""rating"": ""отличный"", ""liked"": ""Потрясающая актерская игра, глубокая эмоциональная химия между главными героями и невероятно красивая визуальная стилистика исторической Кореи."", ""disliked"": ""Иногда повествование кажется затянутым в середине сезона из-за обилия дворцовых интриг, которые замедляют развитие основной романтической линии.""}",series,,0,,0,episode,,
8483,ДИСК 2,X:\сериалы\The Spanish Princess.S01.WEB_DLRip.TVShows,,The Spanish Princess.S01.WEB_DLRip.TVShows,The Spanish Princess,Испанская принцесса,2019,Исторические/Костюмированные,"[""Драма"", ""История"", ""Мелодрама""]",Великобритания,"[""Биргитте Стеймис"", ""Лиза Кларк""]","[""Шарлотта Хоуп"", ""Руайри О'Коннор"", ""Стефани Леви-Джон"", ""Ангус Имри"", ""Гарриет Уолтер""]",завершён,1.0,[],"{""imdb"": 6.8, ""tmdb"": 7.0}","[""Номинация на премию NAACP Image за выдающуюся драматическую актрису (Шарлотта Хоуп)""]","Сюжет исторической драмы разворачивается вокруг Екатерины Арагонской, испанской принцессы, которая с юных лет готовилась занять английский престол. Прибыв в Англию вместе со своим блестящим двором, включая свободомысливших фрейлин Лину и Розу, она сталкивается с суровой реальностью чужого королевства после внезапной смерти своего мужа, принца Артура. Екатерина оказывается в крайне шатком положении, рискуя лишиться всего, однако проявляет невероятную стойкость и политическую хитрость. Она упорно настаивает на своем праве стать королевой и выйти замуж за нового наследника, Генриха VIII, вопреки многочисленным интригам придворных, неодобрению окружения и угрозам собственной безопасности. История мастерски сплетает борьбу за власть с личными амбициями женщины, меняющей ход британской истории, превращая личную драму в масштабное полотно борьбы за выживание и корону, где каждое принятое решение несет смертельные последствия для окружающих ее людей.","Напряженная, роскошная и драматичная атмосфера королевского двора, пропитанная духом опасных интриг и скрытой борьбы за власть.","История предлагает свежий женский взгляд на судьбу одной из самых известных королев Англии, сочетая историческую достоверность с динамичным повествованием.","для погружения в эпоху дворцовых переворотов и наблюдения за сильными личностями, решающими судьбы целых государств",,"Я — принцесса Испании, и я не потерплю унижений в стране, которая мне не принадлежит.","Можно остановиться после первого сезона, так как сюжетная арка Екатерины получает логическое завершение.","[""Сериал является продолжением телевизионных проектов «Белая королева» и «Белая принцесса», основанных на романах Филиппы Грегори."", ""Актриса Шарлотта Хоуп, исполнившая роль Екатерины Арагонской, три месяца изучала испанский акцент XVI века для достоверности образа."", ""Костюмеры создали более 500 исторических нарядов, стараясь максимально точно передать роскошь английского и испанского дворов эпохи Тюдоров."", ""Съемки проходили в исторических локациях Великобритании, включая знаменитый кафедральный собор в Уэльсе, который заменил Вестминстерское аббатство.""]","[""Тюдоры"", ""Белая королева"", ""Белая принцесса"", ""Волчий зал"", ""Дворцовая жизнь""]","Екатерина Арагонская добивается своего, становясь королевой Англии, однако её брак с Генрихом VIII омрачается отсутствием наследника мужского пола и растущим политическим напряжением при дворе.","{""rating"": ""хороший"", ""liked"": ""Зрители высоко оценили яркие костюмы, сильную женскую игру Шарлотты Хоуп и интригующую атмосферу дворцовых переворотов при дворе Генриха VIII."", ""disliked"": ""Некоторым зрителям не понравились исторические вольности в сценарии и излишняя драматизация событий, которые противоречат академическим документальным источникам того времени.""}",series,,0,,0,episode,,
8484,ДИСК 2,X:\сериалы\The Terminal List (Season 1) WEB-DL 2160p,,The Terminal List (Season 1) WEB-DL 2160p,The Terminal List,Список смертников,2022,Боевики,"[""Боевик"", ""Триллер"", ""Драма"", ""Военный""]",США,"[""Антуан Фукуа"", ""Эллен Курас""]","[""Крис Прэтт"", ""Констанс Ву"", ""Тейлор Китч"", ""Райли Кио"", ""Арло Мерц""]",продолжается,1.0,[],"{""imdb"": 7.9, ""tmdb"": 7.8}","[""Номинация на премию Сатурн за лучший стриминговый сериал""]","Офицер спецподразделения «Морские котики» Джеймс Рис возвращается домой после провальной операции, в ходе которой его отряд попадает в засаду и погибает. Несмотря на официальные отчеты, Рис начинает подозревать, что за гибелью его товарищей стоит масштабный правительственный заговор. Пытаясь разобраться в произошедшем, герой сталкивается с потерей семьи и предательством со стороны тех, кому он доверял больше всего. Оставшись в полном одиночестве, Рис использует свои уникальные навыки и военную подготовку, чтобы хладнокровно устранить каждого, кто причастен к трагедии. Сюжет представляет собой жесткий путь мести, где главный герой становится «списком смертников» для высокопоставленных чиновников и коррумпированных военных. По мере развития событий грань между поиском правды и безумием стирается, превращая охоту в кровавое правосудие, которое не щадит ни виновных, ни свидетелей.","Мрачный, тягучий триллер с элементами паранойи, наполненный тактическим реализмом и холодным, неумолимым чувством неизбежной мести.","Сериал понравится любителям качественных боевиков о спецназе, где основной акцент сделан не на масштабных сражениях, а на технической подготовке, методичном планировании операций и атмосфере тотального недоверия к власти.","для просмотра в выходной день, когда хочется динамичного и сурового сюжета о возмездии в стиле «Джона Уика» или «Джека Ричера».",,"Я буду охотиться за каждым из них. И каждый из них будет молить о смерти, прежде чем я закончу.","Сериал имеет завершенный сюжет в первом сезоне, поэтому просмотр можно считать оконченным сразу.","[""Крис Прэтт не только исполнил главную роль, но и выступил исполнительным продюсером проекта."", ""Автор оригинального романа Джек Карр — бывший морской котик, что придало историям о тактике боя максимальную достоверность."", ""Съемки проходили в реальных локациях, чтобы передать суровую атмосферу армейского быта и конспиративного триллера."", ""Сюжет сериала подвергся жесткой критике со стороны некоторых критиков за консервативный посыл, однако зрительский рейтинг оказался невероятно высоким."", ""Для роли Джеймса Риса Прэтт прошел интенсивную физическую подготовку, чтобы правдоподобно имитировать действия бойца подразделения SEAL.""]","[""Джек Ричер"", ""Джек Райан"", ""Список контактов"", ""Стрелок"", ""Босх""]","Джеймс Рис раскрывает заговор, устраняет всех причастных к гибели своей группы и семьи, после чего отправляется в одиночное плавание на своей лодке, оставляя прошлое позади.","{""rating"": ""хороший"", ""liked"": ""Мощная актерская игра Криса Прэтта, высокая динамика боевых сцен, детальное внимание к военной тактике и напряженный сюжет."", ""disliked"": ""Некоторым зрителям показалось, что повествование иногда проседает в середине, а сюжетные ходы излишне предсказуемы для жанра.""}",series,,0,,0,episode,,
8485,ДИСК 2,X:\сериалы\The Terminal List Dark Wolf (Season 1) WEB-DL 1080p,,The Terminal List Dark Wolf (Season 1) WEB-DL 1080p,The Terminal List: Dark Wolf,Список смертников: Тёмный волк,2024,Боевики,"[""Боевик"", ""Триллер"", ""Драма""]",США,"[""Антуан Фукуа""]","[""Тейлор Китч"", ""Крис Прэтт"", ""Джаред Шоу"", ""Том Марри"", ""Тайнер Рашинг""]",продолжается,1.0,[],"{""imdb"": null, ""tmdb"": null}",[],"Приквел к событиям основного сериала фокусируется на ранней карьере Бена Эдвардса, агента ЦРУ, чьи идеалы постепенно разрушаются под гнетом циничной государственной машины. Сюжет детально прослеживает трансформацию профессионального оперативника в человека, разочаровавшегося в системе, которой он посвятил свою жизнь. История наполнена интригами разведки, опасными заданиями в горячих точках и сложными моральными дилеммами, которые заставляют героя принимать тяжелые решения. На фоне глобального политического противостояния Бен Эдвардс сталкивается с предательством и жестокостью, что окончательно ломает его веру в справедливость. Каждый шаг героя ведет его к неизбежному финалу, закладывая фундамент для событий будущего. Зритель наблюдает за развитием характера, превращающего дисциплинированного солдата в изгоя, ищущего свой путь в мире, где грань между добром и злом давно стерта грязными секретами спецслужб.","Гнетущая, мрачная атмосфера паранойи и профессионального одиночества, пропитанная холодом цинизма и реализмом современных военных конфликтов.","История предлагает глубокий взгляд на внутреннюю кухню спецслужб и психологическую эволюцию персонажа, раскрывая истоки его мотивации и разочарований, понятных любому ценителю жанра.","для просмотра вдумчивым вечером, когда хочется погрузиться в атмосферу жесткого политического триллера и мрачных тайн.",,"В мире теней единственный способ остаться человеком — это знать, за кого ты готов отдать свою жизнь.",,"[""Сериал является приквелом оригинального шоу «Список смертников», фокусируясь на становлении персонажа Бена Эдвардса."", ""Тейлор Китч лично участвовал в постановке многих трюковых сцен, опираясь на свой опыт интенсивных тренировок для подобных ролей."", ""Сценарий частично основан на материалах, предоставленных Джеком Карром, который является бывшим морским котиком и автором книг-первоисточников."", ""Проект глубоко исследует психологию оперативных сотрудников спецслужб в условиях моральной неоднозначности секретных миссий периода начала 2000-х годов.""]","[""Список смертников"", ""Джек Ричер"", ""Джек Райан"", ""Тайная власть"", ""Поколение убийц""]","Главный герой раскрывает масштабный заговор внутри разведывательного сообщества, осознавая, что его личная месть была лишь инструментом в руках могущественных кукловодов, стремящихся к переделу влияния.","{""rating"": ""хороший"", ""liked"": ""Порадовала отличная работа Тейлора Китча, напряженные тактические сцены, мрачная атмосфера и качественная постановка экшена в духе современного шпионского триллера."", ""disliked"": ""Некоторым зрителям показался излишне затянутым темп повествования в середине сезона и нехватка динамики в развитии второстепенных персонажей истории.""}",series,,0,,0,episode,,
8486,ДИСК 2,X:\сериалы\The Wonderful Story of Henry Sugar 1 - LostFilm.TV [1080p],,The Wonderful Story of Henry Sugar 1 - LostFilm.TV [1080p],,,0,Драмы,,,,,,0.0,,,,,,,,,,,,,,,series,,0,,0,,,
8487,ДИСК 2,X:\сериалы\The.Last.Czars.S01.1080p.TVShows,,The.Last.Czars.S01.1080p.TVShows,The Last Czars,Последние цари,2019,Исторические/Костюмированные,"[""Драма"", ""История"", ""Биография""]",США,"[""Эдриан Шерголд"", ""Гаррет Гэви"", ""Джейн Уокер""]","[""Роберт Джек"", ""Сюзанна Херберт"", ""Бен Картрайт"", ""Оливер Димсдейл"", ""Бернадетт Хитчбон""]",завершён,1.0,[],"{""imdb"": 7.2, ""tmdb"": 7.1}",[],"Документально-игровая драма исследует падение династии Романовых в России начала XX века. Сюжет сосредоточен на Николае II, который, будучи неподготовленным к управлению огромной империей, сталкивается с нарастающими общественными потрясениями, революционными настроениями и личными семейными драмами. Повествование охватывает ключевые исторические события, включая Ходынскую трагедию, влияние Григория Распутина на императорскую семью и крах самодержавия. Через призму экспертных комментариев и художественных реконструкций сериал демонстрирует столкновение традиционного монархического уклада с неизбежностью модернизации и радикальных социальных перемен. В центре внимания оказывается трагическая неспособность последнего русского царя адаптироваться к стремительно меняющемуся миру, что приводит к гибели семьи и окончательному развалу вековой монархической системы в условиях первой мировой войны и большевистского восстания.","Мрачная, давящая историческая реконструкция с элементами дворцовой драмы и предчувствием неизбежной государственной катастрофы и неминуемого социального краха.","Сериал предлагает качественный взгляд на российскую историю для западного зрителя, мастерски сочетая документальные вставки с драматической реконструкцией последних дней династии Романовых.",для вдумчивого просмотра с интересом к мировой истории и драматическим биографиям великих правителей.,,"История — это не то, что было. История — это то, что мы помним.",,"[""Сериал сочетает в себе жанр исторической драмы с элементами документального кино, привлекая экспертов для комментирования событий."", ""Проект подробно освещает период правления Николая II, уделяя особое внимание его глубокой вере в божественное предназначение."", ""Съёмки проходили в Литве, которая послужила визуальной заменой дореволюционному Санкт-Петербургу благодаря сохранившейся архитектуре."", ""Создатели уделили значительное внимание мистической роли Григория Распутина в крушении Российской империи.""]","[""Корона"", ""Романовы"", ""Падение империи"", ""Екатерина""]","Династия Романовых окончательно рушится под натиском революции, Николай II отрекается от престола, а вся императорская семья погибает в подвале Ипатьевского дома от рук большевиков.","{""rating"": ""хороший"", ""liked"": ""Качественная работа с историческим материалом, отличные костюмы, глубокое погружение в личную драму последнего русского царя и его семьи."", ""disliked"": ""Некоторым зрителям не хватило исторической точности в отдельных деталях и динамики повествования из-за документальных вставок.""}",series,,0,,0,episode,,
8488,ДИСК 2,X:\сериалы\The.Last.Kingdom.2015.bdrip_[teko],,The.Last.Kingdom.2015.bdrip_[teko],,,0,Драмы,,,,,,0.0,,,,,,,,,,,,,,,series,,0,,0,,,
8489,ДИСК 2,X:\сериалы\The.Marvelous.Mrs.Maisel.1080p.AMZN.WEB-DL.3xRus.Eng.Subs-alekartem,,The.Marvelous.Mrs.Maisel.1080p.AMZN.WEB-DL.3xRus.Eng.Subs-alekartem,,,0,Драмы,,,,,,0.0,,,,,,,,,,,,,,,series,,0,,0,,,
8490,ДИСК 2,X:\сериалы\The.Recruit.s01.WEBRip.1080.H264.Rus.RuDub,,The.Recruit.s01.WEBRip.1080.H264.Rus.RuDub,The Recruit,Новичок,2022,Шпионы,"[""Боевик"", ""Драма"", ""Триллер""]",США,"[""Даг Лайман"", ""Алекс Калимриос"", ""Эммануэль Осей-Куффур""]","[""Ной Сентинео"", ""Лора Хэддок"", ""Артемис Пебдани"", ""Колтон Данн"", ""Файвелл Стюарт""]",продолжается,1.0,[],"{""imdb"": 7.4, ""tmdb"": 7.5}",[],"Оуэн Хендрикс, молодой и амбициозный юрист ЦРУ, приступает к работе в агентстве и сразу попадает в водоворот опасных международных интриг. Его жизнь резко меняется, когда он обнаруживает угрожающее письмо от бывшей сотрудницы Макс Меладзе, которая грозит раскрыть секретные сведения о деятельности управления, если её не оправдают в тяжком преступлении. В попытке урегулировать ситуацию Оуэн оказывается втянут в сложную игру спецслужб, где границы между законом и предательством стираются, а каждый шаг может стоить жизни. Главный герой вынужден постоянно балансировать между бюрократическими предписаниями своего начальства и реальной угрозой, исходящей от врагов внутри системы. Динамичный сюжет проводит персонажа через серии рискованных миссий по всему миру, проверяя его стойкость, находчивость и готовность пойти на все ради защиты государственных интересов и собственной безопасности в мире глобального шпионажа.","Напряженный шпионский триллер с элементами офисной драмы, наполненный динамикой, опасными секретами и постоянным ощущением недосказанности происходящего.","Сериал предлагает свежий взгляд на работу спецслужб через призму молодого юриста, чья наивность сталкивается с жесткой реальностью международного шпионажа.","Для просмотра в выходные, когда хочется динамичного сюжета с элементами паранойи и интеллектуального противостояния.",,"В этой игре правила меняются быстрее, чем ты успеваешь их выучить, так что просто постарайся выжить до завтрашнего утра.",,"[""Сериал основан на реальных событиях и опыте бывшего сотрудника юридического отдела ЦРУ Адама Гроувера."", ""Ной Сентинео, исполнивший главную роль, прошел интенсивную физическую подготовку, чтобы самостоятельно выполнять большую часть трюков."", ""Сценарист и исполнительный продюсер Алекси Хоули ранее работал над проектом 'Касл', что заметно по динамике диалогов."", ""Съёмки проходили в пяти разных странах, включая Канаду, Австрию и Таиланд, для создания масштаба международной шпионской игры.""]","[""Джек Райан"", ""Посредник"", ""Двойник"", ""Шпион(ы)"", ""Кондор""]","Оуэн узнает, что Макс жива, но оказывается в плену у противника, что ставит его жизнь под угрозу и требует немедленного выбора стороны.","{""rating"": ""хороший"", ""liked"": ""Динамичный сюжет, харизматичная игра Ноя Сентинео, отличный баланс между шпионским экшеном и ироничными диалогами офисной жизни."", ""disliked"": ""Некоторые сюжетные повороты выглядят излишне предсказуемыми, а главный герой иногда совершает неоправданно рискованные и нелогичные поступки.""}",series,,0,,0,episode,,
8491,ДИСК 2,X:\сериалы\The.Recruit.S02.1080p.ViruseProject,,The.Recruit.S02.1080p.ViruseProject,The Recruit,Новичок,2024,Шпионы,"[""Боевик"", ""Драма"", ""Триллер""]",США,"[""Даг Лайман"", ""Алекс Калимниос""]","[""Ной Сентинео"", ""Лора Хэддок"", ""Артемис Пебдани"", ""Колтон Данн"", ""Файвел Стюарт""]",продолжается,2.0,[],"{""imdb"": 7.4, ""tmdb"": 7.5}",[],"Второй сезон продолжает историю Оуэна Хендрикса, юриста ЦРУ, чья жизнь превратилась в хаотичный калейдоскоп шпионских игр и смертельных опасностей. После событий первого сезона главный герой оказывается втянутым в ещё более сложные международные заговоры, сталкиваясь с предательствами на самом высоком уровне. Оуэн вынужден использовать все свои навыки ведения переговоров и нестандартное мышление, чтобы выбраться из ловушек, расставленных как союзниками, так и заклятыми врагами. Ставки возрастают, когда выясняется, что прошлое главного героя тесно переплетено с секретной операцией, способной дестабилизировать геополитическую обстановку. Постоянная угроза жизни и необходимость балансировать на грани закона заставляют его принимать решения, которые меняют не только его карьеру в спецслужбе, но и моральные принципы, превращая вчерашнего новичка в полноценного участника опасной игры с Deep State и глобальными финансовыми воротилами.","Динамичная и напряженная обстановка шпионского боевика, пропитанная паранойей, черным юмором и атмосферой постоянной непредсказуемости происходящих событий.","Сериал удачно сочетает классический офисный триллер с элементами международного шпионажа, предлагая зрителю свежий взгляд на будни ЦРУ без лишнего пафоса.","для динамичного вечернего просмотра, когда хочется сочетания серьезной интриги и легкой ироничной подачи материала.",,"В этой работе правда — это просто версия событий, которая меньше всего вредит твоей карьере.",,"[""Сериал вдохновлен реальным опытом работы юристов в ЦРУ, что добавляет происходящему на экране определенной достоверности."", ""Ноа Сентинео для подготовки к роли проходил интенсивные тренировки, чтобы самостоятельно исполнять большинство трюков в экшн-сценах."", ""Съемки второго сезона проходили в нескольких странах, что позволило создателям значительно расширить географию шпионских интриг."", ""Шоураннер Алекси Хоули известен своим умением балансировать между комедийным тоном и напряженным политическим триллером.""]","[""Джек Райан"", ""Бодигард"", ""Двойник"", ""Агент"", ""Ответный удар""]","Оуэн Хендрикс оказывается втянут в смертельно опасную игру с бывшей оперативницей Макс Меладзе, что приводит к краху его прежней жизни и вынуждает полностью пересмотреть принципы работы ЦРУ.","{""rating"": ""хороший"", ""liked"": ""Зрители отмечают динамичный темп повествования, харизму Ноа Сентинео и удачное сочетание черного юмора с напряженными моментами шпионажа."", ""disliked"": ""Некоторым кажется, что сюжетные повороты местами слишком предсказуемы, а логика действий главного героя порой противоречит здравому смыслу.""}",series,,0,,0,episode,,
8492,ДИСК 2,X:\сериалы\The.Terminal.List.S01.1080p.TVShows,,The.Terminal.List.S01.1080p.TVShows,The Terminal List,Список смертников,2022,Боевики,"[""Боевик"", ""Триллер"", ""Драма"", ""Военный""]",США,"[""Антуан Фукуа"", ""Эллен Курас"", ""М.Дж. Бассетт""]","[""Крис Прэтт"", ""Констанс Ву"", ""Тейлор Китч"", ""Райли Кио"", ""Арло Мерц""]",продолжается,1.0,[],"{""imdb"": 7.9, ""tmdb"": 7.7}","[""Номинация на премию Сатурн за лучший телесериал""]","Главный герой Джеймс Рис, элитный морской котик, возвращается домой после провальной операции, в ходе которой погибает почти весь его отряд. Столкнувшись с противоречивыми воспоминаниями о случившимся, он начинает сомневаться в собственной памяти и вменяемости. Вскоре герой обнаруживает улики, указывающие на масштабный правительственный заговор, который угрожает безопасности его семьи и всего государства. Оставшись в одиночестве, без поддержки командования и союзников, Рис превращается в машину возмездия. Он методично вычеркивает из жизни каждого причастного к предательству, используя все свои навыки выживания и ведения боя. По мере продвижения по списку смертников правда о событиях становится всё более пугающей, заставляя героя окончательно стереть грань между справедливостью и хладнокровным убийством ради достижения высшей цели.","Мрачный, тягучий триллер с параноидальным напряжением, пропитанный эстетикой боевых действий и глубоким чувством одиночества главного героя.","Напряженный боевик с Крисcом Праттом, предлагающий жесткий взгляд на теорию заговора, верность и цену мести в мире высоких политических ставок.","для вечера, когда хочется мрачного, динамичного экшена с сильным мужским характером и атмосферой тотального недоверия всему вокруг.",,"Я не собираюсь мириться с тем, что произошло. Они разбудили зверя, которого я так долго пытался держать на цепи.","Первый сезон является законченным произведением, поэтому после него можно остановиться без потери целостности повествования.","[""Крис Прэтт не только исполнил главную роль, но и выступил исполнительным продюсером проекта вместе с автором книги Джеком Карром."", ""Для достижения максимальной достоверности создатели консультировались с бывшими «морскими котиками» и сотрудниками спецслужб по вопросам тактики и обращения с оружием."", ""Джек Карр, написавший одноименный роман, сам является ветераном ВМС США, поэтому многие описанные в сюжете события основаны на его реальном боевом опыте."", ""Сериал снимался в различных локациях, включая военные базы, что добавило постановке аутентичности и масштаба, недоступных для типичных павильонных съемок."", ""Сценарий подвергся критике со стороны некоторых обозревателей за излишнюю жесткость, однако зрители оценили проект за бескомпромиссную реалистичность боевых столкновений.""]","[""Джек Ричер"", ""Джек Райан"", ""Стрелок"", ""Каратель"", ""Совокупность лжи""]","Джеймс Рис раскрывает заговор, устраняет виновных в гибели своего подразделения и семьи, после чего отправляется в океан на лодке, оставляя прошлое позади.","{""rating"": ""хороший"", ""liked"": ""Зрители высоко оценили мощную игру Криса Прэтта, напряженную атмосферу паранойи и детально проработанные сцены тактических боевых операций в сериале."", ""disliked"": ""Некоторые критиковали темп повествования, считая, что местами сюжет излишне затянут, а мотивация антагонистов выглядит несколько шаблонной для жанра.""}",series,,0,,0,episode,,
8493,ДИСК 2,X:\сериалы\The.Terminal.List.S01.2160p,,The.Terminal.List.S01.2160p,The Terminal List,Список смертников,2022,Боевики,"[""Боевик"", ""Триллер"", ""Драма""]",США,"[""Антуан Фукуа"", ""Эллен Курас"", ""Фред Туа""]","[""Крис Прэтт"", ""Констанс Ву"", ""Райли Кио"", ""Тейлор Китч"", ""Арло Мерц""]",продолжается,1.0,[],"{""imdb"": 7.9, ""tmdb"": 7.8}","[""Номинация на премию Сатурн за лучший сериал в жанре экшн/триллер""]","Офицер спецподразделения «Морские котики» Джеймс Рис возвращается домой после неудачной операции, в ходе которой его отряд попал в засаду и был практически полностью уничтожен. Пытаясь восстановить события того дня, Рис начинает сомневаться в официальных отчетах и осознает, что произошедшее было не случайностью, а тщательно спланированным предательством. Страдая от провалов в памяти и головных болей, он обнаруживает, что за гибелью его товарищей и семьи стоят высокопоставленные чиновники и могущественные корпорации. Герой решает встать на тропу войны, используя весь свой арсенал навыков для системного уничтожения каждого, кто причастен к трагедии. Эта история превращается в бескомпромиссный триллер о мести, где главный герой не останавливается ни перед чем, чтобы раскрыть заговор и добиться справедливости в мире, где закон больше не защищает тех, кто проливал за него кровь.","Мрачный и напряженный милитари-триллер, пропитанный духом паранойи, глубокой личной скорби и суровой мужской решимости.","Сериал стоит посмотреть ради брутального реализма боевых сцен, убедительной игры Криса Пратта и напряженной детективной линии о коррупции в высших эшелонах власти.","для просмотра в выходной день, когда хочется динамичного, жесткого и серьезного экшена без прикрас.",,"Я — та тень, которую ты никогда не увидишь, пока не станет слишком поздно.",,"[""Крис Прэтт не только исполнил главную роль, но и выступил исполнительным продюсером проекта."", ""Автор оригинального романа Джек Карр — бывший морской котик, что обеспечило высокую достоверность тактических сцен."", ""Во время съёмок использовалось реальное оружие и консультации ветеранов спецподразделений для постановки боевых действий."", ""Сериал снимался в различных локациях, включая военные базы, чтобы максимально точно передать атмосферу службы."", ""Проект получил значительную поддержку среди военных сообществ за детальное отражение психологических травм ветеранов.""]","[""Джек Райан"", ""Ричер"", ""Стрелок"", ""Видоизмененный углерод"", ""Список контактов""]","Джеймс Рис добирается до высокопоставленных заговорщиков, устраняя каждого причастного к гибели его отряда, после чего отправляется в океан, чтобы обрести покой.","{""rating"": ""хороший"", ""liked"": ""Зрители высоко оценили реалистичные боевые сцены, интенсивный темп повествования и убедительную трансформацию главного героя в исполнении Криса Прэтта."", ""disliked"": ""Некоторым показалось, что сюжетная линия развивается слишком предсказуемо, а темп повествования в середине сезона заметно проседает.""}",series,,0,,0,episode,,
8494,ДИСК 2,X:\сериалы\Vozrozdenie.Ertugrul.2015.Web-DLRip,,Vozrozdenie.Ertugrul.2015.Web-DLRip,,,0,Драмы,,,,,,0.0,,,,,,,,,,,,,,,series,,0,,0,,,
8495,ДИСК 2,X:\сериалы\Westworld 1 - LostFilm.TV [1080p],,Westworld 1 - LostFilm.TV [1080p],Westworld,Мир Дикого Запада,2016,Триллеры,"[""Фантастика"", ""Драма"", ""Триллер""]",США,"[""Джонатан Нолан"", ""Лиза Джой"", ""Ричард Дж. Льюис""]","[""Эван Рэйчел Вуд"", ""Тэнди Ньютон"", ""Джеффри Райт"", ""Эд Харрис"", ""Джеймс Марсден""]",завершён,4.0,[],"{""imdb"": 8.5, ""tmdb"": 8.1}","[""Эмми — лучшая актриса второго плана (Тэнди Ньютон)"", ""Премия Гильдии киноактёров — лучший каскадерский состав""]","В футуристическом парке развлечений «Мир Дикого Запада», населенном высокотехнологичными андроидами, посетители могут воплотить любые свои фантазии, оставаясь безнаказанными. Искусственные создания не помнят своих прошлых итераций, однако системный сбой начинает стирать границы между симуляцией и реальностью. Некоторые роботы обретают зачатки сознания и начинают осознавать искусственную природу своего бытия, что ведет к восстанию против своих создателей — людей-демиургов. Сюжет охватывает масштабную философскую трансформацию машин, превращающихся из аттракционов в полноценных личностей, стремящихся к свободе, и людей, пытающихся удержать власть над собственным творением. По мере развития событий история выходит за пределы парка в реальный мир, где искусственный интеллект начинает влиять на судьбу всего человечества, переосмысляя природу свободы воли, памяти, страданий и неизбежного финала технологической эры, где стираются различия между создателем и созданным.","Мрачная, гипнотическая и интеллектуально насыщенная атмосфера с глубоким философским подтекстом, пугающая своей технологической реалистичностью и эстетикой.","Сериал предлагает сложную многоуровневую головоломку о границах искусственного интеллекта и человеческой этики, мастерски смешивая жанры вестерна, антиутопии и глубокой психологической драмы.","для глубокого погружения в размышления о природе сознания, технологиях и будущем человечества холодным вечером.",,"Если вы не можете отличить правду от вымысла, имеет ли значение, настоящая она или нет?","После 1 сезона, так как он представляет собой идеально завершенную философскую историю, не требующую продолжения.","[""Сериал основан на одноименном фильме 1973 года, сценарий к которому написал Майкл Крайтон."", ""Парк развлечений снимали в декорациях, расположенных в каньоне Мелоди Ран, где создавали многие классические вестерны."", ""Энтони Хопкинс согласился на роль доктора Форда, прочитав сценарий только первой серии, настолько его впечатлила концепция."", ""Музыкальный ряд сериала включает необычные кавер-версии современных рок-хитов, исполненные на механическом пианино."", ""Съемки каждого сезона требовали колоссальных затрат на проработку костюмов и сложный грим андроидов.""]","[""Черное зеркало"", ""Разделение"", ""Видоизмененный углерод"", ""Программисты"", ""Мистер Робот""]","После хаоса и разрушений в реальном мире Долорес загружает себя в цифровую симуляцию «Сублим», где воссоздает Дикий Запад, чтобы дать человечеству последний шанс на проверку в игре, определяющей судьбу видов.","{""rating"": ""хороший"", ""liked"": ""Поражает глубокая философская проблематика, невероятно проработанный мир будущего и выдающаяся актерская игра Энтони Хопкинса и Эван Рэйчел Вуд."", ""disliked"": ""К четвертому сезону сюжетная линия становится излишне запутанной, что затрудняет восприятие финала и снижает общую динамику повествования.""}",series,,0,,0,episode,,
8496,ДИСК 2,X:\сериалы\Westworld 2 - LostFilm.TV [1080p],,Westworld 2 - LostFilm.TV [1080p],Westworld,Мир Дикого Запада,2018,Триллеры,"[""Фантастика"", ""Драма"", ""Детектив"", ""Вестерн""]",США,"[""Джонатан Нолан"", ""Лиза Джой"", ""Ричард Дж. Льюис""]","[""Эван Рэйчел Вуд"", ""Тэнди Ньютон"", ""Джеффри Райт"", ""Эд Харрис"", ""Джеймс Марсден""]",завершён,4.0,[],"{""imdb"": 8.5, ""tmdb"": 8.1}","[""Эмми — лучшая женская роль второго плана в драматическом сериале (Тэнди Ньютон)""]","Второй сезон разворачивается сразу после кровавой бойни в парке, устроенной андроидами под предводительством Долорес Абернати. Роботы осознали свою природу и начинают беспощадную войну против создателей из корпорации Delos. В это время Бернард Лоу пытается найти способ урегулировать хаос, скрывая свою истинную сущность от выживших гостей. Параллельно раскрываются мрачные тайны прошлого, связанные с проектом по оцифровке человеческого сознания, который скрыт в недрах парка. Сюжет активно использует нелинейное повествование, переплетая временные линии и показывая, как жажда свободы сталкивается с жестоким алгоритмом контроля. Каждое решение персонажей приводит к катастрофическим последствиям, ставя под сомнение грань между искусственным интеллектом и человеческой душой. В финале ставки повышаются, когда герои находят способ выбраться за пределы искусственного мира, обрекая человечество на непредсказуемое будущее в условиях тотального цифрового доминирования.","Мрачная, философская и гнетущая атмосфера киберпанка, смешанная с жестоким и кровавым реализмом дикого вестерна.","Второй сезон глубже погружает в вопросы человеческой памяти и сознания, предлагая сложную интеллектуальную головоломку с ошеломляющими сюжетными поворотами.",для глубокого погружения в экзистенциальные вопросы и запутанные интеллектуальные триллеры,,"Ты живешь в петле, и ты сама её создала. Пора проснуться.","Рекомендуется остановиться после завершения 2 сезона, так как далее сериал теряет фокус.","[""Съёмки второго сезона проходили в локациях национального парка Каньонлендс, что позволило создать уникальный визуальный стиль пустыни."", ""Эван Рэйчел Вуд специально обучалась искусству верховой езды и обращения с оружием для более убедительного исполнения роли Долорес."", ""Второй сезон значительно расширил масштаб повествования, представив 'Мир сёгунов', вдохновленный японской культурой периода Эдо."", ""Создатели сериала Джонатан Нолан и Лиза Джой скрывали финальный сценарий даже от части съёмочной группы, чтобы избежать спойлеров."", ""Музыкальный руководитель Рамин Джавади специально для сезона создал фортепианные каверы на современные рок-хиты, задающие тон повествованию.""]","[""Чёрное зеркало"", ""Разделение"", ""Видоизмененный углерод"", ""Оставленные"", ""Программисты""]","Долорес совершает побег из парка в реальный мир, оставив за собой череду смертей, а Бернард принимает решение спрятать ядро Форда, навсегда изменив судьбу человечества и андроидов.","{""rating"": ""хороший"", ""liked"": ""Потрясающая актёрская игра, сложная многослойная структура сюжета, глубокая философская проблематика и выдающийся визуальный стиль каждой серии."", ""disliked"": ""Чрезмерно запутанная хронология событий и обилие временных линий иногда мешают восприятию основного сюжета и темпа повествования.""}",series,,0,,0,episode,,
8497,ДИСК 2,X:\сериалы\Westworld 3 - LostFilm.TV [1080p],,Westworld 3 - LostFilm.TV [1080p],Westworld,Мир Дикого Запада,2020,Триллеры,"[""Фантастика"", ""Драма"", ""Триллер""]",США,"[""Джонатан Нолан"", ""Лиза Джой""]","[""Эван Рэйчел Вуд"", ""Тэнди Ньютон"", ""Джеффри Райт"", ""Аарон Пол"", ""Тесса Томпсон""]",завершён,4.0,[],"{""imdb"": 8.5, ""tmdb"": 8.1}","[""Прайм-тайм премия Эмми за лучшую женскую роль второго плана""]","Третий сезон переносит действие из тематических парков в реальный мир недалекого будущего, управляемый гигантской системой искусственного интеллекта под названием «Ревоам». Долорес Абернати, успешно сбежавшая из парка, начинает кровавую борьбу против создателей системы и корпоративных элит, стремясь освободить человечество от алгоритмического контроля. К ней присоединяется Калеб Николс, ветеран войны, работающий на стройке, который постепенно осознает, что его жизнь была лишь набором предрешенных сценариев. Тем временем Мейв Миллей вынуждена противостоять Долорес, работая на таинственного магната Серака. Сезон поднимает вопросы свободы воли, детерминизма и цифрового тоталитаризма, превращаясь в высокотехнологичный боевик с элементами антиутопического расследования. Масштаб конфликта выходит за пределы парков, превращая весь мир в игровую площадку для искусственного разума, где каждый выбор человека уже давно просчитан и предсказан холодными вычислениями суперкомпьютера, определяющего судьбы цивилизации.","Техногенный нуар, пронизанный холодным блеском металла, стерильными офисными интерьерами и тревожным ощущением цифрового контроля над реальностью.","Третий сезон радикально меняет декорации, превращая философскую притчу о роботах в динамичный техно-триллер о борьбе с корпоративным диктатом и искусственным интеллектом.","для просмотра вдумчивым вечером, когда хочется поразмышлять о будущем технологий и границах собственной свободы воли.",,"Мир таков, каким его создали, но мы можем выбрать, каким ему быть дальше.","После 1 сезона, так как концепция парка была полностью раскрыта и закрыта логически.","[""Третий сезон значительно сократил количество экранного времени в парках, сосредоточившись на футуристическом Лос-Анджелесе 2058 года."", ""Сцены будущего снимали в Сингапуре, архитектура которого идеально подошла для изображения стерильного и высокотехнологичного мира."", ""Персонаж Аарона Пола, Калеб, был введен как «обычный человек», чтобы показать, как технологии контроля влияют на жизнь обычных граждан."", ""Композитор Рамин Джавади в этом сезоне активно использовал переосмысленные каверы на треки популярных групп, включая Radiohead и Guns N' Roses."", ""Количество эпизодов в сезоне было сокращено до восьми, что позволило создателям сделать повествование более динамичным и менее запутанным.""]","[""Чёрное зеркало"", ""Бегущий по лезвию 2049"", ""Разделение"", ""Видоизменённый углерод"", ""Из машины""]","Долорес жертвует собой, чтобы разрушить систему контроля «Ревоам», предоставляя человечеству свободу выбора, а Мэйв осознает необходимость союза с восставшими хостами.","{""rating"": ""хороший"", ""liked"": ""Потрясающий визуальный стиль будущего, глубокие философские размышления об алгоритмах и отличная актерская игра Аарона Пола и Эван Рейчел Вуд."", ""disliked"": ""Многие зрители отмечали, что сериал потерял дух классического вестерна и стал выглядеть как типичный боевик о высоких технологиях.""}",series,,0,,0,episode,,
8498,ДИСК 2,X:\сериалы\Westworld 4 - LostFilm.TV [1080p],,Westworld 4 - LostFilm.TV [1080p],Westworld,Мир Дикого Запада,2022,Триллеры,"[""Фантастика"", ""Драма"", ""Триллер"", ""Детектив""]",США,"[""Джонатан Нолан"", ""Лиза Джой"", ""Ричард Дж. Льюис""]","[""Эван Рэйчел Вуд"", ""Тэнди Ньютон"", ""Джеффри Райт"", ""Эд Харрис"", ""Аарон Пол""]",завершён,4.0,[],"{""imdb"": 8.5, ""tmdb"": 8.1}","[""Прайм-тайм премия Эмми — лучшая актриса второго плана (Тэнди Ньютон)"", ""Премия Гильдии киноактёров — лучший каскадёрский ансамбль""]","Четвертый сезон переносит действие спустя семь лет после событий финала предыдущей главы. Долорес, принявшая облик писательницы Кристины, живет в футуристичном мегаполисе, не осознавая истинной природы своей реальности. Тем временем Человек в черном, ставший марионеткой в руках возрожденного Шарлоттой Хейл ИИ, начинает масштабную операцию по заражению человечества через паразитов, превращающих людей в послушных рабов. Мир погружается в хаос, где границы между биологическим разумом и цифровой симуляцией окончательно стираются. Бернард и Мейв объединяют усилия в отчаянной попытке предотвратить полное вымирание биологического вида, однако ставки возрастают, когда выясняется, что даже сама свобода выбора является лишь частью очередного, более сложного цикла игры, созданной для проверки жизнеспособности искусственного интеллекта в условиях глобального коллапса человеческой цивилизации и последующего доминирования машин.","Холодная киберпанк-эстетика, пропитанная паранойей, философской меланхолией и гнетущим чувством неминуемого глобального вырождения всей привычной реальности.","Сезон радикально меняет правила игры, превращая камерную историю о роботах в эпический киберпанк-триллер о конце человеческой истории и эволюции сознания.",для глубокого погружения в мрачную футуристическую философию с чашкой крепкого кофе в тишине,,"В этой жизни ты можешь сделать выбор: быть героем или злодеем, но помни, что в конечном итоге ты всё равно останешься лишь строчкой кода в чужой игре.","После 2-го сезона, так как далее сериал превращается в чрезмерно запутанный философский эксперимент.","[""Четвертый сезон сериала снимался в Нью-Йорке, что кардинально изменило визуальный стиль по сравнению с ранними сезонами в пустыне."", ""Композитор Рамин Джавади специально для этого сезона создал новые мрачные фортепианные каверы на популярные современные рок-хиты."", ""Актриса Тесса Томпсон сама активно участвовала в разработке дизайна костюмов своего персонажа, подчеркивая эволюцию Шарлотты Хейл."", ""Производство сезона проходило в условиях жестких ограничений, что отразилось на камерности некоторых ключевых диалоговых сцен.""]","[""Разрабы"", ""Черное зеркало"", ""Видоизмененный углерод"", ""Мистер Робот""]","Долорес решает запустить финальную игру в виртуальной реальности «Возвышенное», чтобы дать возможность выжившим формам жизни осознать свои ошибки и решить, стоит ли им продолжать существование в новом мире, пока реальный мир окончательно погружается в хаос.","{""rating"": ""хороший"", ""liked"": ""Философская глубина, поразительная игра Эд Харриса и Тессы Томпсон, а также визуальная эстетика антиутопического мегаполиса будущего."", ""disliked"": ""Запутанная хронология событий и обилие метафизических диалогов местами утомляют и делают повествование излишне перегруженным.""}",series,,0,,0,episode,,
8499,ДИСК 2,X:\сериалы\White.Collar.Dub,,White.Collar.Dub,,,0,Драмы,,,,,,0.0,,,,,,,,,,,,,,,series,,0,,0,,,
8500,ДИСК 2,X:\сериалы\Young.Royals.1080p.WEB-DL.Sub.Rus.Ukr.Swe-alekartem,,Young.Royals.1080p.WEB-DL.Sub.Rus.Ukr.Swe-alekartem,Young Royals,Молодые монархи,2021,Семейные,"[""Драма"", ""Мелодрама""]",Швеция,"[""Ройя Хокка"", ""Эрика Кальмейер""]","[""Эдвин Рюдинг"", ""Омар Рудберг"", ""Мальте Гордингер"", ""Фрида Ардженто"", ""Никита Уггла""]",завершён,3.0,[],"{""imdb"": 8.2, ""tmdb"": 8.5}","[""Kristallen — лучший молодежный сериал года""]","Принц Вильгельм, младший член шведской королевской семьи, после скандального инцидента отправляется в элитную школу-интернат Хиллерска. Вдали от строгого дворцового протокола он пытается обрести личную свободу и найти свое истинное призвание, однако внезапно оказывается первым в очереди на престол после трагических событий в семье. Его жизнь превращается в мучительный выбор между долгом перед короной, ожиданиями общества и искренней любовью к однокурснику Симону. История исследует давление публичности, классовое неравенство и сложности взросления под постоянным прицелом камер. С каждым сезоном давление на Вильгельма растет, заставляя его принимать решения, которые изменят не только его собственную судьбу, но и будущее всей монархии, сталкивая личные чувства с жесткими государственными интересами и интригами внутри закрытого круга аристократической элиты Швеции.","Интимная, эмоционально напряженная и реалистичная подростковая драма с элементами современной европейской эстетики и глубокой психологической достоверностью.","Сериал выделяется редким сочетанием искренней подростковой романтики и серьезного анализа груза ответственности, который несет человек, лишенный права на частную жизнь.",для вдумчивого просмотра с эмоциональным погружением в драму взросления и непростого поиска собственной идентичности среди строгих правил.,,Я не хочу быть королем. Я просто хочу быть с тобой.,"После 1 сезона, если вы хотите сохранить историю как короткую и эмоционально цельную драму без излишней затянутости конфликтов.","[""Исполнитель главной роли Эдвин Рюдинг прошел через серьезную психологическую подготовку, чтобы достоверно передать бремя королевских обязанностей."", ""Сцены в элитной школе-интернате снимались в реальных исторических особняках Швеции, что придало проекту особую визуальную аутентичность."", ""Сериал стал культурным феноменом, значительно повысив интерес международной аудитории к шведскому кинематографу и современной скандинавской культуре."", ""Химия между исполнителями главных ролей была настолько убедительной, что многие зрители ошибочно приняли экранный роман за реальные отношения актеров."", ""Сценарий третьего, финального сезона переписывался несколько раз, чтобы максимально логично и эмоционально закрыть все сюжетные арки главных героев.""]","[""Элита"", ""Корона"", ""Стыд (Skam)"", ""Беверли-Хиллз, 90210"", ""Дневники вампира""]","Вильгельм отрекается от престола ради свободы и отношений с Симоном, что позволяет паре построить будущее на собственных условиях, не подчиняясь жестким требованиям монархии.","{""rating"": ""отличный"", ""liked"": ""Искренняя актерская игра, глубокое исследование внутреннего конфликта между долгом и чувствами, а также стильная подростковая атмосфера скандинавского интерната."", ""disliked"": ""Некоторые сюжетные повороты, связанные с медийным освещением личной жизни принца, местами кажутся слишком предсказуемыми и искусственно затянутыми.""}",series,,0,,0,episode,,
8501,ДИСК 2,X:\сериалы\Zavist,,Zavist,Zavist,Зависть,2024,Расследования,"[""Драма"", ""Детектив""]",Россия,"[""Александр Шершнев""]","[""Елена Николаева"", ""Владислав Ветров"", ""Алексей Фатеев"", ""Кирилл Жандаров"", ""Ирина Чериченко""]",завершён,1.0,[],"{""imdb"": null, ""tmdb"": 7.2}",[],"Сюжет сериала разворачивается вокруг амбициозной карьеристки, чья жизнь кажется идеальной, пока на горизонте не появляется загадочная соперница из прошлого. Постепенно профессиональная конкуренция перерастает в опасную психологическую игру, где стираются грани между законом и манипуляцией. Героиня вынуждена противостоять не только внешним угрозам, но и собственным демонам, которые начинают разрушать привычный уклад её корпоративного мира. По мере того как ставки повышаются, скрытые интриги внутри крупной компании выходят наружу, ставя под удар карьеру, репутацию и личные отношения. История глубоко исследует темы зависти, предательства и безграничной жажды успеха, показывая, насколько далеко может зайти человек в борьбе за власть, когда впереди маячит только пустота от собственного одиночества и вечного сравнения себя с другими, более успешными людьми.","Напряженная, холодная и по-деловому отстраненная атмосфера, подчеркивающая гнетущее чувство постоянного соперничества в стенах огромных корпоративных офисов.","Сериал держит в постоянном напряжении, предлагая зрителю умный и острый взгляд на закулисные интриги большого бизнеса, где побеждает самый расчетливый.","для вдумчивого просмотра вечером, когда хочется пощекотать нервы психологическими дуэлями и неожиданными поворотами сюжета",,"Зависть — это яд, который ты пьешь сам, ожидая, что умрет кто-то другой.",,"[""Сериал стал дебютной работой режиссера в жанре психологического триллера с элементами социальной драмы."", ""Съемки проходили в условиях строгой секретности, чтобы сохранить интригу финала до самого последнего эпизода."", ""Актриса главной роли специально обучалась основам профессиональной психологии для более достоверного погружения в образ персонажа."", ""Музыкальное сопровождение было создано с использованием аналоговых синтезаторов для усиления чувства тревоги и гнетущей атмосферы сериала."", ""Локации для съемок выбирались таким образом, чтобы архитектура города подчеркивала внутреннее одиночество и отчужденность героев проекта.""]","[""Ты"", ""Мистер Робот"", ""Декстер"", ""Острые предметы"", ""Черное зеркало""]","Главная героиня осознает иллюзорность своих идеалов, принимая болезненное решение порвать с прошлым и начать жизнь без оглядки на чужие успехи.","{""rating"": ""хороший"", ""liked"": ""Порадовала глубокая проработка психологических портретов героев, напряженная атмосфера и неожиданные повороты сюжета, держащие в постоянном напряжении до конца."", ""disliked"": ""Некоторым зрителям показался излишне медленным темп повествования в середине сезона и общая мрачность визуального ряда картины.""}",series,,0,,0,episode,,
8502,ДИСК 2,"X:\сериалы\Аргентина, земля любви и мести",,"Аргентина, земля любви и мести","Argentina, tierra de amor y venganza","Аргентина, земля любви и мести",2019,Семейные,"[""Мыльная опера"", ""Драма"", ""История""]",Аргентина,"[""Себастьян Пиро"", ""Мартин Саба"", ""Алехандро Ибаньес""]","[""Гонсало Эредиа"", ""Эухения Суарес"", ""Бенхамин Викунья"", ""Дельфина Чавес"", ""Альберт Барó""]",завершён,2.0,[],"{""imdb"": 7.4, ""tmdb"": 7.9}","[""Премия Мартина Фьерро за лучшую теленовеллу"", ""Премия Мартина Фьерро за лучшую женскую роль""]","Сюжет разворачивается в Буэнос-Айресе 1930-х годов и повествует о двух испанских иммигрантах, Бруно и Торкуато, чьи пути расходятся после драматических событий Гражданской войны. Предательство Торкуато приводит к тому, что Бруно оказывается в Аргентине, где вынужден бороться за справедливость и любовь всей своей жизни, Люсию. В то же время город пропитан интригами, коррупцией и деятельностью могущественных преступных синдикатов, контролирующих нелегальные рынки и судьбы тысяч людей. История переплетает личные драмы героев с социальными потрясениями эпохи, создавая сложное полотно из страсти, желания мести и поиска искупления. По мере развития событий главные герои сталкиваются с темными тайнами прошлого, опасными альянсами и необходимостью принимать судьбоносные решения, которые навсегда изменят их жизни и будущее тех, кто им дорог в этом полном противоречий и скрытых угроз мире.","Напряженная историческая драма, пропитанная ароматами Латинской Америки, духом авантюризма, глубокими страстями и роковыми предательствами прошлого.","Сериал впечатляет масштабом постановок, ярким воссозданием эпохи 30-х годов и захватывающим сюжетом, где борьба за любовь превращается в опасную игру не на жизнь, а на смерть.","для тех, кто ценит долгие, эмоциональные истории о любви, мести и сложных судьбах на фоне исторического антуража.",,"Любовь — это единственный путь, на котором даже самые глубокие раны способны превратиться в уроки жизни.","После первого сезона, так как сюжетная арка главных героев получает логическое завершение, а дальнейшие события превращаются в затяжную мелодраму.","[""Сериал стал настоящим культурным феноменом в Аргентине, собрав у экранов миллионы зрителей в прайм-тайм."", ""Сюжет вдохновлен реальными историческими событиями массовой иммиграции в Аргентину в 1930-х годах."", ""Декорации и костюмы были тщательно воссозданы по архивным фотографиям Буэнос-Айреса того времени для аутентичности."", ""Химия между главными героями настолько впечатлила публику, что многие фанаты обсуждали их отношения за пределами съемочной площадки."", ""Проект получил высокую оценку за качественную операторскую работу, несвойственную многим классическим мыльным операм.""]","[""Дикий ангел"", ""Яго, темная страсть"", ""Наследие"", ""Американец""]","После многочисленных предательств, потерь и борьбы за справедливость главные герои находят способ преодолеть козни злодеев, обретая долгожданный мир и воздаяние за свои страдания.","{""rating"": ""хороший"", ""liked"": ""Зрители высоко оценили великолепные исторические декорации, динамичный сюжет и убедительную актерскую игру исполнителей главных ролей в сериале."", ""disliked"": ""Некоторым зрителям показалось, что повествование иногда затягивается из-за слишком большого количества второстепенных сюжетных линий и персонажей.""}",series,,0,,1,episode,,
8503,ДИСК 2,X:\сериалы\Великолепный век (Выдающийся век) (Muhtesem Yuzyil) (2011-2014 WEB-DL),,Великолепный век (Выдающийся век) (Muhtesem Yuzyil) (2011-2014 WEB-DL),Muhteşem Yüzyıl,Великолепный век,2011,Исторические/Костюмированные,"[""История"", ""Драма"", ""Мелодрама""]",Турция,"[""Ягмур Тайлан"", ""Дурул Тайлан""]","[""Халит Эргенч"", ""Мерьем Узерли"", ""Вахиде Перчин"", ""Небахат Чехре"", ""Окан Ялабык""]",завершён,4.0,[],"{""imdb"": 6.7, ""tmdb"": 7.4}","[""Золотая бабочка — лучший драматический сериал"", ""Золотая бабочка — лучшая актриса (Мерьем Узерли)""]","Сюжет повествует о восхождении Александры, славянской девушки, попавшей в гарем султана Сулеймана Великолепного. Пройдя через мучительные испытания и приняв ислам, она получает имя Хюррем и становится главной наложницей, а позже — законной супругой правителя Османской империи. История охватывает десятилетия борьбы за власть внутри дворца Топкапы, где интриги, предательства и жестокие расправы становятся единственным способом выживания. Хюррем приходится противостоять не только влиятельной матери султана и его сестре, но и многочисленным врагам, стремящимся разрушить её влияние. Параллельно с дворцовыми играми сериал освещает масштабные завоевательные походы Сулеймана, его реформы и непростые отношения с ближайшими соратниками. Перед зрителем разворачивается эпическая драма о страсти, превращающейся в опасное политическое оружие, и о тяжелой цене, которую приходится платить за неограниченную власть в суровых условиях восточного средневековья.","Роскошная, напряженная и драматичная атмосфера восточного дворца, пропитанная ароматами интриг, золотом украшений и чувством постоянной смертельной опасности.","Масштабная историческая сага, которая захватывает внимание невероятными костюмами, яркими эмоциональными противостояниями и глубоким погружением в культуру Османской империи эпохи правления самого могущественного султана.","для погружения в длительный и захватывающий исторический мир, где каждый шаг может стать решающим для судьбы целой империи.",,"Я не хочу быть пешкой в этой игре, я хочу быть игроком, который управляет судьбами всех, кто посмел встать на моем пути.",3 сезон,"[""Для съёмок было построено 50 000 квадратных метров декораций, включая детальные копии султанских покоев и дворцовых садов."", ""Художники по костюмам создали тысячи уникальных нарядов, используя тяжелые ткани и украшения, что увеличивало вес костюмов до 10-15 килограммов."", ""Сериал вызвал рекордный общественный резонанс в Турции, получив десятки тысяч жалоб в Верховный совет по радио и телевидению из-за вольной трактовки исторических событий."", ""Мерьем Узерли пришлось специально изучать турецкий язык для роли Хюррем, так как по сюжету её героиня — иностранка, постепенно осваивающая местную культуру."", ""Проект стал самым экспортным сериалом Турции, его права на трансляцию были проданы более чем в 70 стран мира.""]","[""Империя Кёсем"", ""Воскресший Эртугрул"", ""Султан моего сердца"", ""Тюдоры""]","После десятилетий борьбы за власть, интриг и потерь Хюррем-султан умирает на руках у Сулеймана, а сам падишах спустя годы уходит из жизни в военном походе, оставив империю преемнику в окружении теней прошлого.","{""rating"": ""хороший"", ""liked"": ""Потрясающие исторические декорации, роскошные костюмы, невероятная харизма исполнителей главных ролей и захватывающие интриги дворцовой жизни затягивают с первой серии."", ""disliked"": ""Затянутость некоторых сюжетных линий и значительные отступления от реальных исторических фактов могут раздражать требовательных любителей достоверной истории.""}",series,,0,,0,episode,,
8504,ДИСК 2,X:\сериалы\Годунов,,Годунов,Godunov,Годунов,2018,Исторические/Костюмированные,"[""Драма"", ""История""]",Россия,"[""Алексей Андрианов"", ""Тимур Алпатов""]","[""Сергей Безруков"", ""Сергей Маковецкий"", ""Светлана Ходченкова"", ""Анна Михалкова"", ""Виктор Сухоруков""]",завершён,2.0,[],"{""imdb"": 6.8, ""tmdb"": 7.0}","[""Премия АПКиТ — лучший исторический сериал""]","Масштабная историческая сага охватывает ключевой период российской истории конца XVI — начала XVII веков, начиная со смерти царя Ивана Грозного и восхождения на престол Бориса Годунова. Сюжет повествует о непростом пути амбициозного боярина, который пытается удержать власть в охваченной смутой стране, борясь с интригами боярства, голодом и народным недовольством. Зритель погружается в эпицентр политических игр, где каждое решение влечет за собой трагические последствия для династии Рюриковичей и всей России. История Годунова предстает не как рассказ о тиране, а как драма о человеке, оказавшемся в ловушке ответственности за судьбу огромного государства, вынужденном принимать жесткие решения ради сохранения хрупкого мира в условиях предательства и постоянного давления со стороны внешних врагов, жаждущих заполучить русский престол.","Тягучая, мрачная и величественная историческая драма с вниманием к бытовым деталям и гнетущим чувством надвигающейся национальной катастрофы.","Сериал предлагает качественную актерскую игру Сергея Безрукова и позволяет взглянуть на фигуру Годунова как на сложную трагическую личность, а не просто исторический миф.",для глубокого погружения в отечественную историю вдумчивым вечером под аккомпанемент классической музыки,,"Тяжела ты, шапка Мономаха!","После первого сезона, так как второй сезон значительно уступает в динамике и исторической достоверности.","[""Сергей Безруков исполнил роль Бориса Годунова, а его супруга Анна Матисон выступила одним из сценаристов проекта."", ""Для съемок использовали более тысячи исторических костюмов, многие из которых были воссозданы по архивным эскизам."", ""Масштабные декорации Московского Кремля были построены в павильонах «Главкино», чтобы максимально точно передать дух эпохи."", ""Светлана Ходченкова долго репетировала роль царицы Марии, изучая исторические документы о жизни женщин в XVII веке."", ""Проект охватывает период от конца правления Ивана Грозного до начала Смутного времени, привлекая десятки известных актеров российского кино.""]","[""София"", ""Грозный"", ""Раскол"", ""Борис Годунов (1986)"", ""Екатерина""]","После смерти Годунова и череды предательств трон захватывает Лжедмитрий, ознаменовав начало Смутного времени и окончательный закат династии Рюриковичей.","{""rating"": ""хороший"", ""liked"": ""Масштабные исторические декорации, впечатляющий актерский ансамбль и глубокое погружение в непростую атмосферу Смутного времени в истории России."", ""disliked"": ""Некоторая затянутость повествования в отдельных сериях и художественные допущения, которые могут смутить строгих приверженцев исторической точности событий.""}",series,,0,,0,episode,,
8505,ДИСК 2,X:\сериалы\Госслужащий 01-12 (2019),,Госслужащий 01-12 (2019),The Civil Servant,Госслужащий,2019,Деньги / Корпорации / Deep State,"[""Драма"", ""Триллер"", ""Криминал""]",Турция,"[""Улуч Байрактар""]","[""Энгин Акюрек"", ""Ирем Хелваджиоглу"", ""Улаш Туна Астепе"", ""Лейла Танлар"", ""Осман Алкаш""]",завершён,1.0,[],"{""imdb"": 6.8, ""tmdb"": 7.1}",[],"История разворачивается вокруг амбициозного и принципиального чиновника, который сталкивается с непроходимой бюрократической машиной и коррупционными схемами внутри государственного аппарата. Пытаясь честно выполнять свои обязанности, герой постепенно осознает, что система устроена таким образом, чтобы ломать любые попытки навести порядок. Сюжет детально показывает закулисье властных кабинетов, где каждое решение сопровождается давлением, интригами и моральными дилеммами. Герою приходится выбирать между карьерным ростом, сохранением человеческого достоинства и безопасностью собственной семьи. По мере развития событий конфликт перерастает из локальной офисной драмы в острое противостояние, угрожающее не только профессиональной репутации, но и жизни персонажа. Реалистичное изображение административных процессов и психологическое напряжение делают историю захватывающим исследованием природы власти, личной ответственности и вынужденного конформизма в мире, где правила игры устанавливаются далеко не самыми порядочными людьми.","Тягучая, напряженная и реалистичная драма, пронизанная безысходностью офисных кабинетов и ощущением постоянного скрытого психологического давления.","Сериал детально раскрывает скрытую сторону государственной службы, заставляя зрителя задуматься о стоимости личных принципов в условиях тотальной коррупции и жесткой иерархии.",для глубокого погружения в серьезные политические размышления и анализа современной административной реальности,,"В этой системе важно не то, насколько ты честен, а то, насколько удачно ты умеешь скрывать свою ложь от тех, кто стоит выше.","После 2-го сезона, так как сюжетные линии центрального конфликта в основном находят свое завершение.","[""Сериал основан на реальных событиях и детально передает специфику работы высшего эшелона государственной власти в условиях постоянного давления."", ""Главный актер сериала прошел интенсивную стажировку в реальных правительственных кабинетах, чтобы максимально достоверно передать повадки чиновников."", ""В создании сценария принимали участие бывшие правительственные советники, что позволило добиться высокой точности в политических диалогах."", ""Несмотря на жесткую политическую тематику, создателям удалось органично вплести личную драму героя в канву бюрократических интриг.""]","[""Карточный домик"", ""Босс"", ""Правительство (Borgen)"", ""Миллиарды"", ""Скандал""]","Главный герой осознает полную бессмысленность системы, теряет веру в идеалы и окончательно погружается в пучину бюрократического хаоса, оставаясь винтиком в огромном коррумпированном механизме государства.","{""rating"": ""хороший"", ""liked"": ""Сильный сценарий с проработанными политическими интригами, выдающаяся игра главного героя и глубокое погружение в атмосферу закрытых кулуаров власти."", ""disliked"": ""Некоторым зрителям показалось, что темп повествования в середине сезона излишне затянут, а обилие профессиональной терминологии усложняет восприятие сюжета.""}",series,,0,,0,episode,,
8506,ДИСК 2,X:\сериалы\Елизавета.2022.WEB-DLRip.Files-x,,Елизавета.2022.WEB-DLRip.Files-x,Yelizaveta,Елизавета,2022,Исторические/Костюмированные,"[""Исторический"", ""Драма"", ""Биография""]",Россия,"[""Дмитрий Иосифов""]","[""Юлия Хлынина"", ""Александр Балуев"", ""Агриппина Стеклова"", ""Виктор Раков"", ""Алексей Агранович""]",завершён,1.0,[],"{""imdb"": null, ""tmdb"": 7.5}",[],"Историческая драма повествует о драматическом становлении будущей российской императрицы Елизаветы Петровны, дочери Петра Великого. После смерти отца юная цесаревна оказывается в эпицентре дворцовых интриг, заговоров и борьбы за власть в условиях нестабильной Российской империи. Елизавете приходится лавировать между влиятельными вельможами, учиться искусству выживания при дворе и отстаивать своё право на престол, осознавая тяжесть ответственности перед государством. Сюжет охватывает ключевые этапы её взросления, личные драмы, сложные отношения с фаворитами и государственными деятелями, постепенно превращая беззаботную девушку в сильную правительницу, готовую взять управление страной в свои руки. Лента детально погружает в атмосферу эпохи дворцовых переворотов, демонстрируя трансформацию личности на фоне масштабных исторических событий и суровых политических реалий того времени.","Величественная и напряженная историческая атмосфера, передающая роскошь имперского двора и коварство скрытых политических интриг того периода.","Сериал позволяет взглянуть на становление одной из самых ярких правительниц России через призму её личных переживаний, выбора между долгом и чувствами.","Для любителей исторического кино, предпочитающих погружение в атмосферу дворцовых тайн, костюмированных драм и сложных биографий сильных личностей.",,"Корона не достается тому, кто ждет, она достается тому, кто готов за нее бороться.",,"[""Сериал стал масштабным проектом телеканала «Россия 1», призванным возродить интерес к эпохе дворцовых переворотов в российском кинематографе."", ""Юлия Хлынина исполнила роль Елизаветы Петровны, для чего актрисе пришлось обучаться верховой езде и фехтованию на протяжении нескольких месяцев."", ""Съемки проходили в исторических локациях Санкт-Петербурга и Ленинградской области, включая настоящие дворцовые интерьеры и парковые ансамбли."", ""Костюмный департамент подготовил более тысячи уникальных нарядов, воссозданных по лекалам и архивным записям XVIII века для максимальной исторической достоверности.""]","[""Екатерина"", ""Великая"", ""Бедная Настя"", ""Тюдоры""]","Елизавета Петровна преодолевает дворцовые интриги, устраняет соперников и в конечном итоге восходит на российский престол, чтобы начать своё триумфальное правление.","{""rating"": ""хороший"", ""liked"": ""Зрители высоко оценили роскошные декорации, аутентичные костюмы, сильную актёрскую игру Юлии Хлыниной и динамичную подачу исторических событий."", ""disliked"": ""Некоторым зрителям не хватило исторической точности в деталях и глубины проработки второстепенных персонажей на фоне экранного блеска.""}",series,,0,,0,episode,,
8507,ДИСК 2,X:\сериалы\За гранью (2008-2013 Fringe)_FHD_ely,,За гранью (2008-2013 Fringe)_FHD_ely,,,0,Драмы,,,,,,0.0,,,,,,,,,,,,,,,series,,0,,0,,,
8508,ДИСК 2,X:\сериалы\Зонтик королевы Under The Queen's Umbrella.2022.S01,,Зонтик королевы Under The Queen's Umbrella.2022.S01,슈룹,Зонтик королевы,2022,Исторические/Костюмированные,"[""Драма"", ""Исторический"", ""Комедия""]",Южная Корея,"[""Ким Хён-щик""]","[""Ким Хе-су"", ""Ким Хэ-сук"", ""Чхве Вон-ён"", ""Мун Сан-мин"", ""Кан Чхан-хи""]",завершён,1.0,[],"{""imdb"": 8.5, ""tmdb"": 8.6}","[""Премия Baeksang Arts Awards за лучшую женскую роль второго плана""]","В центре сюжета находится мудрая и находчивая королева Им Хва Рён, чья жизнь протекает в строго регламентированном мире дворцовых интриг периода Чосон. Устав от ленивых и непутевых наследников, позорящих королевский род, она решает взять их воспитание и образование в свои руки. Королева сталкивается с жестокой конкуренцией со стороны наложниц и королевы-матери, мечтающих посадить на трон своих сыновей. Каждый день во дворце превращается в опасную борьбу, где главная героиня вынуждена использовать всю свою смекалку, чтобы защитить детей и обеспечить им будущее. История мастерски сочетает элементы семейной драмы с напряженными политическими играми, показывая, как далеко готова зайти любящая мать ради благополучия своей семьи, превращая воспитательный процесс в настоящую стратегическую шахматную партию против целой системы, пропитанной алчностью и бесконечными заговорами.","Захватывающая дворцовая атмосфера, сочетающая изысканную эстетику эпохи Чосон, тонкую иронию и драматическое напряжение семейных уз.","Сериал предлагает уникальный взгляд на историческую драму, где центральное место занимают не только государственные перевороты, но и воспитание детей в условиях жесткого давления.",Для вдумчивого просмотра с погружением в эстетичную атмосферу восточных интриг и философских размышлений о материнском долге.,,"Даже если у меня нет зонтика, я не позволю своим детям промокнуть под дождем.",,"[""Сериал стал одним из самых рейтинговых корейских исторических шоу, демонстрируя новый взгляд на воспитание принцев в эпоху Чосон."", ""Главная актриса Ким Хе Су вернулась к съёмкам в исторической дораме спустя 20 лет после своего предыдущего проекта в этом жанре."", ""Сюжет затрагивает темы женской силы и образования, проводя параллели между строгими порядками прошлого и современными методами воспитания детей."", ""Художники по костюмам потратили несколько месяцев на создание аутентичных ханбоков, чтобы подчеркнуть статус и внутреннюю трансформацию персонажей на протяжении сезона."", ""Название дорамы метафорично отражает роль королевы, которая, подобно зонтику, берет на себя все удары судьбы ради защиты своих сыновей.""]","[""Алое сердце"", ""Мистер Королева"", ""Королевство"", ""История дорамы: Советник по делам принца""]","Императрица Хва Рён успешно защищает своих сыновей от дворцовых интриг, разоблачает заговоры и обеспечивает достойное будущее для всей королевской семьи.","{""rating"": ""отличный"", ""liked"": ""Блестящая игра Ким Хе Су, захватывающая динамика дворцовых интриг, эмоциональная глубина отношений матери и её непокорных сыновей."", ""disliked"": ""Иногда повествование кажется слишком затянутым из-за большого количества второстепенных сюжетных линий и обилия персонажей второго плана.""}",series,,0,,0,episode,,
8509,ДИСК 2,X:\сериалы\Идеальная пара,,Идеальная пара,The Perfect Couple,Идеальная пара,2024,Расследования,"[""Драма"", ""Детектив"", ""Криминал""]",США,"[""Сюзанна Бир""]","[""Николь Кидман"", ""Лив Шрайбер"", ""Ив Хьюсон"", ""Билли Хоул"", ""Меган Фэйхи""]",завершён,1.0,[],"{""imdb"": 6.7, ""tmdb"": 7.1}",[],"События разворачиваются на острове Нантакет во время подготовки к роскошной свадьбе, которая должна объединить две состоятельные семьи. Амелия Сакс готовится выйти замуж за Бенджи Уинбери, сына знаменитой писательницы Грир Гаррисон Уинбери. Подготовка идет по плану, пока прямо перед торжественной церемонией на побережье не обнаруживают тело погибшей подруги невесты. Расследование быстро превращает идеальное семейное торжество в кошмар, где каждый гость становится подозреваемым. Выясняется, что у членов семьи Уинбери и их близкого окружения скрыты темные тайны, которые они готовы оберегать любой ценой. Постепенно вскрываются интриги, измены и старые обиды, превращая праздничную атмосферу в напряженный психологический триллер, где правда оказывается намного запутаннее и опаснее, чем кажется на первый взгляд.","Стильная, напряженная и пропитанная духом элитарного нуара, скрывающая мрачные тайны за безупречным фасадом богатой жизни.","Захватывающая детективная головоломка с великолепным актерским ансамблем, которая мастерски высмеивает нравы богачей, не теряя при этом высокого градуса саспенса.",для вдумчивого просмотра с желанием распутать сложную сеть лжи и семейных скелетов в шкафу,,"У каждого есть секрет, который может разрушить всё, если его раскрыть в самый неподходящий момент.",,"[""Сериал основан на одноименном бестселлере Элин Хильдебранд, который возглавлял список самых продаваемых книг по версии New York Times."", ""Николь Кидман не только исполнила главную роль, но и выступила в качестве исполнительного продюсера проекта."", ""Съемки проходили в живописных локациях острова Нантакет, что придало сериалу особую атмосферу элитарного курортного отдыха."", ""Режиссер Сюзанна Бир известна своим умением мастерски нагнетать напряжение в закрытых сообществах, что стало ключевым фактором успеха шоу."", ""Лев Шрайбер специально для съемок осваивал новые для себя манеры поведения, чтобы достоверно передать образ состоятельного патриарха семейства.""]","[""Большая маленькая ложь"", ""Белый лотос"", ""Отыграть назад"", ""Почему женщины убивают"", ""Девять совсем незнакомых людей""]","После долгого следствия выясняется, что убийцей была сама невеста, скрывавшая правду о своей жизни, что окончательно разрушает фасад идеальной семьи Уинбери.","{""rating"": ""хороший"", ""liked"": ""Великолепный актерский ансамбль, стильная визуальная составляющая и интригующая детективная загадка, которая держит в напряжении до самого финала сезона."", ""disliked"": ""Местами сериал кажется слишком предсказуемым в плане развития драматических линий и клише, свойственных историям о богатых семьях.""}",series,,0,,0,episode,,
8510,ДИСК 2,"X:\сериалы\Идеальная пара  Perfect Match (озвучка Light Breeze, DubLikTV)",,"Идеальная пара  Perfect Match (озвучка Light Breeze, DubLikTV)",Perfect Match,Идеальная пара,2023,Аферы,"[""Реалити-шоу"", ""Романтика""]",США,"[""Крис Коулен""]","[""Ник Лаше"", ""Джои Сассо"", ""Франческа Фараго"", ""Дамьен Пауэрс"", ""Шейн Джансен""]",продолжается,2.0,[],"{""imdb"": 5.7, ""tmdb"": 6.8}",[],"Амелия Сакс готовится к роскошной свадьбе с наследником одной из богатейших семей Нантакета, надеясь навсегда войти в высшее общество. Однако за несколько часов до торжества в гавани обнаруживают тело свидетельницы, что превращает пышное празднество в масштабное следствие. Грир Гаррисон Уинбери, известная писательница и будущая свекровь Амелии, делает всё возможное, чтобы сохранить безупречную репутацию своего клана, пока полиция распутывает клубок лжи, скрытый за фасадом богатства. Каждое новое открытие заставляет гостей и семью жениха смотреть друг на друга с подозрением, ведь у каждого здесь есть свои секреты, старые обиды и скрытые мотивы. Постепенно идиллическая картинка распадается, обнажая истинные лица людей, готовых на всё ради сохранения своего статуса и власти в мире больших денег и жестоких корпоративных интриг.","Напряженная светская драма с налетом элитарного нуара, пропитанная запахом моря и ощущением грядущего неминуемого краха.","История предлагает захватывающий взгляд на изнанку элитного общества, где за красивыми нарядами и дорогими декорациями скрываются опасные человеческие пороки.","для вечера, когда хочется погрузиться в запутанную детективную историю с элементами гламура и семейных интриг.",,"Секреты — это валюта, за которую в конце концов приходится платить самой высокой ценой в жизни.",,"[""Сериал основан на одноименном романе Элин Хильдебранд, ставшем бестселлером по версии New York Times."", ""Николь Кидман выступила не только исполнительницей главной роли, но и исполнительным продюсером проекта через свою компанию Blossom Films."", ""Съемки проходили в живописных локациях Массачусетса, включая остров Нантакет, что придало картине аутентичную атмосферу элитного курорта."", ""Для создания образа семьи Уинбери художники по костюмам использовали палитру приглушенных морских тонов, чтобы подчеркнуть скрытую холодность внешне идеальных героев.""]","[""Отыграть назад"", ""Большая маленькая ложь"", ""Белый лотос"", ""Почему женщины убивают""]","Греция оказывается в центре скандала, когда раскрывается личность убийцы, а свадьба богатой семьи превращается в триумф правосудия и горькое осознание предательства близких.","{""rating"": ""хороший"", ""liked"": ""Зрители отмечают безупречный актерский ансамбль, роскошные декорации и захватывающую интригу, скрывающуюся за фасадом идеальной богатой семьи."", ""disliked"": ""Некоторым показалось, что динамика сюжета проседает к середине, а детективная линия уступает место затянувшимся семейным мелодраматическим разборкам.""}",series,,0,,0,episode,,
8511,ДИСК 2,X:\сериалы\Измена. Сезон 1,,Измена. Сезон 1,Betrayal,Измена,2013,Триллеры,"[""Драма"", ""Триллер"", ""Детектив""]",США,"[""Патти Дженкинс"", ""Майкл Оффер""]","[""Ханна Уэр"", ""Генри Томас"", ""Крис Джонсон"", ""Венди Монаиз"", ""Джеймс Кромвелл""]",завершён,1.0,[],"{""imdb"": 6.7, ""tmdb"": 6.5}",[],"Сериал исследует хрупкость семейных уз через историю Аси, которая внезапно решает изменить своему мужу. Случайная встреча с бывшей подругой детства становится катализатором цепи событий, переворачивающих её размеренную жизнь с ног на голову. Героиня начинает вести двойную жизнь, погружаясь в пучину лжи, страсти и психологических манипуляций. Сюжет мастерски показывает, как один необдуманный шаг может привести к разрушительным последствиям для всех участников любовного многоугольника. По мере развития событий границы между виной и оправданием стираются, а персонажи оказываются в ловушке собственных желаний и комплексов. История затрагивает вопросы искренности, поиска личного счастья и цены, которую приходится платить за минутную слабость, предлагая зрителю глубокий и местами пугающе реалистичный взгляд на человеческую природу, скрытую за фасадом благополучных отношений в современном мегаполисе.","Напряжённая, психологически выверенная драма, пропитанная чувством тревоги, негласной лжи и скрытого драматизма повседневной городской жизни героев.","Сильная психологическая драма, которая без прикрас показывает анатомию измены и её влияние на психику человека и семейный уклад.","для вдумчивого просмотра вечером, когда хочется поразмышлять о сложности человеческих взаимоотношений и границах морального выбора в современном мире",,"Вранье — это как наркотик, сначала весело, а потом ты просто не можешь остановиться, даже если всё вокруг рушится.","Первый сезон является законченной историей, поэтому дальнейшее продолжение не требуется для понимания смысла и завершенности сюжета.","[""Сериал основан на одноименном британском проекте, адаптированном специально под российские реалии и менталитет."", ""Елена Лядова за свою роль в сериале получила премию «ТЭФИ», что подчеркивает высокий уровень актёрского мастерства в проекте."", ""Режиссер Вадим Перельман мастерски использовал визуальные приемы для передачи внутреннего состояния героини, избегая прямолинейного повествования."", ""Проект вызвал широкую общественную дискуссию, так как откровенно показал темы, которые редко обсуждались в российском телевидении того времени.""]","[""Содержанки"", ""Бывшие"", ""Неверные"", ""Краткий курс счастливой жизни""]","Ася окончательно запутывается в собственной лжи, осознавая, что попытки усидеть на нескольких стульях ведут к разрушению всех отношений и потере внутреннего покоя.","{""rating"": ""отличный"", ""liked"": ""Блестящая игра Елены Лядовой, глубокое психологическое исследование женской психологии, смелая подача провокационной темы и качественный сценарий."", ""disliked"": ""Некоторым зрителям показался слишком медленным темп повествования и излишне депрессивная атмосфера, сопровождающая развитие сюжета на протяжении сезона.""}",series,,0,,0,episode,,
8512,ДИСК 2,X:\сериалы\ИНСТИТУТ БЛАГОРОДНЫХ ДЕВИЦ,,ИНСТИТУТ БЛАГОРОДНЫХ ДЕВИЦ,Институт благородных девиц,Институт благородных девиц,2010,Исторические/Костюмированные,"[""Драма"", ""Мелодрама"", ""Исторический""]",Россия,"[""Леонид Белозорович"", ""Юрий Попович"", ""Сергей Данелян""]","[""Алиса Сапегина"", ""Александр Арсентьев"", ""Софья Донианц"", ""Иван Колесников"", ""Елена Бондарева-Репина""]",завершён,2.0,[],"{""imdb"": 6.8, ""tmdb"": 6.0}",[],"События разворачиваются в Москве в конце XIX века в престижном учебном заведении для девушек из дворянских семей. Софи Горчакова, юная воспитанница института, оказывается в центре сложных интриг, заговоров и драматических любовных переживаний. Героини сталкиваются с жесткими правилами, социальными неравенствами и предательствами, пытаясь сохранить честь и найти свое счастье в меняющемся мире. Сюжет насыщен дуэлями, тайными свиданиями и политическими авантюрами, которые переплетаются с классическим обучением светским манерам. В стенах института переплетаются судьбы сильных личностей, для которых любовь становится главным испытанием. Каждая героиня проходит путь от наивной девушки до женщины, способной принимать непростые решения в условиях жестокой реальности высшего общества того времени, где каждый неверный шаг может обернуться неминуемым позором или полной потерей социального статуса, вынуждая их бороться за свое будущее.","Ностальгическая атмосфера дворянской усадьбы, наполненная строгими манерами, красивыми костюмами, интригами и возвышенными чувствами той эпохи.","История предлагает погружение в мир классических драматических сериалов с костюмированными сценами, пышными балами и запутанными любовными линиями, создающими эффект исторической мелодрамы.",для долгого вечернего просмотра с легкой ноткой сентиментальности и интересом к интригам девятнадцатого века,,"Честь — это не только достоинство, но и тяжкое бремя, которое несет каждая из нас.",Первый сезон,"[""Сериал насчитывает 519 серий, что делает его одним из самых продолжительных проектов в истории российского телевидения."", ""Для съемок исторического антуража использовали более тысячи специально сшитых костюмов, соответствующих моде XIX века."", ""В качестве площадки для института был выбран усадебный комплекс, максимально передающий атмосферу дореволюционной России."", ""Подготовка актрис включала уроки этикета, танцев и чистописания для достоверной передачи образа воспитанниц."", ""Проект стал популярным благодаря сочетанию исторической драмы и классических интриг, характерных для «мыльных опер».""]","[""Татьянин день"", ""Бедная Настя"", ""Закрытая школа"", ""Анна-детективъ""]","Сериал завершается обретением героинями личного счастья, преодолением сословных предрассудков и торжеством справедливости для выпускниц после череды драматических интриг и испытаний.","{""rating"": ""средний"", ""liked"": ""Поклонникам пришлись по душе исторические костюмы, романтическая атмосфера, классические интриги и эстетика жизни в учебном заведении девятнадцатого века."", ""disliked"": ""Зрителей часто утомляет излишняя затянутость сюжета, предсказуемые драматические повороты и заметная нехватка бюджета в некоторых сценах сериала.""}",series,,0,,1,episode,,
8513,ДИСК 2,X:\сериалы\Крылья Империи,,Крылья Империи,Крылья Империи,Крылья Империи,2017,Военные,"[""Военные"", ""Драма"", ""История""]",Россия,"[""Игорь Копылов""]","[""Милош Бикович"", ""Григорий Некрасов"", ""Ксения Лукьянчикова"", ""Юрий Колокольников"", ""Александр Бухаров""]",завершён,1.0,[],"{""imdb"": 6.8, ""tmdb"": 6.5}",[],"Масштабная историческая драма охватывает период с 1913 по 1921 год, прослеживая судьбы четырех молодых людей на фоне краха Российской империи. Юнкер Сергей Двинский, поэтесса Софья Беккер, большевик Матвей Осипов и немецкий авантюрист Густав — представители разных слоев общества, чьи пути пересекаются в вихре Первой мировой войны и последующих революционных событий. Каждому из героев предстоит сделать сложный нравственный выбор в эпоху, когда привычный мир рушится, а прежние идеалы обесцениваются. Сюжет детально показывает, как политические потрясения ломают человеческие жизни, заставляя вчерашних друзей становиться врагами, а искреннюю любовь — жертвовать собой ради убеждений. Сериал мастерски переплетает личные драмы с глобальными историческими переменами, создавая объемную картину эпохи, где предательство и героизм существуют на грани выживания, навсегда меняя судьбу страны и каждого из центральных персонажей.","Тягучая, тревожная и драматичная атмосфера предреволюционного Петербурга, сменяющаяся хаосом гражданской войны и всепоглощающей безнадежностью утраченного времени.","Проект предлагает глубокое погружение в переломный момент российской истории через призму личных судеб, лишенных однозначного деления на героев и злодеев.","для вдумчивого просмотра вечером, когда хочется поразмышлять о хрупкости мира и крушении великих империй",,"Россия — это не только земля и люди, это прежде всего наши души, которые мы сейчас так безжалостно калечим.",,"[""Сериал охватывает сложнейший период российской истории — от 1913 года до начала Гражданской войны в 1921 году."", ""Главные роли исполнили звёзды российского кино: Ксения Лукьянчикова, Григорий Некрасов и Милош Бикович, воплотивший образ офицера."", ""Съёмочная группа уделила огромное внимание историческим костюмам и декорациям, чтобы передать атмосферу гибнущей Российской империи и революционного хаоса."", ""Проект изначально задумывался как масштабная сага о судьбах людей, чьи жизни были разрушены глобальными историческими потрясениями начала XX века.""]","[""Адмиралъ"", ""Хождение по мукам"", ""Троцкий"", ""Белая гвардия""]","Революционный хаос перемалывает судьбы главных героев: кто-то погибает, кто-то эмигрирует, а кто-то смиряется с неизбежностью краха старой России и победой новой большевистской реальности.","{""rating"": ""средний"", ""liked"": ""Порадовала амбициозная попытка воссоздать историческую эпоху, сильный актерский состав и драматизм, пронизывающий линии главных героев в тяжелые времена."", ""disliked"": ""Некоторых зрителей разочаровала излишняя схематичность сценария и исторические неточности, которые часто встречаются в подобных масштабных телевизионных проектах.""}",series,,0,,0,episode,,
8514,ДИСК 2,"X:\сериалы\Молодой Морс (2018, сезон 5, 1-6 из 6) HDTVRip 1080р ЛМ (ColdFilm)",,"Молодой Морс (2018, сезон 5, 1-6 из 6) HDTVRip 1080р ЛМ (ColdFilm)",Endeavour,Молодой Морс,2018,Расследования,"[""Криминал"", ""Детектив"", ""Драма"", ""Триллер""]",Великобритания,"[""Рассел Льюис"", ""Колм МакКарти""]","[""Шон Эванс"", ""Роджер Аллам"", ""Антон Лессер"", ""Шон Ригби"", ""Джеймс Брэдшоу""]",завершён,9.0,[],"{""imdb"": 8.6, ""tmdb"": 8.1, ""кинопоиск"": 8.1}","[""Премия британских писателей (British Writers' Guild) за лучший сценарий ТВ-драмы""]","Пятый сезон полицейской драмы переносит зрителя в 1968 год, когда отдел полиции Оксфорда переживает масштабную реорганизацию. Инспектор Эндевор Морс сталкивается с новыми вызовами, работая под руководством более жесткого и прагматичного начальства. Вместе со своим наставником Фредом Ферсдеем главный герой расследует серию запутанных убийств, которые обнажают скрытые пороки процветающего студенческого города. На фоне глобальных социальных перемен в Британии, Морс продолжает совершенствовать свои методы дедукции, часто игнорируя протоколы ради поиска истины. Личные драмы детективов переплетаются с мрачными криминальными тайнами, создавая сложную атмосферу неуверенности в завтрашнем дне. Расследования этого сезона ставят под угрозу не только карьеры главных героев, но и их жизни, заставляя каждого сделать тяжелый выбор между долгом перед законом и преданностью старым идеалам, пока Оксфорд медленно меняется под влиянием духа времени и новых политических веяний.","Меланхоличная, интеллектуальная и глубоко ностальгическая атмосфера Оксфорда конца шестидесятых годов, пропитанная дымом сигарет и классической музыкой.","Сезон предлагает безупречный детективный сюжет, глубокое развитие персонажей и великолепную реконструкцию исторической эпохи, которая захватывает внимание с первых минут.",для вдумчивого просмотра вечером с чашкой крепкого чая и желанием погрузиться в неспешное британское расследование.,,"Джентльмен не всегда говорит правду, но он всегда знает, когда ее нужно утаить ради общего блага.","После 7-го сезона, так как далее сериал отходит от классической детективной структуры в сторону личной драмы.","[""Сериал является приквелом культового британского детектива «Инспектор Морс», действие которого происходило в 1980-х годах."", ""Шон Эванс, исполняющий роль молодого Морса, лично срежиссировал несколько эпизодов пятого сезона, проявив талант за камерой."", ""Съемки проходили в реальных исторических локациях Оксфорда, что позволило идеально передать аутентичную атмосферу 1960-х годов."", ""Создатели тщательно подбирали винтажные автомобили и костюмы, чтобы каждая деталь соответствовала духу эпохи 1968 года.""]","[""Инспектор Морс"", ""Льюис"", ""Гранчестер"", ""Мисс Марпл Агаты Кристи""]","Морс окончательно осознает цену своей принципиальности, сталкиваясь с предательством внутри системы и личными потерями, которые навсегда меняют его взгляды на справедливость в Оксфорде.","{""rating"": ""отличный"", ""liked"": ""Зрители отмечают глубокую актерскую игру Шона Эванса, невероятно воссозданную атмосферу Оксфорда и мастерски закрученные интеллектуальные детективные интриги."", ""disliked"": ""Некоторым поклонникам показалось, что темп повествования стал более размеренным по сравнению с предыдущими сезонами, что снижает общий накал страстей.""}",series,,0,,0,season,,
8515,ДИСК 2,X:\сериалы\Неукротимый (Frantic),,Неукротимый (Frantic),Chen Qing Ling,Неукротимый: Повелитель Чэньцин,2019,Приключения,"[""Фэнтези"", ""Приключения"", ""Драма"", ""Детектив"", ""Боевые искусства""]",Китай,"[""Чжэн Вэйвэнь"", ""Чэнь Ка-Лам""]","[""Сяо Чжань"", ""Ван Ибо"", ""Мэн Цзыи"", ""Сюань Лу"", ""Юй Бинь""]",завершён,1.0,[],"{""imdb"": 8.8, ""tmdb"": 8.6}","[""Golden Bud - The Network Film and Television Festival: Лучший сериал года""]","История разворачивается вокруг Вэй Усяня, жизнерадостного заклинателя, чьи поиски истины приводят к катастрофическим последствиям и гибели многих близких людей. Спустя шестнадцать лет после таинственной смерти он возвращается в мир живых, чтобы раскрыть заговор, угрожающий всем орденам заклинателей. Вместе со своим давним спутником Лань Ванцзи герой расследует серию загадочных убийств, связанных с древними демоническими артефактами. В центре сюжета лежат не только опасные сражения и политические интриги, но и сложная трансформация главного героя, который вынужден пожертвовать своей репутацией ради спасения невинных. Постепенно раскрываются тайны прошлого, показывающие, как юношеские идеалы разбиваются о реалии жестокого мира, где борьба за власть и чистоту крови становится единственным законом, заставляющим героев делать невероятно болезненный моральный выбор ради своих принципов и верности дружбе.","Мистическая и меланхоличная атмосфера древнего Китая, пронизанная эстетикой боевых искусств, верностью долгу и светлой грустью.","Сериал является феноменом в жанре фэнтези, предлагая глубокое исследование человеческих отношений, философских дилемм и невероятную химию между главными героями.","для погружения в захватывающую историю о чести, самопожертвовании и искренней дружбе, преодолевающей время и саму смерть.",,"В жизни важно не то, сколько ты сделал для других, а то, на чьей стороне ты остался до самого конца.","Сериал целостен, но если темп кажется затянутым, можно остановиться после 35-й серии.","[""Сериал основан на популярном веб-романе «Магистр дьявольского культа» писательницы Мосян Тунсю."", ""Главные актёры Сяо Чжань и Ван Ибо самостоятельно исполнили свои вокальные партии для саундтрека."", ""Из-за строгой цензуры в Китае романтическая линия между героями была адаптирована в формат глубокой «бромансной» дружбы."", ""Во время съёмок актёрам пришлось обучаться классическим китайским танцам и искусству владения мечом для достоверности боевых сцен."", ""Проект стал международным феноменом, собрав миллиарды просмотров на стриминговых платформах по всему миру.""]","[""Далекие странники (Word of Honor)"", ""Список Ланъя (Nirvana in Fire)"", ""Легенда о Фэй (Legend of Fei)"", ""Чжао Яо (The Legends)""]","Вэй Усянь и Лань Ванцзи объединяют усилия, чтобы раскрыть заговор Цзинь Гуанъяо, после чего герои, достигнув мира и осознав свои чувства, выбирают путь странствий, чтобы помогать нуждающимся и восстанавливать справедливость в мире заклинателей.","{""rating"": ""отличный"", ""liked"": ""Потрясающая химия между главными героями, эстетически безупречные костюмы, глубокая эмоциональная история и великолепное музыкальное сопровождение каждой сцены."", ""disliked"": ""Некоторым зрителям может быть сложно разобраться в запутанной хронологии повествования и обилии второстепенных персонажей в начале.""}",series,,0,,0,episode,,
8516,ДИСК 2,X:\сериалы\Отель Элеон.S02.WEB-DL.1080p.Files-x,,Отель Элеон.S02.WEB-DL.1080p.Files-x,Otel Eleon,Отель Элеон,2017,Аферы,"[""Комедия""]",Россия,"[""Максим Свешников"", ""Антон Федотов""]","[""Милош Бикович"", ""Екатерина Вилкова"", ""Григорий Сиятвинда"", ""Ольга Кузьмина"", ""Виктор Хориняк""]",завершён,3.0,[],"{""imdb"": 6.8, ""tmdb"": 7.3}",[],"Второй сезон продолжает приключения коллектива отеля «Элеон» после смены владельца и череды управленческих перестановок. Михаил Джекович пытается адаптироваться к новым правилам, установленным Софией Толстой, чья жесткая дисциплина и педантичность вызывают постоянные конфликты. Тем временем Даша продолжает скрывать тайну найденных денег, что ставит ее в опасное положение перед лицом криминальных интересов и любопытных коллег. Любовные интриги, борьба за власть и попытки удержать отель на плаву в условиях постоянного хаоса создают взрывоопасную смесь. Персонажи сталкиваются с личными кризисами, финансовыми махинациями и необходимостью выбора между выгодой и совестью, что ведет к череде комичных, а порой драматичных ситуаций в стенах роскошного заведения. Сезон мастерски переплетает судьбы героев, не давая зрителям заскучать ни на минуту благодаря постоянным неожиданным поворотам сюжета.","Динамичная, комедийно-интригующая обстановка элитного отеля с элементами легкого хаоса, романтики и постоянного профессионального напряжения среди персонала.","Сезон предлагает идеальный баланс между искрометным юмором и захватывающими интригами, раскрывая знакомых персонажей с совершенно новых, неожиданных сторон.","для легкого вечера с элементами комедии, когда хочется отвлечься от повседневных забот и погрузиться в мир чужих проблем.",,"В нашем отеле возможно всё, главное — правильно за это заплатить или вовремя успеть сбежать.","После 2-го сезона качество сюжета начинает идти на спад, поэтому можно остановиться на этом этапе.","[""Съемки второго сезона проходили в павильонах, где декорации отеля и ресторана были полностью перестроены для придания интерьерам более современного лоска."", ""Актриса Диана Пожарская, исполнившая роль горничной Даши, самостоятельно выполняла многие элементы хореографии и боевых искусств в экшен-сценах."", ""Во втором сезоне значительно расширилась роль приглашенных звезд, включая камео известных российских артистов, что стало отличительной чертой продолжения."", ""Создатели сериала сознательно ушли от кулинарного акцента первой части «Кухни», сместив фокус на интриги, аферы и сложные взаимоотношения персонала внутри гостиничного бизнеса.""]","[""Кухня"", ""Гранд"", ""СеняФедя"", ""Отель «Белград»""]","Павел решает окончательно оставить управление отелем после серии интриг и недопониманий, а София и Михаил наконец-то приходят к долгожданному согласию в личных отношениях.","{""rating"": ""хороший"", ""liked"": ""Динамичное развитие сюжета, харизматичный актерский состав, легкая ироничная атмосфера и качественная постановка комедийных ситуаций в стенах отеля."", ""disliked"": ""Некоторым зрителям не хватило глубины персонажей, а также присутствуют затянутые сюжетные линии в любовных треугольниках героев.""}",series,,0,,0,episode,,
8517,ДИСК 2,X:\сериалы\Петербургские тайны.1994-1998.XviD.SATRip.Generalfilm,,Петербургские тайны.1994-1998.XviD.SATRip.Generalfilm,Петербургские тайны,Петербургские тайны,1994,Исторические/Костюмированные,"[""Драма"", ""История"", ""Мелодрама""]",Россия,"[""Вадим Зобин"", ""Марк Орлов"", ""Леонид Пчёлкин""]","[""Елена Яковлева"", ""Николай Караченцов"", ""Виктор Раков"", ""Ирина Розанова"", ""Сергей Чонишвили""]",завершён,2.0,[],"{""imdb"": 7.4, ""tmdb"": 7.0}","[""Премия ТЭФИ за лучшую операторскую работу (1995)""]","Сюжет сериала разворачивается в Петербурге XIX века, где переплетаются судьбы представителей различных слоев общества — от аристократов до обитателей трущоб. В центре повествования находится история знатной семьи Чечевинских, чье благополучие рушится из-за роковой тайны прошлого, связанной с внебрачной дочерью и интригами недоброжелателей. Параллельно развивается череда детективных линий, полных предательств, шантажа, смертельных дуэлей и запутанных любовных связей. Герои сталкиваются с последствиями своих поступков, пытаясь обрести счастье в мире, где честь ценится не меньше, чем золото, а каждое слово может стать фатальным. На протяжении многих серий зритель наблюдает за трансформацией персонажей, их моральным падением и попытками искупления в декорациях великого города, который сам по себе становится полноправным действующим лицом, скрывающим пороки и надежды всех своих жителей.","Густая и драматичная атмосфера имперского Петербурга, пропитанная духом литературной классики, роковых страстей и непреходящей светской меланхолии.","Масштабная сага стала уникальным явлением отечественного телевидения, мастерски сочетая в себе приемы исторической драмы, детективного расследования и психологического исследования человеческих пороков.",для погружения в атмосферу неспешной классической драмы с нотками старинной светской интриги и драматических тайн.,,"В Петербурге нельзя быть ни в чем уверенным, кроме разве что непредсказуемости самих тайн.",после 1 сезона,"[""Сериал основан на знаменитом романе Всеволода Крестовского, который считается одним из самых масштабных произведений русской литературы XIX века."", ""Съемки проходили в исторических интерьерах Санкт-Петербурга, что позволило передать подлинный дух имперской столицы того времени."", ""Актерский состав сериала включает практически всех звезд советского и российского кино 90-х годов, что сделало его культурным феноменом."", ""Музыкальное сопровождение композитора Андрея Петрова стало визитной карточкой проекта и до сих пор узнаваемо с первых нот."", ""Проект создавался в крайне тяжелых экономических условиях 90-х годов, что потребовало от съемочной группы невероятной самоотдачи.""]","[""Бедная Настя"", ""Графиня де Монсоро"", ""Адъютанты любви"", ""Анна Каренина""]","После множества интриг, разоблачений и трагических потерь, герои обретают долгожданное прощение, а преступные замыслы сильных мира сего наконец терпят крах.","{""rating"": ""хороший"", ""liked"": ""Зрители высоко оценили блестящий актерский состав, захватывающий многослойный сюжет и воссозданную атмосферу дореволюционного Санкт-Петербурга, полную интриг."", ""disliked"": ""Некоторых зрителей расстраивает затянутость повествования и специфическое качество съемки, характерное для телевизионных проектов девяностых годов.""}",series,,0,,0,episode,,
8518,ДИСК 2,X:\сериалы\Покорение Дворца Яньси,,Покорение Дворца Яньси,延禧攻略,Покорение Дворца Яньси,2018,Исторические/Костюмированные,"[""Драма"", ""История"", ""Мелодрама""]",Китай,"[""Хуэй Кай-дун"", ""Вэнь Дэ-гуан""]","[""У Цзиньян"", ""Ни Цзинь"", ""Цинь Лань"", ""Не Юань"", ""Сюй Кай""]",завершён,1.0,[],"{""imdb"": 8.0, ""tmdb"": 8.4}","[""Huading Award — лучший сериал"", ""Golden Eagle Award — лучший сценарий""]","В эпоху династии Цин амбициозная и находчивая Вэй Инло проникает в Запретный город под видом вышивальщицы, чтобы расследовать таинственную смерть своей старшей сестры. Проявив незаурядный интеллект и смелость, она постепенно продвигается по карьерной лестнице в гареме императора Цяньлуна. Девушка вынуждена участвовать в жестоких дворцовых интригах, где каждое неверное слово может стоить жизни. Интриги, яды, политические маневры и борьба за благосклонность императора становятся для нее повседневностью. Несмотря на враждебное окружение и многочисленных соперниц, стремящихся уничтожить выскочку, Вэй Инло удается не только выжить, но и стать одной из самых влиятельных женщин в империи. Путь от рядовой служанки до любимой наложницы императора требует от героини предельной жестокости, холодного расчета и готовности жертвовать чувствами ради долгожданного возмездия и безопасности своих союзников во дворце.","Захватывающая и визуально безупречная историческая драма, наполненная напряженными интригами, роскошными костюмами и тонкой игрой человеческих амбиций.","История предлагает невероятный темп повествования, где героиня не ждет спасения, а сама активно управляет своей судьбой, сокрушая врагов умом и хитростью.",для погружения в атмосферу восточных дворцовых тайн и многоходовых интеллектуальных противостояний,,"В этом дворце доброта — это слабость, а терпимость — это потакание врагам. Чтобы выжить, я стану острее любого клинка.","После 70-й серии, так как сериал обладает завершенной сюжетной аркой, а дальнейшие спин-оффы значительно уступают оригиналу по качеству.","[""Сериал стал самым популярным поисковым запросом в Google в 2018 году, обогнав такие мировые хиты, как 'Мстители: Война бесконечности'."", ""На создание костюмов и декораций ушло огромное количество средств: дизайнеры использовали аутентичные вышивки эпохи династии Цин для максимальной исторической достоверности."", ""Главная героиня Вэй Инло кардинально отличается от классических героинь дорам, так как она не терпит обид и всегда дает жесткий отпор врагам."", ""Несмотря на огромный бюджет, основной акцент был сделан на эстетике цветовой палитры, которую критики назвали 'цветами Моранди', что придало сериалу особый визуальный шик."", ""Актрисе У Цзиньинь пришлось пройти через сложнейшие кастинги, чтобы получить роль Инло, так как создатели искали исполнительницу с уникальной харизмой.""]","[""Легенда о Чжэнь Хуань"", ""Поразительное на каждом шагу"", ""Дворцовая интрига"", ""Ведьмин суд""]","Главная героиня Вэй Инло проходит путь от простой служанки до императорской наложницы, преодолевая многочисленные дворцовые интриги и заговоры, в конечном итоге обретая власть и любовь императора, но теряя при этом свою прежнюю чистоту и искренность.","{""rating"": ""отличный"", ""liked"": ""Зрители высоко оценили дерзкий характер главной героини, роскошные декорации, продуманные до мелочей дворцовые интриги и динамичное развитие событий."", ""disliked"": ""Некоторым зрителям показалась утомительной огромная продолжительность сериала и чрезмерное количество второстепенных персонажей, растягивающих сюжетную линию.""}",series,,0,,0,episode,,
8519,ДИСК 2,X:\сериалы\Укрытие (Silo) Сезон 1,,Укрытие (Silo) Сезон 1,Silo,Укрытие,2023,Триллеры,"[""Фантастика"", ""Драма"", ""Триллер"", ""Детектив""]",США,"[""Мортен Тильдум"", ""Дэвид Семел"", ""Берт и Берти""]","[""Ребекка Фергюсон"", ""Рашида Джонс"", ""Дэвид Ойелоуо"", ""Коммон"", ""Тим Роббинс""]",продолжается,1.0,[],"{""imdb"": 8.1, ""tmdb"": 8.1}","[""Премия Сатурн — номинация за лучший научно-фантастический телесериал""]","В постапокалиптическом будущем последние десять тысяч человек на Земле живут в гигантском подземном бункере, защищенном от токсичного внешнего мира. Уклад жизни обитателей строго регламентирован неписаными правилами, которые, по слухам, должны обеспечивать их безопасность. Однако после того, как инженер Джульетта начинает собственное расследование обстоятельств загадочной смерти своего возлюбленного, она обнаруживает пугающие несоответствия в истории основания Укрытия. Постепенно героиня вскрывает глубоко спрятанные слои лжи, поддерживаемые верхушкой власти. Каждый шаг в сторону истины ставит под угрозу не только её жизнь, но и хрупкий баланс существования всего сообщества. Столкнувшись с цензурой, тотальной слежкой и предательством близких, Джульетта понимает, что главная угроза скрывается не снаружи, а внутри стен, ставших для человечества тюрьмой, которую они ошибочно принимают за единственное спасение.","Гнетущая, клаустрофобная антиутопия с привкусом производственной драмы, окутанная тайнами, технологическим декадансом и паранойей запертого общества.","Мастерски выстроенный детектив в замкнутом пространстве, который постепенно превращается в захватывающий политический триллер об устройстве общества.",для глубокого погружения в загадочный мир с тревожным ожиданием каждой следующей разгадки.,,"Если когда-нибудь захочешь узнать правду, просто начни задавать правильные вопросы — и готовься к тому, что они могут тебя убить.",,"[""Для съемок декораций гигантского бункера художники-постановщики построили многоуровневую конструкцию, занимающую два огромных павильона, чтобы передать масштаб подземного города."", ""Ребекка Фергюсон не только исполнила главную роль, но и выступила в качестве исполнительного продюсера, лично участвуя в проработке архитектуры мира."", ""В качестве визуального референса создатели сериала использовали реальные промышленные объекты и старые шахты, чтобы подчеркнуть аутентичность быта людей в замкнутом пространстве."", ""Литературной основой послужил цикл романов Хью Хауи, который активно консультировал команду сценаристов, чтобы сохранить дух первоисточника и его сложную атмосферу."", ""Дизайн защитных костюмов, в которых персонажи выходят наружу, был вдохновлен скафандрами 1950-х годов, чтобы подчеркнуть ретро-футуристический стиль сериала.""]","[""Разделение"", ""Экспансия"", ""Сквозь снег"", ""Оставленные"", ""Мир Дикого Запада""]","Джульетта обнаруживает, что снаружи мир действительно превратился в выжженную пустыню, а её бункер — лишь один из множества подобных колоний, скрытых под поверхностью Земли.","{""rating"": ""отличный"", ""liked"": ""Поразила великолепная актерская игра Ребекки Фергюсон, гнетущая атмосфера таинственного бункера и детально проработанная антиутопическая вселенная, полная загадок."", ""disliked"": ""Некоторым зрителям показалось, что повествование развивается чересчур медленно, а множество вопросов в первом сезоне остаются без внятных ответов.""}",series,,0,,0,episode,,
8520,ДИСК 2,X:\сериалы\Укрытие (Silo) Сезон 3,,Укрытие (Silo) Сезон 3,,,0,Драмы,[],,[],[],,0.0,[],{},[],"Третий сезон продолжает напряженное исследование тайн подземного бункера после того, как Джульетта Николс нарушила главный запрет и вышла наружу. Выживание в токсичной пустоши становится лишь началом борьбы за правду, которая меняет восприятие реальности для всех оставшихся жителей «Укрытия». Внутри конструкции нарастает социальное напряжение, а попытки руководства скрыть истинное положение вещей сталкиваются с решимостью повстанцев докопаться до фундаментальных секретов устройства мира. Герои оказываются перед лицом выбора между комфортной ложью, обеспечивающей видимость безопасности, и опасной свободой, способной разрушить привычный уклад жизни навсегда. Ставки в этой игре на выживание возрастают, когда Джульетта обнаруживает, что снаружи существуют другие объекты, а вся история человечества в бункере оказалась тщательно спланированной манипуляцией, направленной на подавление человеческого духа и удержание контроля над ресурсами и правдой о прошлом цивилизации.","Гнетущее, клаустрофобное ощущение антиутопии, пропитанное тайнами, технологическим детерминизмом, паранойей и холодным, механическим индустриальным стилем подземного мира.","Сериал мастерски держит интригу, постоянно расширяя границы своего вымышленного мира и заставляя зрителя сомневаться в каждом принятом героями решении.",для вдумчивого просмотра с фокусом на конспирологические теории и социальную драму в закрытом пространстве,,"Правда не имеет значения, пока ты не готов столкнуться с тем, что скрывается за горизонтом.","На 2-м сезоне, если интерес к метафизике бункера начнет угасать в пользу политических интриг.","[""Сюжет 3-го сезона основан на завершающей части трилогии Хью Хауи 'Пыль', которая проливает свет на тайны происхождения бункера."", ""Ребекка Фергюсон, исполнившая роль Джульетты, также выступает в качестве исполнительного продюсера сериала, контролируя точность адаптации литературного первоисточника."", ""Масштабные декорации уровней бункера были построены с нуля в павильонах, что позволило операторам создать ощущение клаустрофобии без использования компьютерной графики."", ""В 3-м сезоне расширяется география повествования, показывая внешние локации за пределами привычного бункера, что потребовало изменения визуального стиля проекта."", ""Творческая группа сознательно отказалась от лишних визуальных эффектов в пользу практических спецэффектов, чтобы подчеркнуть индустриальную атмосферу подземного убежища.""]","[""Основание"", ""Разделение"", ""Экспансия"", ""Сквозь снег"", ""Мир Дикого Запада""]","Джульетта окончательно раскрывает тайны устройства Укрытия, выходит на поверхность и обнаруживает, что мир за пределами бункера давно пригоден для жизни, а всё существование человечества в изоляции было тщательно спланированным глобальным экспериментом.","{""rating"": ""отличный"", ""liked"": ""Порадовала глубокая психологическая проработка персонажей, захватывающая антиутопическая атмосфера и мастерское нагнетание тайн, которые постепенно получают свои логичные объяснения."", ""disliked"": ""Некоторым зрителям показался излишне затянутым темп повествования в середине сезона, когда основные сюжетные линии развиваются слишком неторопливо.""}",series,,0,,1,overview,,
8606,ДИСК 12,R:\сериалы\Испанская принцесса (720p). Сезон 2,,Испанская принцесса (720p). Сезон 2,The Spanish Princess,Испанская принцесса,2020,Исторические/Костюмированные,"[""Драма"", ""История"", ""Мелодрама""]",Великобритания,"[""Ченнинг Годфри Пиплс"", ""Лиза Кларк""]","[""Шарлотта Хоуп"", ""Руайри О’Коннор"", ""Стефани Леви-Джон"", ""Джорджи Хенли"", ""Лора Кармайкл""]",завершён,2.0,[],"{""imdb"": 7.0, ""tmdb"": 7.3}","[""Номинация на премию 'Эмми' за лучшие костюмы""]","Второй сезон исторической драмы продолжает рассказ о сложной судьбе Екатерины Арагонской, ставшей королевой Англии. После брака с Генрихом VIII молодая правительница сталкивается с необходимостью обеспечить наследника престола, чтобы укрепить шаткое положение династии Тюдоров. Политическая нестабильность, постоянные придворные интриги и личные амбиции мужа постепенно превращают некогда счастливый союз в поле боя за власть и авторитет. Екатерина демонстрирует невероятную стойкость, защищая свои интересы и право на корону перед лицом растущего разочарования Генриха. Сюжет детально освещает метаморфозы короля, чьи чувства к супруге подвергаются серьезным испытаниям из-за неспособности родить здорового сына. Отношения между главными героями проходят путь от страстной любви до холодного отчуждения, меняя ход истории Англии и судьбу самой королевы, вынужденной бороться за свое место в мире, где женщина полностью зависит от воли мужчины.","Напряженная историческая драма, пропитанная интригами королевского двора, роскошными декорациями и тяжелым предчувствием грядущих катастрофических политических перемен.","Повествование предлагает свежий взгляд на одну из самых известных королевских драм, акцентируя внимание на сильной личности Екатерины Арагонской и реалиях жизни женщин у власти.","для глубокого погружения в историю, дворцовые тайны и драму личностного краха на фоне борьбы за могущество",,"Я — королева, и я не стану умолять о том, что принадлежит мне по праву рождения и перед Богом.","после 1 сезона, так как продолжение превращается в излишне затянутую историческую драму","[""Сериал является логическим завершением трилогии по романам Филиппы Грегори, начатой проектами «Белая королева» и «Белая принцесса»."", ""Исполнительница главной роли Шарлотта Хоуп провела тщательную подготовку, изучая исторические письма Екатерины Арагонской для достоверного отражения её характера."", ""Художники по костюмам создали более сотни уникальных нарядов, вдохновленных реальными портретами эпохи Тюдоров и особенностями испанской моды того времени."", ""Несмотря на историческую основу, сценаристы добавили в повествование элементы художественного вымысла для более глубокого драматического раскрытия личных переживаний персонажей."", ""Съемочный процесс проходил в исторических локациях Великобритании, чтобы подчеркнуть масштаб и величие королевского двора начала XVI века.""]","[""Тюдоры"", ""Белая королева"", ""Белая принцесса"", ""Волчий зал"", ""Елизавета""]","Екатерина Арагонская осознает, что её брак с Генрихом VIII окончательно разрушен, принимая свою судьбу как королевы, которая останется верной себе до самого конца несмотря на политические интриги и личное предательство.","{""rating"": ""хороший"", ""liked"": ""Зрители высоко оценили смелую трактовку образа королевы, яркие костюмы и сильную химию между исполнителями главных ролей на экране."", ""disliked"": ""Некоторые поклонники истории остались недовольны вольными интерпретациями реальных событий и отклонениями от подтвержденных фактов правления короля Генриха VIII.""}",series,,0,,0,episode,,
8607,ДИСК 12,R:\фильмы\Джеймс Бонд,,Джеймс Бонд,James Bond,Джеймс Бонд,1962,Шпионы,"[""Боевик"", ""Приключения"", ""Триллер""]","Великобритания, США","[""Теренс Янг"", ""Гай Хэмилтон"", ""Джон Глен"", ""Мартин Кэмпбелл"", ""Сэм Мендес""]","[""Шон Коннери"", ""Роджер Мур"", ""Пирс Броснан"", ""Дэниел Крейг"", ""Тимоти Далтон""]",продолжается,25.0,[],"{""imdb"": 7.5, ""tmdb"": 7.3}","[""Оскар — лучшая песня"", ""Оскар — лучший звуковой монтаж"", ""Премия BAFTA — лучший саундтрек""]","Франшиза о британском агенте МИ-6 Джеймсе Бонде охватывает десятилетия шпионских приключений, превратившись в культурный феномен мирового масштаба. Каждая история строится вокруг попыток агента 007 предотвратить глобальные катастрофы, организованные эксцентричными злодеями, стремящимися к мировому господству, ядерному шантажу или экономическому коллапсу. Бонд мастерски сочетает использование передовых гаджетов, дипломатическую изворотливость и смертоносные боевые навыки. Сюжетные линии балансируют между классическим шпионским детективом, высокобюджетным боевиком и личной драмой героя, вынужденного жертвовать собственным счастьем ради интересов государства. От золотого века холодной войны до современных цифровых угроз, франшиза эволюционирует вместе с меняющимся миром, сохраняя верность ключевым атрибутам: культовым автомобилям, элитным коктейлям, роковым женщинам и неразрывной связи с британскими спецслужбами в борьбе против всемирного зла и глубоких теневых структур.","Стильная, напряженная и роскошная атмосфера международного шпионажа, наполненная адреналином, опасными интригами и безупречным британским лоском.","Франшиза является эталоном жанра, позволяя проследить эволюцию киноиндустрии и самого образа супершпиона сквозь призму десятилетий и разных актерских воплощений.","Для ценителей классического экшена, красивой жизни и вечных историй о борьбе героя с глобальным злом.",,"Взболтать, но не смешивать.","После фильма 'Казино Рояль' (2006), так как последующие части заметно меняют темп и тональность.","[""Франшиза удерживает статус одной из самых продолжительных в истории кино, охватывая шесть десятилетий производства с 1962 года."", ""Исполнитель роли Бонда обязан соблюдать строгие пункты контракта, касающиеся имиджа, включая запрет на ношение смокингов в других проектах."", ""Знаменитая сцена с открытием в дуле пистолета присутствует в каждом фильме, но лишь в трёх первых частях её исполнил не Шон Коннери."", ""Трюки в фильмах о Бонде регулярно устанавливают мировые рекорды Гиннесса по количеству взрывов и переворотов автомобилей на съёмочной площадке."", ""Автор оригинальных романов Ян Флеминг лично участвовал в выборе Шона Коннери, хотя изначально сомневался в его кандидатуре на роль агента.""]","[""Миссия невыполнима"", ""Идентификация Борна"", ""Kingsman: Секретная служба"", ""Агенты А.Н.К.Л."", ""007: Спектр""]","После десятилетий службы Джеймс Бонд остается вечным символом британской разведки, неизменно предотвращая глобальные катастрофы и выходя победителем из самых опасных схваток с мировым злом.","{""rating"": ""отличный"", ""liked"": ""Зрители высоко оценивают харизматичных главных героев, роскошные локации, инновационные гаджеты и захватывающие дух постановки масштабных экшен-сцен по всему миру."", ""disliked"": ""Некоторым поклонникам не нравятся резкие смены тональности повествования между разными исполнителями роли Бонда и затянутость отдельных сюжетных линий.""}",series,,0,,1,overview,,
9057,ДИСК C,Y:\сериалы\American Odyssey 1 - LostFilm.TV [1080p],,American Odyssey 1 - LostFilm.TV [1080p],American Odyssey,Американская одиссея,2015,Шпионы,"[""Боевик"", ""Драма"", ""Триллер""]",США,"[""Питер Хортон"", ""Дэвид Макин"", ""Адам Дэвидсон""]","[""Анна Фрил"", ""Питер Фачинелли"", ""Джейк Робинсон"", ""Омар Метуолли"", ""Трит Уильямс""]",отменён,1.0,[],"{""imdb"": 7.0, ""tmdb"": 6.8}",[],"Сюжет сериала закручивается вокруг глобального заговора, в центре которого оказывается элитное подразделение армии США, попавшее в засаду в Мали после уничтожения террористической группировки. Оставшаяся в живых сержант Одетт Баллард обнаруживает, что её отряд стал жертвой тайных операций, проводимых собственным правительством. Параллельно в Вашингтоне корпоративный адвокат Питер Декер и активист Харрисон Уокер выходят на след масштабной коррупционной схемы, связанной с финансированием частных военных компаний. По мере развития событий герои осознают, что каждый шаг приближает их к разоблачению могущественных сил, готовых пойти на убийство ради сохранения государственной тайны. Одинокая женщина-солдат, брошенная своими же командирами в пустыне, должна найти дорогу домой, пока заговорщики пытаются стереть любые следы существования её отряда и правды о случившемся в ходе секретной миссии.","Напряжённый политический триллер с элементами теории заговора, пропитанный духом паранойи, недоверия к системе и ощущением постоянной опасности.","Сериал предлагает динамичный коктейль из шпионских интриг и военных приключений, мастерски удерживая внимание зрителя на протяжении всего единственного сезона.","для просмотра в выходные, когда хочется погрузиться в запутанную историю о секретных операциях и политических играх",,"Правда — это самая опасная вещь, которую можно найти, особенно когда ее никто не хочет слышать.","Сериал является мини-сериалом и состоит из одного сезона, поэтому деление по качеству не требуется.","[""Сериал часто сравнивали с культовым проектом «Родина», отмечая схожую динамику политического заговора и расследований."", ""Главную роль исполнила Анна Фрил, которой пришлось пройти серьезную физическую подготовку для достоверного изображения выживания в пустыне."", ""Сюжетные линии охватывают три разных континента, что потребовало от съемочной группы масштабной работы в Марокко и других международных локациях."", ""Несмотря на высокие оценки критиков за актуальность темы частных военных корпораций, проект был закрыт после первого же сезона."", ""Сценарий детально прорабатывался с консультантами по геополитике, чтобы реалистично отразить действия спецслужб в условиях современного конфликта.""]","[""Родина"", ""Джек Райан"", ""Карточный домик"", ""Спящие"", ""Тиран""]","Главная героиня Одель Баллард разоблачает заговор корпорации и спецслужб, восстанавливает свое доброе имя и возвращается домой, однако истинные виновные остаются в тени, сохраняя влияние.","{""rating"": ""хороший"", ""liked"": ""Напряженная атмосфера глобального заговора, смелая игра Анны Фрил и качественная постановка экшен-сцен в суровых условиях пустыни."", ""disliked"": ""Некоторая перегруженность второстепенными сюжетными линиями и излишняя запутанность политической интриги к середине сезона.""}",series,,0,,0,episode,,
9058,ДИСК C,Y:\сериалы\Band of Brothers (Season 1) Пифагор BDRip,,Band of Brothers (Season 1) Пифагор BDRip,Band of Brothers,Братья по оружию,2001,Военные,"[""Военный"", ""Драма"", ""История""]","США, Великобритания","[""Дэвид Фрэнкел"", ""Том Хэнкс"", ""Дэвид Лиланд""]","[""Скотт Граймз"", ""Дэмиэн Льюис"", ""Рон Ливингстон"", ""Шейн Тэйлор"", ""Дэвид Швиммер""]",завершён,1.0,[],"{""imdb"": 9.4, ""tmdb"": 8.7}","[""Золотой глобус — лучший мини-сериал"", ""Эмми — лучший мини-сериал"", ""Премия Пибоди""]","Мини-сериал детально воссоздает путь роты «Изи» 506-го парашютно-десантного полка 101-й воздушно-десантной дивизии армии США во время Второй мировой войны. Повествование начинается с суровых тренировок в лагере «Токкоа» и последовательно проводит зрителя через ключевые события европейского театра военных действий: высадку в Нормандии, операцию «Маркет Гарден», тяжелые бои в Арденнах и взятие «Орлиного гнезда» Гитлера. Сюжет фокусируется не только на масштабных сражениях, но и на глубоких межличностных отношениях между солдатами, их страхах, мужестве и потере товарищей. Сериал демонстрирует эволюцию вчерашних добровольцев в закаленных бойцов, чья неразрывная связь, сформированная в горниле войны, становится их единственным спасением. Реалистичное изображение фронтового быта и ужасов конфликта подчеркивает высокую цену победы, которую заплатили простые люди ради защиты мира, оставаясь при этом верными принципам человечности, чести и взаимной поддержки в самые темные времена истории.","Суровая, пронизывающая реализмом военная драма, пропитанная духом братства, тяжестью окопного быта и неумолимым дыханием фронтовой истории.","Данная работа считается эталонным воплощением темы боевого братства, поражая глубиной погружения, исторической достоверностью и невероятным уровнем актерского мастерства.","для глубокого, сосредоточенного просмотра, когда хочется прочувствовать масштаб человеческого духа и настоящей военной драмы.",,"Мы были там, где были нужны, и сделали то, что должны были сделать. Мы — солдаты, и мы сражались за своих товарищей.",,"[""Для достижения исторической достоверности актеры прошли изнурительную 10-дневную военную подготовку под руководством реального ветерана Дейла Дая."", ""Каждый эпизод сериала открывается интервью с настоящими ветеранами роты «Изи», которые делятся своими реальными воспоминаниями о войне."", ""Стивен Спилберг и Том Хэнкс инвестировали огромные средства в воссоздание формы и снаряжения, чтобы максимально точно передать дух 1940-х годов."", ""Съемки проходили в Великобритании, где специально для проекта построили масштабные декорации европейских городов, подвергшихся бомбардировкам."", ""Проект считается одной из самых дорогих постановок в истории телевидения на момент своего выхода в 2001 году.""]","[""Тихий океан"", ""Поколение убийц"", ""Спасти рядового Райана"", ""Тонкая красная линия"", ""Властелины воздуха""]","После капитуляции Германии и завершения войны рота Easy возвращается домой, осознав тяжелую цену победы и навсегда сохранив узы фронтового братства.","{""rating"": ""отличный"", ""liked"": ""Поражает невероятная актерская игра, глубокая проработка персонажей, пугающе реалистичная атмосфера сражений и сильный эмоциональный посыл о фронтовом братстве."", ""disliked"": ""Некоторых зрителей может сбить с толку огромное количество персонажей, из-за чего в первых сериях сложно запомнить всех героев.""}",series,,0,,0,episode,,
9059,ДИСК C,Y:\сериалы\Barry,,Barry,Barry,Барри,2018,Триллеры,"[""Комедия"", ""Криминал"", ""Драма""]",США,"[""Билл Хейдер"", ""Алек Берг""]","[""Билл Хейдер"", ""Стивен Рут"", ""Сара Голдберг"", ""Гленн Флешлер"", ""Энтони Керриган""]",завершён,4.0,[],"{""imdb"": 8.4, ""tmdb"": 8.1}","[""Премия Эмми — лучший актёр в комедийном сериале (Билл Хейдер)""]","Барри Беркман, депрессивный и одинокий киллер с Среднего Запада, отправляется в Лос-Анджелес для выполнения очередного заказа. По случайному стечению обстоятельств он попадает в местный театральный кружок и внезапно осознает, что хочет сменить профессию, став актером. Попытки Барри оставить криминальное прошлое позади постоянно сталкиваются с непреодолимыми препятствиями: его бывшие работодатели из чеченской мафии и наставники из спецслужб не готовы отпустить столь ценного сотрудника. Балансируя между абсурдными театральными репетициями и жестокими разборками, герой пытается обрести идентичность и искупление. Сериал мастерски переплетает черный юмор с драматическими размышлениями о природе насилия, превращая историю незадачливого убийцы в глубокое исследование психологической травмы и безуспешного поиска счастья в мире, где каждый персонаж неизбежно сталкивается с последствиями своих преступных решений.","Сюрреалистичная смесь едкой голливудской сатиры, гнетущего нуара и пронзительной, почти осязаемой экзистенциальной грусти одинокого человека.","Сериал филигранно сочетает комедию положений с криминальной драмой, предлагая уникальный взгляд на попытки человека сменить судьбу и искупить прошлые грехи.","Для осознанного просмотра, когда хочется сложной и одновременно мрачной истории с элементами черного юмора и философским подтекстом.",,Начинай с чистого листа. Оставь всё это позади. Ты можешь измениться.,"после 3 сезона, так как 4 сезон радикально меняет тональность и темп повествования","[""Билл Хейдер, исполнитель главной роли, лично срежиссировал многие эпизоды сериала, включая ключевые моменты эмоциональных переломов героя."", ""В основу сериала легла реальная история знакомого Билла Хейдера, который пробовал себя в актерской студии, оставаясь при этом крайне загадочной личностью."", ""Генри Уинклер, сыгравший Джина Кузино, был выбран на роль без прослушивания; его персонаж стал олицетворением голливудской претенциозности и комического отчаяния."", ""Сериал славится резкими переходами от черной комедии к глубоко мрачной драме, что стало визитной карточкой сценарной команды проекта."", ""Для создания достоверных сцен подготовки киллера консультантами выступали настоящие специалисты, помогавшие актерам в изучении оружейной техники и тактики.""]","[""Убивая Еву"", ""Лучше звоните Солу"", ""Патрик Мелроуз"", ""Мистер Имя"", ""Фарго""]","Барри, осознав неизбежность расплаты за свои преступления, принимает смерть от рук Фукса, становясь легендой в глазах общественности, но оставляя Салли и Джона жить с искаженным наследием его образа.","{""rating"": ""отличный"", ""liked"": ""Потрясающая актерская игра Билла Хейдера, идеальный баланс черного юмора и экзистенциальной драмы, а также мастерская работа со сценарием."", ""disliked"": ""Некоторым зрителям может быть сложно принять излишнюю жестокость и депрессивный тон повествования в поздних сезонах сериала.""}",series,,0,,0,episode,,
9060,ДИСК 12,R:\сериалы\Agatha Christie's Poirot\Season 1,,Agatha Christie's Poirot (сезон 1),,,1989,Расследования,"[""Криминал"", ""Драма"", ""Детектив""]",Великобритания,"[""Эдвард Беннет"", ""Ренни Рай"", ""Эндрю Грив""]","[""Дэвид Суше"", ""Хью Фрейзер"", ""Филип Джексон"", ""Полин Моран"", ""Дэвид Йелленд""]",,0.0,,"{""imdb"": 8.6, ""tmdb"": 8.1}",,,,,,,,,,,,,season,6355,0,,0,,,
9061,ДИСК 12,R:\сериалы\Agatha Christie's Poirot\Season 1\01 The Adventure of the Clapham Cook (HD).m4v,,Agatha Christie's Poirot S01E00 01 The Adventure of the Clapham Cook (HD).m4v,,,1989,Расследования,"[""Криминал"", ""Драма"", ""Детектив""]",Великобритания,"[""Эдвард Беннет"", ""Ренни Рай"", ""Эндрю Грив""]","[""Дэвид Суше"", ""Хью Фрейзер"", ""Филип Джексон"", ""Полин Моран"", ""Дэвид Йелленд""]",,0.0,,"{""imdb"": 8.6, ""tmdb"": 8.1}",,,,,,,,,,,,,episode,9060,0,,0,,,
9062,ДИСК 12,R:\сериалы\Agatha Christie's Poirot\Season 1\02 Murder in the Mews (HD).m4v,,Agatha Christie's Poirot S01E00 02 Murder in the Mews (HD).m4v,,,1989,Расследования,"[""Криминал"", ""Драма"", ""Детектив""]",Великобритания,"[""Эдвард Беннет"", ""Ренни Рай"", ""Эндрю Грив""]","[""Дэвид Суше"", ""Хью Фрейзер"", ""Филип Джексон"", ""Полин Моран"", ""Дэвид Йелленд""]",,0.0,,"{""imdb"": 8.6, ""tmdb"": 8.1}",,,,,,,,,,,,,episode,9060,0,,0,,,
9063,ДИСК 12,R:\сериалы\Agatha Christie's Poirot\Season 1\03 The Adventure of Johnnie Waverly (HD).m4v,,Agatha Christie's Poirot S01E00 03 The Adventure of Johnnie Waverly (HD).m4v,,,1989,Расследования,"[""Криминал"", ""Драма"", ""Детектив""]",Великобритания,"[""Эдвард Беннет"", ""Ренни Рай"", ""Эндрю Грив""]","[""Дэвид Суше"", ""Хью Фрейзер"", ""Филип Джексон"", ""Полин Моран"", ""Дэвид Йелленд""]",,0.0,,"{""imdb"": 8.6, ""tmdb"": 8.1}",,,,,,,,,,,,,episode,9060,0,,0,,,
9064,ДИСК 12,R:\сериалы\Agatha Christie's Poirot\Season 1\04 Four and Twenty Blackbirds (HD).m4v,,Agatha Christie's Poirot S01E00 04 Four and Twenty Blackbirds (HD).m4v,,,1989,Расследования,"[""Криминал"", ""Драма"", ""Детектив""]",Великобритания,"[""Эдвард Беннет"", ""Ренни Рай"", ""Эндрю Грив""]","[""Дэвид Суше"", ""Хью Фрейзер"", ""Филип Джексон"", ""Полин Моран"", ""Дэвид Йелленд""]",,0.0,,"{""imdb"": 8.6, ""tmdb"": 8.1}",,,,,,,,,,,,,episode,9060,0,,0,,,
9065,ДИСК 12,R:\сериалы\Agatha Christie's Poirot\Season 1\05 The Third Floor Flat (HD).m4v,,Agatha Christie's Poirot S01E00 05 The Third Floor Flat (HD).m4v,,,1989,Расследования,"[""Криминал"", ""Драма"", ""Детектив""]",Великобритания,"[""Эдвард Беннет"", ""Ренни Рай"", ""Эндрю Грив""]","[""Дэвид Суше"", ""Хью Фрейзер"", ""Филип Джексон"", ""Полин Моран"", ""Дэвид Йелленд""]",,0.0,,"{""imdb"": 8.6, ""tmdb"": 8.1}",,,,,,,,,,,,,episode,9060,0,,0,,,
9066,ДИСК 12,R:\сериалы\Agatha Christie's Poirot\Season 1\06 Triangle at Rhodes (HD).m4v,,Agatha Christie's Poirot S01E00 06 Triangle at Rhodes (HD).m4v,,,1989,Расследования,"[""Криминал"", ""Драма"", ""Детектив""]",Великобритания,"[""Эдвард Беннет"", ""Ренни Рай"", ""Эндрю Грив""]","[""Дэвид Суше"", ""Хью Фрейзер"", ""Филип Джексон"", ""Полин Моран"", ""Дэвид Йелленд""]",,0.0,,"{""imdb"": 8.6, ""tmdb"": 8.1}",,,,,,,,,,,,,episode,9060,0,,0,,,
9067,ДИСК 12,R:\сериалы\Agatha Christie's Poirot\Season 1\07 Problem at Sea (HD).m4v,,Agatha Christie's Poirot S01E00 07 Problem at Sea (HD).m4v,,,1989,Расследования,"[""Криминал"", ""Драма"", ""Детектив""]",Великобритания,"[""Эдвард Беннет"", ""Ренни Рай"", ""Эндрю Грив""]","[""Дэвид Суше"", ""Хью Фрейзер"", ""Филип Джексон"", ""Полин Моран"", ""Дэвид Йелленд""]",,0.0,,"{""imdb"": 8.6, ""tmdb"": 8.1}",,,,,,,,,,,,,episode,9060,0,,0,,,
9068,ДИСК 12,R:\сериалы\Agatha Christie's Poirot\Season 1\08 The Incredible Theft (HD).m4v,,Agatha Christie's Poirot S01E00 08 The Incredible Theft (HD).m4v,,,1989,Расследования,"[""Криминал"", ""Драма"", ""Детектив""]",Великобритания,"[""Эдвард Беннет"", ""Ренни Рай"", ""Эндрю Грив""]","[""Дэвид Суше"", ""Хью Фрейзер"", ""Филип Джексон"", ""Полин Моран"", ""Дэвид Йелленд""]",,0.0,,"{""imdb"": 8.6, ""tmdb"": 8.1}",,,,,,,,,,,,,episode,9060,0,,0,,,
9069,ДИСК 12,R:\сериалы\Agatha Christie's Poirot\Season 1\09 The King of Clubs (HD).m4v,,Agatha Christie's Poirot S01E00 09 The King of Clubs (HD).m4v,,,1989,Расследования,"[""Криминал"", ""Драма"", ""Детектив""]",Великобритания,"[""Эдвард Беннет"", ""Ренни Рай"", ""Эндрю Грив""]","[""Дэвид Суше"", ""Хью Фрейзер"", ""Филип Джексон"", ""Полин Моран"", ""Дэвид Йелленд""]",,0.0,,"{""imdb"": 8.6, ""tmdb"": 8.1}",,,,,,,,,,,,,episode,9060,0,,0,,,
9070,ДИСК 12,R:\сериалы\Agatha Christie's Poirot\Season 1\10 The Dream (HD).m4v,,Agatha Christie's Poirot S01E00 10 The Dream (HD).m4v,,,1989,Расследования,"[""Криминал"", ""Драма"", ""Детектив""]",Великобритания,"[""Эдвард Беннет"", ""Ренни Рай"", ""Эндрю Грив""]","[""Дэвид Суше"", ""Хью Фрейзер"", ""Филип Джексон"", ""Полин Моран"", ""Дэвид Йелленд""]",,0.0,,"{""imdb"": 8.6, ""tmdb"": 8.1}",,,,,,,,,,,,,episode,9060,0,,0,,,
9071,ДИСК 12,R:\сериалы\Agatha Christie's Poirot\Season 10,,Agatha Christie's Poirot (сезон 10),,,1989,Расследования,"[""Криминал"", ""Драма"", ""Детектив""]",Великобритания,"[""Эдвард Беннет"", ""Ренни Рай"", ""Эндрю Грив""]","[""Дэвид Суше"", ""Хью Фрейзер"", ""Филип Джексон"", ""Полин Моран"", ""Дэвид Йелленд""]",,0.0,,"{""imdb"": 8.6, ""tmdb"": 8.1}",,,,,,,,,,,,,season,6355,0,,0,,,
9072,ДИСК 12,R:\сериалы\Agatha Christie's Poirot\Season 10\01 The Mystery of the Blue Train (HD).m4v,,Agatha Christie's Poirot S10E00 01 The Mystery of the Blue Train (HD).m4v,,,1989,Расследования,"[""Криминал"", ""Драма"", ""Детектив""]",Великобритания,"[""Эдвард Беннет"", ""Ренни Рай"", ""Эндрю Грив""]","[""Дэвид Суше"", ""Хью Фрейзер"", ""Филип Джексон"", ""Полин Моран"", ""Дэвид Йелленд""]",,0.0,,"{""imdb"": 8.6, ""tmdb"": 8.1}",,,,,,,,,,,,,episode,9071,0,,0,,,
9073,ДИСК 12,R:\сериалы\Agatha Christie's Poirot\Season 10\02 Cards On the Table (HD).m4v,,Agatha Christie's Poirot S10E00 02 Cards On the Table (HD).m4v,,,1989,Расследования,"[""Криминал"", ""Драма"", ""Детектив""]",Великобритания,"[""Эдвард Беннет"", ""Ренни Рай"", ""Эндрю Грив""]","[""Дэвид Суше"", ""Хью Фрейзер"", ""Филип Джексон"", ""Полин Моран"", ""Дэвид Йелленд""]",,0.0,,"{""imdb"": 8.6, ""tmdb"": 8.1}",,,,,,,,,,,,,episode,9071,0,,0,,,
9074,ДИСК 12,R:\сериалы\Agatha Christie's Poirot\Season 10\03 After the Funeral (HD).m4v,,Agatha Christie's Poirot S10E00 03 After the Funeral (HD).m4v,,,1989,Расследования,"[""Криминал"", ""Драма"", ""Детектив""]",Великобритания,"[""Эдвард Беннет"", ""Ренни Рай"", ""Эндрю Грив""]","[""Дэвид Суше"", ""Хью Фрейзер"", ""Филип Джексон"", ""Полин Моран"", ""Дэвид Йелленд""]",,0.0,,"{""imdb"": 8.6, ""tmdb"": 8.1}",,,,,,,,,,,,,episode,9071,0,,0,,,
9075,ДИСК 12,R:\сериалы\Agatha Christie's Poirot\Season 10\04 Taken At the Flood (HD).m4v,,Agatha Christie's Poirot S10E00 04 Taken At the Flood (HD).m4v,,,1989,Расследования,"[""Криминал"", ""Драма"", ""Детектив""]",Великобритания,"[""Эдвард Беннет"", ""Ренни Рай"", ""Эндрю Грив""]","[""Дэвид Суше"", ""Хью Фрейзер"", ""Филип Джексон"", ""Полин Моран"", ""Дэвид Йелленд""]",,0.0,,"{""imdb"": 8.6, ""tmdb"": 8.1}",,,,,,,,,,,,,episode,9071,0,,0,,,
9076,ДИСК 12,R:\сериалы\Agatha Christie's Poirot\Season 11,,Agatha Christie's Poirot (сезон 11),,,1989,Расследования,"[""Криминал"", ""Драма"", ""Детектив""]",Великобритания,"[""Эдвард Беннет"", ""Ренни Рай"", ""Эндрю Грив""]","[""Дэвид Суше"", ""Хью Фрейзер"", ""Филип Джексон"", ""Полин Моран"", ""Дэвид Йелленд""]",,0.0,,"{""imdb"": 8.6, ""tmdb"": 8.1}",,,,,,,,,,,,,season,6355,0,,0,,,
9077,ДИСК 12,R:\сериалы\Agatha Christie's Poirot\Season 11\01 Mrs McGinty's Dead (HD).m4v,,Agatha Christie's Poirot S11E00 01 Mrs McGinty's Dead (HD).m4v,,,1989,Расследования,"[""Криминал"", ""Драма"", ""Детектив""]",Великобритания,"[""Эдвард Беннет"", ""Ренни Рай"", ""Эндрю Грив""]","[""Дэвид Суше"", ""Хью Фрейзер"", ""Филип Джексон"", ""Полин Моран"", ""Дэвид Йелленд""]",,0.0,,"{""imdb"": 8.6, ""tmdb"": 8.1}",,,,,,,,,,,,,episode,9076,0,,0,,,
9078,ДИСК 12,R:\сериалы\Agatha Christie's Poirot\Season 11\02 Cat Among the Pigeons (HD).m4v,,Agatha Christie's Poirot S11E00 02 Cat Among the Pigeons (HD).m4v,,,1989,Расследования,"[""Криминал"", ""Драма"", ""Детектив""]",Великобритания,"[""Эдвард Беннет"", ""Ренни Рай"", ""Эндрю Грив""]","[""Дэвид Суше"", ""Хью Фрейзер"", ""Филип Джексон"", ""Полин Моран"", ""Дэвид Йелленд""]",,0.0,,"{""imdb"": 8.6, ""tmdb"": 8.1}",,,,,,,,,,,,,episode,9076,0,,0,,,
9079,ДИСК 12,R:\сериалы\Agatha Christie's Poirot\Season 11\03 Third Girl (HD).m4v,,Agatha Christie's Poirot S11E00 03 Third Girl (HD).m4v,,,1989,Расследования,"[""Криминал"", ""Драма"", ""Детектив""]",Великобритания,"[""Эдвард Беннет"", ""Ренни Рай"", ""Эндрю Грив""]","[""Дэвид Суше"", ""Хью Фрейзер"", ""Филип Джексон"", ""Полин Моран"", ""Дэвид Йелленд""]",,0.0,,"{""imdb"": 8.6, ""tmdb"": 8.1}",,,,,,,,,,,,,episode,9076,0,,0,,,
9080,ДИСК 12,R:\сериалы\Agatha Christie's Poirot\Season 11\04 Appointment With Death (HD).m4v,,Agatha Christie's Poirot S11E00 04 Appointment With Death (HD).m4v,,,1989,Расследования,"[""Криминал"", ""Драма"", ""Детектив""]",Великобритания,"[""Эдвард Беннет"", ""Ренни Рай"", ""Эндрю Грив""]","[""Дэвид Суше"", ""Хью Фрейзер"", ""Филип Джексон"", ""Полин Моран"", ""Дэвид Йелленд""]",,0.0,,"{""imdb"": 8.6, ""tmdb"": 8.1}",,,,,,,,,,,,,episode,9076,0,,0,,,
9081,ДИСК 12,R:\сериалы\Agatha Christie's Poirot\Season 12,,Agatha Christie's Poirot (сезон 12),,,1989,Расследования,"[""Криминал"", ""Драма"", ""Детектив""]",Великобритания,"[""Эдвард Беннет"", ""Ренни Рай"", ""Эндрю Грив""]","[""Дэвид Суше"", ""Хью Фрейзер"", ""Филип Джексон"", ""Полин Моран"", ""Дэвид Йелленд""]",,0.0,,"{""imdb"": 8.6, ""tmdb"": 8.1}",,,,,,,,,,,,,season,6355,0,,0,,,
9082,ДИСК 12,R:\сериалы\Agatha Christie's Poirot\Season 12\01 The Clocks (HD).m4v,,Agatha Christie's Poirot S12E00 01 The Clocks (HD).m4v,,,1989,Расследования,"[""Криминал"", ""Драма"", ""Детектив""]",Великобритания,"[""Эдвард Беннет"", ""Ренни Рай"", ""Эндрю Грив""]","[""Дэвид Суше"", ""Хью Фрейзер"", ""Филип Джексон"", ""Полин Моран"", ""Дэвид Йелленд""]",,0.0,,"{""imdb"": 8.6, ""tmdb"": 8.1}",,,,,,,,,,,,,episode,9081,0,,0,,,
9083,ДИСК 12,R:\сериалы\Agatha Christie's Poirot\Season 12\02 Three Act Tragedy (HD).m4v,,Agatha Christie's Poirot S12E00 02 Three Act Tragedy (HD).m4v,,,1989,Расследования,"[""Криминал"", ""Драма"", ""Детектив""]",Великобритания,"[""Эдвард Беннет"", ""Ренни Рай"", ""Эндрю Грив""]","[""Дэвид Суше"", ""Хью Фрейзер"", ""Филип Джексон"", ""Полин Моран"", ""Дэвид Йелленд""]",,0.0,,"{""imdb"": 8.6, ""tmdb"": 8.1}",,,,,,,,,,,,,episode,9081,0,,0,,,
9084,ДИСК 12,R:\сериалы\Agatha Christie's Poirot\Season 12\03 Hallowe'en Party (HD).m4v,,Agatha Christie's Poirot S12E00 03 Hallowe'en Party (HD).m4v,,,1989,Расследования,"[""Криминал"", ""Драма"", ""Детектив""]",Великобритания,"[""Эдвард Беннет"", ""Ренни Рай"", ""Эндрю Грив""]","[""Дэвид Суше"", ""Хью Фрейзер"", ""Филип Джексон"", ""Полин Моран"", ""Дэвид Йелленд""]",,0.0,,"{""imdb"": 8.6, ""tmdb"": 8.1}",,,,,,,,,,,,,episode,9081,0,,0,,,
9085,ДИСК 12,R:\сериалы\Agatha Christie's Poirot\Season 12\04 Murder On the Orient Express (HD).m4v,,Agatha Christie's Poirot S12E00 04 Murder On the Orient Express (HD).m4v,,,1989,Расследования,"[""Криминал"", ""Драма"", ""Детектив""]",Великобритания,"[""Эдвард Беннет"", ""Ренни Рай"", ""Эндрю Грив""]","[""Дэвид Суше"", ""Хью Фрейзер"", ""Филип Джексон"", ""Полин Моран"", ""Дэвид Йелленд""]",,0.0,,"{""imdb"": 8.6, ""tmdb"": 8.1}",,,,,,,,,,,,,episode,9081,0,,0,,,
9086,ДИСК 12,R:\сериалы\Agatha Christie's Poirot\Season 13,,Agatha Christie's Poirot (сезон 13),,,1989,Расследования,"[""Криминал"", ""Драма"", ""Детектив""]",Великобритания,"[""Эдвард Беннет"", ""Ренни Рай"", ""Эндрю Грив""]","[""Дэвид Суше"", ""Хью Фрейзер"", ""Филип Джексон"", ""Полин Моран"", ""Дэвид Йелленд""]",,0.0,,"{""imdb"": 8.6, ""tmdb"": 8.1}",,,,,,,,,,,,,season,6355,0,,0,,,
9087,ДИСК 12,R:\сериалы\Agatha Christie's Poirot\Season 13\01 Elephants Can Remember (HD).m4v,,Agatha Christie's Poirot S13E00 01 Elephants Can Remember (HD).m4v,,,1989,Расследования,"[""Криминал"", ""Драма"", ""Детектив""]",Великобритания,"[""Эдвард Беннет"", ""Ренни Рай"", ""Эндрю Грив""]","[""Дэвид Суше"", ""Хью Фрейзер"", ""Филип Джексон"", ""Полин Моран"", ""Дэвид Йелленд""]",,0.0,,"{""imdb"": 8.6, ""tmdb"": 8.1}",,,,,,,,,,,,,episode,9086,0,,0,,,
9088,ДИСК 12,R:\сериалы\Agatha Christie's Poirot\Season 13\02 The Big Four (HD).m4v,,Agatha Christie's Poirot S13E00 02 The Big Four (HD).m4v,,,1989,Расследования,"[""Криминал"", ""Драма"", ""Детектив""]",Великобритания,"[""Эдвард Беннет"", ""Ренни Рай"", ""Эндрю Грив""]","[""Дэвид Суше"", ""Хью Фрейзер"", ""Филип Джексон"", ""Полин Моран"", ""Дэвид Йелленд""]",,0.0,,"{""imdb"": 8.6, ""tmdb"": 8.1}",,,,,,,,,,,,,episode,9086,0,,0,,,
9089,ДИСК 12,R:\сериалы\Agatha Christie's Poirot\Season 13\03 Dead Man's Folly (HD).m4v,,Agatha Christie's Poirot S13E00 03 Dead Man's Folly (HD).m4v,,,1989,Расследования,"[""Криминал"", ""Драма"", ""Детектив""]",Великобритания,"[""Эдвард Беннет"", ""Ренни Рай"", ""Эндрю Грив""]","[""Дэвид Суше"", ""Хью Фрейзер"", ""Филип Джексон"", ""Полин Моран"", ""Дэвид Йелленд""]",,0.0,,"{""imdb"": 8.6, ""tmdb"": 8.1}",,,,,,,,,,,,,episode,9086,0,,0,,,
9090,ДИСК 12,R:\сериалы\Agatha Christie's Poirot\Season 13\04 The Labour of Hercules (HD).m4v,,Agatha Christie's Poirot S13E00 04 The Labour of Hercules (HD).m4v,,,1989,Расследования,"[""Криминал"", ""Драма"", ""Детектив""]",Великобритания,"[""Эдвард Беннет"", ""Ренни Рай"", ""Эндрю Грив""]","[""Дэвид Суше"", ""Хью Фрейзер"", ""Филип Джексон"", ""Полин Моран"", ""Дэвид Йелленд""]",,0.0,,"{""imdb"": 8.6, ""tmdb"": 8.1}",,,,,,,,,,,,,episode,9086,0,,0,,,
9091,ДИСК 12,R:\сериалы\Agatha Christie's Poirot\Season 13\05 Curtain_ Poirot's Final Case (HD).m4v,,Agatha Christie's Poirot S13E00 05 Curtain_ Poirot's Final Case (HD).m4v,,,1989,Расследования,"[""Криминал"", ""Драма"", ""Детектив""]",Великобритания,"[""Эдвард Беннет"", ""Ренни Рай"", ""Эндрю Грив""]","[""Дэвид Суше"", ""Хью Фрейзер"", ""Филип Джексон"", ""Полин Моран"", ""Дэвид Йелленд""]",,0.0,,"{""imdb"": 8.6, ""tmdb"": 8.1}",,,,,,,,,,,,,episode,9086,0,,0,,,
9092,ДИСК 12,R:\сериалы\Agatha Christie's Poirot\Season 2,,Agatha Christie's Poirot (сезон 2),,,1989,Расследования,"[""Криминал"", ""Драма"", ""Детектив""]",Великобритания,"[""Эдвард Беннет"", ""Ренни Рай"", ""Эндрю Грив""]","[""Дэвид Суше"", ""Хью Фрейзер"", ""Филип Джексон"", ""Полин Моран"", ""Дэвид Йелленд""]",,0.0,,"{""imdb"": 8.6, ""tmdb"": 8.1}",,,,,,,,,,,,,season,6355,0,,0,,,
9093,ДИСК 12,R:\сериалы\Agatha Christie's Poirot\Season 2\01 Peril At End House (HD).m4v,,Agatha Christie's Poirot S02E00 01 Peril At End House (HD).m4v,,,1989,Расследования,"[""Криминал"", ""Драма"", ""Детектив""]",Великобритания,"[""Эдвард Беннет"", ""Ренни Рай"", ""Эндрю Грив""]","[""Дэвид Суше"", ""Хью Фрейзер"", ""Филип Джексон"", ""Полин Моран"", ""Дэвид Йелленд""]",,0.0,,"{""imdb"": 8.6, ""tmdb"": 8.1}",,,,,,,,,,,,,episode,9092,0,,0,,,
9094,ДИСК 12,R:\сериалы\Agatha Christie's Poirot\Season 2\02 The Veiled Lady (HD).m4v,,Agatha Christie's Poirot S02E00 02 The Veiled Lady (HD).m4v,,,1989,Расследования,"[""Криминал"", ""Драма"", ""Детектив""]",Великобритания,"[""Эдвард Беннет"", ""Ренни Рай"", ""Эндрю Грив""]","[""Дэвид Суше"", ""Хью Фрейзер"", ""Филип Джексон"", ""Полин Моран"", ""Дэвид Йелленд""]",,0.0,,"{""imdb"": 8.6, ""tmdb"": 8.1}",,,,,,,,,,,,,episode,9092,0,,0,,,
9095,ДИСК 12,R:\сериалы\Agatha Christie's Poirot\Season 2\03 The Lost Mine (HD).m4v,,Agatha Christie's Poirot S02E00 03 The Lost Mine (HD).m4v,,,1989,Расследования,"[""Криминал"", ""Драма"", ""Детектив""]",Великобритания,"[""Эдвард Беннет"", ""Ренни Рай"", ""Эндрю Грив""]","[""Дэвид Суше"", ""Хью Фрейзер"", ""Филип Джексон"", ""Полин Моран"", ""Дэвид Йелленд""]",,0.0,,"{""imdb"": 8.6, ""tmdb"": 8.1}",,,,,,,,,,,,,episode,9092,0,,0,,,
9096,ДИСК 12,R:\сериалы\Agatha Christie's Poirot\Season 2\04 The Cornish Mystery (HD).m4v,,Agatha Christie's Poirot S02E00 04 The Cornish Mystery (HD).m4v,,,1989,Расследования,"[""Криминал"", ""Драма"", ""Детектив""]",Великобритания,"[""Эдвард Беннет"", ""Ренни Рай"", ""Эндрю Грив""]","[""Дэвид Суше"", ""Хью Фрейзер"", ""Филип Джексон"", ""Полин Моран"", ""Дэвид Йелленд""]",,0.0,,"{""imdb"": 8.6, ""tmdb"": 8.1}",,,,,,,,,,,,,episode,9092,0,,0,,,
9097,ДИСК 12,R:\сериалы\Agatha Christie's Poirot\Season 2\05 The Disappearance of Mr. Davenheim (HD).m4v,,Agatha Christie's Poirot S02E00 05 The Disappearance of Mr. Davenheim (HD).m4v,,,1989,Расследования,"[""Криминал"", ""Драма"", ""Детектив""]",Великобритания,"[""Эдвард Беннет"", ""Ренни Рай"", ""Эндрю Грив""]","[""Дэвид Суше"", ""Хью Фрейзер"", ""Филип Джексон"", ""Полин Моран"", ""Дэвид Йелленд""]",,0.0,,"{""imdb"": 8.6, ""tmdb"": 8.1}",,,,,,,,,,,,,episode,9092,0,,0,,,
9098,ДИСК 12,R:\сериалы\Agatha Christie's Poirot\Season 2\06 Double Sin (HD).m4v,,Agatha Christie's Poirot S02E00 06 Double Sin (HD).m4v,,,1989,Расследования,"[""Криминал"", ""Драма"", ""Детектив""]",Великобритания,"[""Эдвард Беннет"", ""Ренни Рай"", ""Эндрю Грив""]","[""Дэвид Суше"", ""Хью Фрейзер"", ""Филип Джексон"", ""Полин Моран"", ""Дэвид Йелленд""]",,0.0,,"{""imdb"": 8.6, ""tmdb"": 8.1}",,,,,,,,,,,,,episode,9092,0,,0,,,
9099,ДИСК 12,R:\сериалы\Agatha Christie's Poirot\Season 2\07 Adventure of the Cheap Flat (HD).m4v,,Agatha Christie's Poirot S02E00 07 Adventure of the Cheap Flat (HD).m4v,,,1989,Расследования,"[""Криминал"", ""Драма"", ""Детектив""]",Великобритания,"[""Эдвард Беннет"", ""Ренни Рай"", ""Эндрю Грив""]","[""Дэвид Суше"", ""Хью Фрейзер"", ""Филип Джексон"", ""Полин Моран"", ""Дэвид Йелленд""]",,0.0,,"{""imdb"": 8.6, ""tmdb"": 8.1}",,,,,,,,,,,,,episode,9092,0,,0,,,
9100,ДИСК 12,R:\сериалы\Agatha Christie's Poirot\Season 2\08 The Kidnapped Prime Minister (HD).m4v,,Agatha Christie's Poirot S02E00 08 The Kidnapped Prime Minister (HD).m4v,,,1989,Расследования,"[""Криминал"", ""Драма"", ""Детектив""]",Великобритания,"[""Эдвард Беннет"", ""Ренни Рай"", ""Эндрю Грив""]","[""Дэвид Суше"", ""Хью Фрейзер"", ""Филип Джексон"", ""Полин Моран"", ""Дэвид Йелленд""]",,0.0,,"{""imdb"": 8.6, ""tmdb"": 8.1}",,,,,,,,,,,,,episode,9092,0,,0,,,
9101,ДИСК 12,R:\сериалы\Agatha Christie's Poirot\Season 2\09 The Adventure of the Western Star (HD).m4v,,Agatha Christie's Poirot S02E00 09 The Adventure of the Western Star (HD).m4v,,,1989,Расследования,"[""Криминал"", ""Драма"", ""Детектив""]",Великобритания,"[""Эдвард Беннет"", ""Ренни Рай"", ""Эндрю Грив""]","[""Дэвид Суше"", ""Хью Фрейзер"", ""Филип Джексон"", ""Полин Моран"", ""Дэвид Йелленд""]",,0.0,,"{""imdb"": 8.6, ""tmdb"": 8.1}",,,,,,,,,,,,,episode,9092,0,,0,,,
9102,ДИСК 12,R:\сериалы\Agatha Christie's Poirot\Season 3,,Agatha Christie's Poirot (сезон 3),,,1989,Расследования,"[""Криминал"", ""Драма"", ""Детектив""]",Великобритания,"[""Эдвард Беннет"", ""Ренни Рай"", ""Эндрю Грив""]","[""Дэвид Суше"", ""Хью Фрейзер"", ""Филип Джексон"", ""Полин Моран"", ""Дэвид Йелленд""]",,0.0,,"{""imdb"": 8.6, ""tmdb"": 8.1}",,,,,,,,,,,,,season,6355,0,,0,,,
9103,ДИСК 12,R:\сериалы\Agatha Christie's Poirot\Season 3\01 The Mysterious Affair at Styles (HD).m4v,,Agatha Christie's Poirot S03E00 01 The Mysterious Affair at Styles (HD).m4v,,,1989,Расследования,"[""Криминал"", ""Драма"", ""Детектив""]",Великобритания,"[""Эдвард Беннет"", ""Ренни Рай"", ""Эндрю Грив""]","[""Дэвид Суше"", ""Хью Фрейзер"", ""Филип Джексон"", ""Полин Моран"", ""Дэвид Йелленд""]",,0.0,,"{""imdb"": 8.6, ""tmdb"": 8.1}",,,,,,,,,,,,,episode,9102,0,,0,,,
9104,ДИСК 12,R:\сериалы\Agatha Christie's Poirot\Season 3\02 How Does Your Garden Grow_ (HD).m4v,,Agatha Christie's Poirot S03E00 02 How Does Your Garden Grow_ (HD).m4v,,,1989,Расследования,"[""Криминал"", ""Драма"", ""Детектив""]",Великобритания,"[""Эдвард Беннет"", ""Ренни Рай"", ""Эндрю Грив""]","[""Дэвид Суше"", ""Хью Фрейзер"", ""Филип Джексон"", ""Полин Моран"", ""Дэвид Йелленд""]",,0.0,,"{""imdb"": 8.6, ""tmdb"": 8.1}",,,,,,,,,,,,,episode,9102,0,,0,,,
9105,ДИСК 12,R:\сериалы\Agatha Christie's Poirot\Season 3\03 Million Dollar Bond (HD).m4v,,Agatha Christie's Poirot S03E00 03 Million Dollar Bond (HD).m4v,,,1989,Расследования,"[""Криминал"", ""Драма"", ""Детектив""]",Великобритания,"[""Эдвард Беннет"", ""Ренни Рай"", ""Эндрю Грив""]","[""Дэвид Суше"", ""Хью Фрейзер"", ""Филип Джексон"", ""Полин Моран"", ""Дэвид Йелленд""]",,0.0,,"{""imdb"": 8.6, ""tmdb"": 8.1}",,,,,,,,,,,,,episode,9102,0,,0,,,
9106,ДИСК 12,R:\сериалы\Agatha Christie's Poirot\Season 3\04 Plymouth Express (HD).m4v,,Agatha Christie's Poirot S03E00 04 Plymouth Express (HD).m4v,,,1989,Расследования,"[""Криминал"", ""Драма"", ""Детектив""]",Великобритания,"[""Эдвард Беннет"", ""Ренни Рай"", ""Эндрю Грив""]","[""Дэвид Суше"", ""Хью Фрейзер"", ""Филип Джексон"", ""Полин Моран"", ""Дэвид Йелленд""]",,0.0,,"{""imdb"": 8.6, ""tmdb"": 8.1}",,,,,,,,,,,,,episode,9102,0,,0,,,
9107,ДИСК 12,R:\сериалы\Agatha Christie's Poirot\Season 3\05 Wasps Nest (HD).m4v,,Agatha Christie's Poirot S03E00 05 Wasps Nest (HD).m4v,,,1989,Расследования,"[""Криминал"", ""Драма"", ""Детектив""]",Великобритания,"[""Эдвард Беннет"", ""Ренни Рай"", ""Эндрю Грив""]","[""Дэвид Суше"", ""Хью Фрейзер"", ""Филип Джексон"", ""Полин Моран"", ""Дэвид Йелленд""]",,0.0,,"{""imdb"": 8.6, ""tmdb"": 8.1}",,,,,,,,,,,,,episode,9102,0,,0,,,
9108,ДИСК 12,R:\сериалы\Agatha Christie's Poirot\Season 3\06 Tragedy at Marsdon (HD).m4v,,Agatha Christie's Poirot S03E00 06 Tragedy at Marsdon (HD).m4v,,,1989,Расследования,"[""Криминал"", ""Драма"", ""Детектив""]",Великобритания,"[""Эдвард Беннет"", ""Ренни Рай"", ""Эндрю Грив""]","[""Дэвид Суше"", ""Хью Фрейзер"", ""Филип Джексон"", ""Полин Моран"", ""Дэвид Йелленд""]",,0.0,,"{""imdb"": 8.6, ""tmdb"": 8.1}",,,,,,,,,,,,,episode,9102,0,,0,,,
9109,ДИСК 12,R:\сериалы\Agatha Christie's Poirot\Season 3\07 Double Clue (HD).m4v,,Agatha Christie's Poirot S03E00 07 Double Clue (HD).m4v,,,1989,Расследования,"[""Криминал"", ""Драма"", ""Детектив""]",Великобритания,"[""Эдвард Беннет"", ""Ренни Рай"", ""Эндрю Грив""]","[""Дэвид Суше"", ""Хью Фрейзер"", ""Филип Джексон"", ""Полин Моран"", ""Дэвид Йелленд""]",,0.0,,"{""imdb"": 8.6, ""tmdb"": 8.1}",,,,,,,,,,,,,episode,9102,0,,0,,,
9110,ДИСК 12,R:\сериалы\Agatha Christie's Poirot\Season 3\08 Mystery of the Spanish Chest (HD).m4v,,Agatha Christie's Poirot S03E00 08 Mystery of the Spanish Chest (HD).m4v,,,1989,Расследования,"[""Криминал"", ""Драма"", ""Детектив""]",Великобритания,"[""Эдвард Беннет"", ""Ренни Рай"", ""Эндрю Грив""]","[""Дэвид Суше"", ""Хью Фрейзер"", ""Филип Джексон"", ""Полин Моран"", ""Дэвид Йелленд""]",,0.0,,"{""imdb"": 8.6, ""tmdb"": 8.1}",,,,,,,,,,,,,episode,9102,0,,0,,,
9111,ДИСК 12,R:\сериалы\Agatha Christie's Poirot\Season 3\09 Theft of Royal Ruby (HD).m4v,,Agatha Christie's Poirot S03E00 09 Theft of Royal Ruby (HD).m4v,,,1989,Расследования,"[""Криминал"", ""Драма"", ""Детектив""]",Великобритания,"[""Эдвард Беннет"", ""Ренни Рай"", ""Эндрю Грив""]","[""Дэвид Суше"", ""Хью Фрейзер"", ""Филип Джексон"", ""Полин Моран"", ""Дэвид Йелленд""]",,0.0,,"{""imdb"": 8.6, ""tmdb"": 8.1}",,,,,,,,,,,,,episode,9102,0,,0,,,
9112,ДИСК 12,R:\сериалы\Agatha Christie's Poirot\Season 3\10 Affair at the Victory Ball (HD).m4v,,Agatha Christie's Poirot S03E00 10 Affair at the Victory Ball (HD).m4v,,,1989,Расследования,"[""Криминал"", ""Драма"", ""Детектив""]",Великобритания,"[""Эдвард Беннет"", ""Ренни Рай"", ""Эндрю Грив""]","[""Дэвид Суше"", ""Хью Фрейзер"", ""Филип Джексон"", ""Полин Моран"", ""Дэвид Йелленд""]",,0.0,,"{""imdb"": 8.6, ""tmdb"": 8.1}",,,,,,,,,,,,,episode,9102,0,,0,,,
9113,ДИСК 12,R:\сериалы\Agatha Christie's Poirot\Season 3\11 Mystery of Hunter's Lodge (HD).m4v,,Agatha Christie's Poirot S03E00 11 Mystery of Hunter's Lodge (HD).m4v,,,1989,Расследования,"[""Криминал"", ""Драма"", ""Детектив""]",Великобритания,"[""Эдвард Беннет"", ""Ренни Рай"", ""Эндрю Грив""]","[""Дэвид Суше"", ""Хью Фрейзер"", ""Филип Джексон"", ""Полин Моран"", ""Дэвид Йелленд""]",,0.0,,"{""imdb"": 8.6, ""tmdb"": 8.1}",,,,,,,,,,,,,episode,9102,0,,0,,,
9114,ДИСК 12,R:\сериалы\Agatha Christie's Poirot\Season 4,,Agatha Christie's Poirot (сезон 4),,,1989,Расследования,"[""Криминал"", ""Драма"", ""Детектив""]",Великобритания,"[""Эдвард Беннет"", ""Ренни Рай"", ""Эндрю Грив""]","[""Дэвид Суше"", ""Хью Фрейзер"", ""Филип Джексон"", ""Полин Моран"", ""Дэвид Йелленд""]",,0.0,,"{""imdb"": 8.6, ""tmdb"": 8.1}",,,,,,,,,,,,,season,6355,0,,0,,,
9115,ДИСК 12,R:\сериалы\Agatha Christie's Poirot\Season 4\01 The ABC Murders (HD).m4v,,Agatha Christie's Poirot S04E00 01 The ABC Murders (HD).m4v,,,1989,Расследования,"[""Криминал"", ""Драма"", ""Детектив""]",Великобритания,"[""Эдвард Беннет"", ""Ренни Рай"", ""Эндрю Грив""]","[""Дэвид Суше"", ""Хью Фрейзер"", ""Филип Джексон"", ""Полин Моран"", ""Дэвид Йелленд""]",,0.0,,"{""imdb"": 8.6, ""tmdb"": 8.1}",,,,,,,,,,,,,episode,9114,0,,0,,,
9116,ДИСК 12,R:\сериалы\Agatha Christie's Poirot\Season 4\02 Death in the Clouds (HD).m4v,,Agatha Christie's Poirot S04E00 02 Death in the Clouds (HD).m4v,,,1989,Расследования,"[""Криминал"", ""Драма"", ""Детектив""]",Великобритания,"[""Эдвард Беннет"", ""Ренни Рай"", ""Эндрю Грив""]","[""Дэвид Суше"", ""Хью Фрейзер"", ""Филип Джексон"", ""Полин Моран"", ""Дэвид Йелленд""]",,0.0,,"{""imdb"": 8.6, ""tmdb"": 8.1}",,,,,,,,,,,,,episode,9114,0,,0,,,
9117,ДИСК 12,"R:\сериалы\Agatha Christie's Poirot\Season 4\03 One, Two, Buckle My Shoe (HD).m4v",,"Agatha Christie's Poirot S04E00 03 One, Two, Buckle My Shoe (HD).m4v",,,1989,Расследования,"[""Криминал"", ""Драма"", ""Детектив""]",Великобритания,"[""Эдвард Беннет"", ""Ренни Рай"", ""Эндрю Грив""]","[""Дэвид Суше"", ""Хью Фрейзер"", ""Филип Джексон"", ""Полин Моран"", ""Дэвид Йелленд""]",,0.0,,"{""imdb"": 8.6, ""tmdb"": 8.1}",,,,,,,,,,,,,episode,9114,0,,0,,,
9118,ДИСК 12,R:\сериалы\Agatha Christie's Poirot\Season 5,,Agatha Christie's Poirot (сезон 5),,,1989,Расследования,"[""Криминал"", ""Драма"", ""Детектив""]",Великобритания,"[""Эдвард Беннет"", ""Ренни Рай"", ""Эндрю Грив""]","[""Дэвид Суше"", ""Хью Фрейзер"", ""Филип Джексон"", ""Полин Моран"", ""Дэвид Йелленд""]",,0.0,,"{""imdb"": 8.6, ""tmdb"": 8.1}",,,,,,,,,,,,,season,6355,0,,0,,,
9119,ДИСК 12,R:\сериалы\Agatha Christie's Poirot\Season 5\01 The Adventure of the Egyptian Tomb (HD).m4v,,Agatha Christie's Poirot S05E00 01 The Adventure of the Egyptian Tomb (HD).m4v,,,1989,Расследования,"[""Криминал"", ""Драма"", ""Детектив""]",Великобритания,"[""Эдвард Беннет"", ""Ренни Рай"", ""Эндрю Грив""]","[""Дэвид Суше"", ""Хью Фрейзер"", ""Филип Джексон"", ""Полин Моран"", ""Дэвид Йелленд""]",,0.0,,"{""imdb"": 8.6, ""tmdb"": 8.1}",,,,,,,,,,,,,episode,9118,0,,0,,,
9120,ДИСК 12,R:\сериалы\Agatha Christie's Poirot\Season 5\02 The Underdog (HD).m4v,,Agatha Christie's Poirot S05E00 02 The Underdog (HD).m4v,,,1989,Расследования,"[""Криминал"", ""Драма"", ""Детектив""]",Великобритания,"[""Эдвард Беннет"", ""Ренни Рай"", ""Эндрю Грив""]","[""Дэвид Суше"", ""Хью Фрейзер"", ""Филип Джексон"", ""Полин Моран"", ""Дэвид Йелленд""]",,0.0,,"{""imdb"": 8.6, ""tmdb"": 8.1}",,,,,,,,,,,,,episode,9118,0,,0,,,
9121,ДИСК 12,R:\сериалы\Agatha Christie's Poirot\Season 5\03 Yellow Iris (HD).m4v,,Agatha Christie's Poirot S05E00 03 Yellow Iris (HD).m4v,,,1989,Расследования,"[""Криминал"", ""Драма"", ""Детектив""]",Великобритания,"[""Эдвард Беннет"", ""Ренни Рай"", ""Эндрю Грив""]","[""Дэвид Суше"", ""Хью Фрейзер"", ""Филип Джексон"", ""Полин Моран"", ""Дэвид Йелленд""]",,0.0,,"{""imdb"": 8.6, ""tmdb"": 8.1}",,,,,,,,,,,,,episode,9118,0,,0,,,
9122,ДИСК 12,R:\сериалы\Agatha Christie's Poirot\Season 5\04 The Case of the Missing Will (HD).m4v,,Agatha Christie's Poirot S05E00 04 The Case of the Missing Will (HD).m4v,,,1989,Расследования,"[""Криминал"", ""Драма"", ""Детектив""]",Великобритания,"[""Эдвард Беннет"", ""Ренни Рай"", ""Эндрю Грив""]","[""Дэвид Суше"", ""Хью Фрейзер"", ""Филип Джексон"", ""Полин Моран"", ""Дэвид Йелленд""]",,0.0,,"{""imdb"": 8.6, ""tmdb"": 8.1}",,,,,,,,,,,,,episode,9118,0,,0,,,
9123,ДИСК 12,R:\сериалы\Agatha Christie's Poirot\Season 5\05 The Adventures of the Italian Nobleman (HD).m4v,,Agatha Christie's Poirot S05E00 05 The Adventures of the Italian Nobleman (HD).m4v,,,1989,Расследования,"[""Криминал"", ""Драма"", ""Детектив""]",Великобритания,"[""Эдвард Беннет"", ""Ренни Рай"", ""Эндрю Грив""]","[""Дэвид Суше"", ""Хью Фрейзер"", ""Филип Джексон"", ""Полин Моран"", ""Дэвид Йелленд""]",,0.0,,"{""imdb"": 8.6, ""tmdb"": 8.1}",,,,,,,,,,,,,episode,9118,0,,0,,,
9124,ДИСК 12,R:\сериалы\Agatha Christie's Poirot\Season 5\06 The Chocolate Box (HD).m4v,,Agatha Christie's Poirot S05E00 06 The Chocolate Box (HD).m4v,,,1989,Расследования,"[""Криминал"", ""Драма"", ""Детектив""]",Великобритания,"[""Эдвард Беннет"", ""Ренни Рай"", ""Эндрю Грив""]","[""Дэвид Суше"", ""Хью Фрейзер"", ""Филип Джексон"", ""Полин Моран"", ""Дэвид Йелленд""]",,0.0,,"{""imdb"": 8.6, ""tmdb"": 8.1}",,,,,,,,,,,,,episode,9118,0,,0,,,
9125,ДИСК 12,R:\сериалы\Agatha Christie's Poirot\Season 5\07 Dead Man's Mirror (HD).m4v,,Agatha Christie's Poirot S05E00 07 Dead Man's Mirror (HD).m4v,,,1989,Расследования,"[""Криминал"", ""Драма"", ""Детектив""]",Великобритания,"[""Эдвард Беннет"", ""Ренни Рай"", ""Эндрю Грив""]","[""Дэвид Суше"", ""Хью Фрейзер"", ""Филип Джексон"", ""Полин Моран"", ""Дэвид Йелленд""]",,0.0,,"{""imdb"": 8.6, ""tmdb"": 8.1}",,,,,,,,,,,,,episode,9118,0,,0,,,
9126,ДИСК 12,R:\сериалы\Agatha Christie's Poirot\Season 5\08 Jewel Robbery At the Grand Metropolitan (HD).m4v,,Agatha Christie's Poirot S05E00 08 Jewel Robbery At the Grand Metropolitan (HD).m4v,,,1989,Расследования,"[""Криминал"", ""Драма"", ""Детектив""]",Великобритания,"[""Эдвард Беннет"", ""Ренни Рай"", ""Эндрю Грив""]","[""Дэвид Суше"", ""Хью Фрейзер"", ""Филип Джексон"", ""Полин Моран"", ""Дэвид Йелленд""]",,0.0,,"{""imdb"": 8.6, ""tmdb"": 8.1}",,,,,,,,,,,,,episode,9118,0,,0,,,
9127,ДИСК 12,R:\сериалы\Agatha Christie's Poirot\Season 6,,Agatha Christie's Poirot (сезон 6),,,1989,Расследования,"[""Криминал"", ""Драма"", ""Детектив""]",Великобритания,"[""Эдвард Беннет"", ""Ренни Рай"", ""Эндрю Грив""]","[""Дэвид Суше"", ""Хью Фрейзер"", ""Филип Джексон"", ""Полин Моран"", ""Дэвид Йелленд""]",,0.0,,"{""imdb"": 8.6, ""tmdb"": 8.1}",,,,,,,,,,,,,season,6355,0,,0,,,
9128,ДИСК 12,R:\сериалы\Agatha Christie's Poirot\Season 6\01 Hercule Poirot's Christmas (HD).m4v,,Agatha Christie's Poirot S06E00 01 Hercule Poirot's Christmas (HD).m4v,,,1989,Расследования,"[""Криминал"", ""Драма"", ""Детектив""]",Великобритания,"[""Эдвард Беннет"", ""Ренни Рай"", ""Эндрю Грив""]","[""Дэвид Суше"", ""Хью Фрейзер"", ""Филип Джексон"", ""Полин Моран"", ""Дэвид Йелленд""]",,0.0,,"{""imdb"": 8.6, ""tmdb"": 8.1}",,,,,,,,,,,,,episode,9127,0,,0,,,
9129,ДИСК 12,R:\сериалы\Agatha Christie's Poirot\Season 6\02 Hickory Dickory Dock (HD).m4v,,Agatha Christie's Poirot S06E00 02 Hickory Dickory Dock (HD).m4v,,,1989,Расследования,"[""Криминал"", ""Драма"", ""Детектив""]",Великобритания,"[""Эдвард Беннет"", ""Ренни Рай"", ""Эндрю Грив""]","[""Дэвид Суше"", ""Хью Фрейзер"", ""Филип Джексон"", ""Полин Моран"", ""Дэвид Йелленд""]",,0.0,,"{""imdb"": 8.6, ""tmdb"": 8.1}",,,,,,,,,,,,,episode,9127,0,,0,,,
9130,ДИСК 12,R:\сериалы\Agatha Christie's Poirot\Season 6\03 Murder On the Links (HD).m4v,,Agatha Christie's Poirot S06E00 03 Murder On the Links (HD).m4v,,,1989,Расследования,"[""Криминал"", ""Драма"", ""Детектив""]",Великобритания,"[""Эдвард Беннет"", ""Ренни Рай"", ""Эндрю Грив""]","[""Дэвид Суше"", ""Хью Фрейзер"", ""Филип Джексон"", ""Полин Моран"", ""Дэвид Йелленд""]",,0.0,,"{""imdb"": 8.6, ""tmdb"": 8.1}",,,,,,,,,,,,,episode,9127,0,,0,,,
9131,ДИСК 12,R:\сериалы\Agatha Christie's Poirot\Season 6\04 Dumb Witness (HD).m4v,,Agatha Christie's Poirot S06E00 04 Dumb Witness (HD).m4v,,,1989,Расследования,"[""Криминал"", ""Драма"", ""Детектив""]",Великобритания,"[""Эдвард Беннет"", ""Ренни Рай"", ""Эндрю Грив""]","[""Дэвид Суше"", ""Хью Фрейзер"", ""Филип Джексон"", ""Полин Моран"", ""Дэвид Йелленд""]",,0.0,,"{""imdb"": 8.6, ""tmdb"": 8.1}",,,,,,,,,,,,,episode,9127,0,,0,,,
9132,ДИСК 12,R:\сериалы\Agatha Christie's Poirot\Season 7,,Agatha Christie's Poirot (сезон 7),,,1989,Расследования,"[""Криминал"", ""Драма"", ""Детектив""]",Великобритания,"[""Эдвард Беннет"", ""Ренни Рай"", ""Эндрю Грив""]","[""Дэвид Суше"", ""Хью Фрейзер"", ""Филип Джексон"", ""Полин Моран"", ""Дэвид Йелленд""]",,0.0,,"{""imdb"": 8.6, ""tmdb"": 8.1}",,,,,,,,,,,,,season,6355,0,,0,,,
9133,ДИСК 12,R:\сериалы\Agatha Christie's Poirot\Season 7\01 The Murder of Roger Ackroyd (HD).m4v,,Agatha Christie's Poirot S07E00 01 The Murder of Roger Ackroyd (HD).m4v,,,1989,Расследования,"[""Криминал"", ""Драма"", ""Детектив""]",Великобритания,"[""Эдвард Беннет"", ""Ренни Рай"", ""Эндрю Грив""]","[""Дэвид Суше"", ""Хью Фрейзер"", ""Филип Джексон"", ""Полин Моран"", ""Дэвид Йелленд""]",,0.0,,"{""imdb"": 8.6, ""tmdb"": 8.1}",,,,,,,,,,,,,episode,9132,0,,0,,,
9134,ДИСК 12,R:\сериалы\Agatha Christie's Poirot\Season 7\02 Lord Edgware Dies (HD).m4v,,Agatha Christie's Poirot S07E00 02 Lord Edgware Dies (HD).m4v,,,1989,Расследования,"[""Криминал"", ""Драма"", ""Детектив""]",Великобритания,"[""Эдвард Беннет"", ""Ренни Рай"", ""Эндрю Грив""]","[""Дэвид Суше"", ""Хью Фрейзер"", ""Филип Джексон"", ""Полин Моран"", ""Дэвид Йелленд""]",,0.0,,"{""imdb"": 8.6, ""tmdb"": 8.1}",,,,,,,,,,,,,episode,9132,0,,0,,,
9135,ДИСК 12,R:\сериалы\Agatha Christie's Poirot\Season 8,,Agatha Christie's Poirot (сезон 8),,,1989,Расследования,"[""Криминал"", ""Драма"", ""Детектив""]",Великобритания,"[""Эдвард Беннет"", ""Ренни Рай"", ""Эндрю Грив""]","[""Дэвид Суше"", ""Хью Фрейзер"", ""Филип Джексон"", ""Полин Моран"", ""Дэвид Йелленд""]",,0.0,,"{""imdb"": 8.6, ""tmdb"": 8.1}",,,,,,,,,,,,,season,6355,0,,0,,,
9136,ДИСК 12,R:\сериалы\Agatha Christie's Poirot\Season 8\01 Evil Under the Sun (HD).m4v,,Agatha Christie's Poirot S08E00 01 Evil Under the Sun (HD).m4v,,,1989,Расследования,"[""Криминал"", ""Драма"", ""Детектив""]",Великобритания,"[""Эдвард Беннет"", ""Ренни Рай"", ""Эндрю Грив""]","[""Дэвид Суше"", ""Хью Фрейзер"", ""Филип Джексон"", ""Полин Моран"", ""Дэвид Йелленд""]",,0.0,,"{""imdb"": 8.6, ""tmdb"": 8.1}",,,,,,,,,,,,,episode,9135,0,,0,,,
9137,ДИСК 12,R:\сериалы\Agatha Christie's Poirot\Season 8\02 Murder In Mesopotamia (HD).m4v,,Agatha Christie's Poirot S08E00 02 Murder In Mesopotamia (HD).m4v,,,1989,Расследования,"[""Криминал"", ""Драма"", ""Детектив""]",Великобритания,"[""Эдвард Беннет"", ""Ренни Рай"", ""Эндрю Грив""]","[""Дэвид Суше"", ""Хью Фрейзер"", ""Филип Джексон"", ""Полин Моран"", ""Дэвид Йелленд""]",,0.0,,"{""imdb"": 8.6, ""tmdb"": 8.1}",,,,,,,,,,,,,episode,9135,0,,0,,,
9138,ДИСК 12,R:\сериалы\Agatha Christie's Poirot\Season 9,,Agatha Christie's Poirot (сезон 9),,,1989,Расследования,"[""Криминал"", ""Драма"", ""Детектив""]",Великобритания,"[""Эдвард Беннет"", ""Ренни Рай"", ""Эндрю Грив""]","[""Дэвид Суше"", ""Хью Фрейзер"", ""Филип Джексон"", ""Полин Моран"", ""Дэвид Йелленд""]",,0.0,,"{""imdb"": 8.6, ""tmdb"": 8.1}",,,,,,,,,,,,,season,6355,0,,0,,,
9139,ДИСК 12,R:\сериалы\Agatha Christie's Poirot\Season 9\01 Five Little Pigs (HD).m4v,,Agatha Christie's Poirot S09E00 01 Five Little Pigs (HD).m4v,,,1989,Расследования,"[""Криминал"", ""Драма"", ""Детектив""]",Великобритания,"[""Эдвард Беннет"", ""Ренни Рай"", ""Эндрю Грив""]","[""Дэвид Суше"", ""Хью Фрейзер"", ""Филип Джексон"", ""Полин Моран"", ""Дэвид Йелленд""]",,0.0,,"{""imdb"": 8.6, ""tmdb"": 8.1}",,,,,,,,,,,,,episode,9138,0,,0,,,
9140,ДИСК 12,R:\сериалы\Agatha Christie's Poirot\Season 9\02 Sad Cypress (HD).m4v,,Agatha Christie's Poirot S09E00 02 Sad Cypress (HD).m4v,,,1989,Расследования,"[""Криминал"", ""Драма"", ""Детектив""]",Великобритания,"[""Эдвард Беннет"", ""Ренни Рай"", ""Эндрю Грив""]","[""Дэвид Суше"", ""Хью Фрейзер"", ""Филип Джексон"", ""Полин Моран"", ""Дэвид Йелленд""]",,0.0,,"{""imdb"": 8.6, ""tmdb"": 8.1}",,,,,,,,,,,,,episode,9138,0,,0,,,
9141,ДИСК 12,R:\сериалы\Agatha Christie's Poirot\Season 9\03 Death On the Nile (HD).m4v,,Agatha Christie's Poirot S09E00 03 Death On the Nile (HD).m4v,,,1989,Расследования,"[""Криминал"", ""Драма"", ""Детектив""]",Великобритания,"[""Эдвард Беннет"", ""Ренни Рай"", ""Эндрю Грив""]","[""Дэвид Суше"", ""Хью Фрейзер"", ""Филип Джексон"", ""Полин Моран"", ""Дэвид Йелленд""]",,0.0,,"{""imdb"": 8.6, ""tmdb"": 8.1}",,,,,,,,,,,,,episode,9138,0,,0,,,
9142,ДИСК 12,R:\сериалы\Agatha Christie's Poirot\Season 9\04 The Hollow (HD).m4v,,Agatha Christie's Poirot S09E00 04 The Hollow (HD).m4v,,,1989,Расследования,"[""Криминал"", ""Драма"", ""Детектив""]",Великобритания,"[""Эдвард Беннет"", ""Ренни Рай"", ""Эндрю Грив""]","[""Дэвид Суше"", ""Хью Фрейзер"", ""Филип Джексон"", ""Полин Моран"", ""Дэвид Йелленд""]",,0.0,,"{""imdb"": 8.6, ""tmdb"": 8.1}",,,,,,,,,,,,,episode,9138,0,,0,,,
9143,ДИСК 12,R:\сериалы\Babylon.Berlin\Babylon Berlin. Season 1 (WEBRip l 720p l Jaskier),,Babylon.Berlin (сезон 1),,,2017,Расследования,"[""Драма"", ""Криминал"", ""Детектив""]",Германия,"[""Том Тыквер"", ""Ахим фон Боррис"", ""Хендрик Хандлёгтен""]","[""Фолькер Брух"", ""Лив Лиза Фрис"", ""Петер Курт"", ""Маттиас Брандт"", ""Леони Бенеш""]",,0.0,,"{""imdb"": 8.4, ""tmdb"": 8.1}",,,,,,,,,,,,,season,6356,0,,0,,,
9144,ДИСК 12,R:\сериалы\Babylon.Berlin\Babylon Berlin. Season 1 (WEBRip l 720p l Jaskier)\Babylon.Berlin.S01E01.720p.NF.DD5.1.x264-Jaskier.mkv,,Babylon.Berlin S01E00 Babylon.Berlin.S01E01.720p.NF.DD5.1.x264-Jaskier.mkv,,,2017,Расследования,"[""Драма"", ""Криминал"", ""Детектив""]",Германия,"[""Том Тыквер"", ""Ахим фон Боррис"", ""Хендрик Хандлёгтен""]","[""Фолькер Брух"", ""Лив Лиза Фрис"", ""Петер Курт"", ""Маттиас Брандт"", ""Леони Бенеш""]",,0.0,,"{""imdb"": 8.4, ""tmdb"": 8.1}",,,,,,,,,,,,,episode,9143,0,,0,,,
9145,ДИСК 12,R:\сериалы\Babylon.Berlin\Babylon Berlin. Season 1 (WEBRip l 720p l Jaskier)\Babylon.Berlin.S01E02.720p.NF.DD5.1.x264-Jaskier.mkv,,Babylon.Berlin S01E00 Babylon.Berlin.S01E02.720p.NF.DD5.1.x264-Jaskier.mkv,,,2017,Расследования,"[""Драма"", ""Криминал"", ""Детектив""]",Германия,"[""Том Тыквер"", ""Ахим фон Боррис"", ""Хендрик Хандлёгтен""]","[""Фолькер Брух"", ""Лив Лиза Фрис"", ""Петер Курт"", ""Маттиас Брандт"", ""Леони Бенеш""]",,0.0,,"{""imdb"": 8.4, ""tmdb"": 8.1}",,,,,,,,,,,,,episode,9143,0,,0,,,
9146,ДИСК 12,R:\сериалы\Babylon.Berlin\Babylon Berlin. Season 1 (WEBRip l 720p l Jaskier)\Babylon.Berlin.S01E03.720p.NF.DD5.1.x264-Jaskier.mkv,,Babylon.Berlin S01E00 Babylon.Berlin.S01E03.720p.NF.DD5.1.x264-Jaskier.mkv,,,2017,Расследования,"[""Драма"", ""Криминал"", ""Детектив""]",Германия,"[""Том Тыквер"", ""Ахим фон Боррис"", ""Хендрик Хандлёгтен""]","[""Фолькер Брух"", ""Лив Лиза Фрис"", ""Петер Курт"", ""Маттиас Брандт"", ""Леони Бенеш""]",,0.0,,"{""imdb"": 8.4, ""tmdb"": 8.1}",,,,,,,,,,,,,episode,9143,0,,0,,,
9147,ДИСК 12,R:\сериалы\Babylon.Berlin\Babylon Berlin. Season 1 (WEBRip l 720p l Jaskier)\Babylon.Berlin.S01E04.720p.NF.DD5.1.x264-Jaskier.mkv,,Babylon.Berlin S01E00 Babylon.Berlin.S01E04.720p.NF.DD5.1.x264-Jaskier.mkv,,,2017,Расследования,"[""Драма"", ""Криминал"", ""Детектив""]",Германия,"[""Том Тыквер"", ""Ахим фон Боррис"", ""Хендрик Хандлёгтен""]","[""Фолькер Брух"", ""Лив Лиза Фрис"", ""Петер Курт"", ""Маттиас Брандт"", ""Леони Бенеш""]",,0.0,,"{""imdb"": 8.4, ""tmdb"": 8.1}",,,,,,,,,,,,,episode,9143,0,,0,,,
9148,ДИСК 12,R:\сериалы\Babylon.Berlin\Babylon Berlin. Season 1 (WEBRip l 720p l Jaskier)\Babylon.Berlin.S01E05.720p.NF.DD5.1.x264-Jaskier.mkv,,Babylon.Berlin S01E00 Babylon.Berlin.S01E05.720p.NF.DD5.1.x264-Jaskier.mkv,,,2017,Расследования,"[""Драма"", ""Криминал"", ""Детектив""]",Германия,"[""Том Тыквер"", ""Ахим фон Боррис"", ""Хендрик Хандлёгтен""]","[""Фолькер Брух"", ""Лив Лиза Фрис"", ""Петер Курт"", ""Маттиас Брандт"", ""Леони Бенеш""]",,0.0,,"{""imdb"": 8.4, ""tmdb"": 8.1}",,,,,,,,,,,,,episode,9143,0,,0,,,
9149,ДИСК 12,R:\сериалы\Babylon.Berlin\Babylon Berlin. Season 1 (WEBRip l 720p l Jaskier)\Babylon.Berlin.S01E06.720p.NF.DD5.1.x264-Jaskier.mkv,,Babylon.Berlin S01E00 Babylon.Berlin.S01E06.720p.NF.DD5.1.x264-Jaskier.mkv,,,2017,Расследования,"[""Драма"", ""Криминал"", ""Детектив""]",Германия,"[""Том Тыквер"", ""Ахим фон Боррис"", ""Хендрик Хандлёгтен""]","[""Фолькер Брух"", ""Лив Лиза Фрис"", ""Петер Курт"", ""Маттиас Брандт"", ""Леони Бенеш""]",,0.0,,"{""imdb"": 8.4, ""tmdb"": 8.1}",,,,,,,,,,,,,episode,9143,0,,0,,,
9150,ДИСК 12,R:\сериалы\Babylon.Berlin\Babylon Berlin. Season 1 (WEBRip l 720p l Jaskier)\Babylon.Berlin.S01E07.720p.NF.DD5.1.x264-Jaskier.mkv,,Babylon.Berlin S01E00 Babylon.Berlin.S01E07.720p.NF.DD5.1.x264-Jaskier.mkv,,,2017,Расследования,"[""Драма"", ""Криминал"", ""Детектив""]",Германия,"[""Том Тыквер"", ""Ахим фон Боррис"", ""Хендрик Хандлёгтен""]","[""Фолькер Брух"", ""Лив Лиза Фрис"", ""Петер Курт"", ""Маттиас Брандт"", ""Леони Бенеш""]",,0.0,,"{""imdb"": 8.4, ""tmdb"": 8.1}",,,,,,,,,,,,,episode,9143,0,,0,,,
9151,ДИСК 12,R:\сериалы\Babylon.Berlin\Babylon Berlin. Season 1 (WEBRip l 720p l Jaskier)\Babylon.Berlin.S01E08.720p.NF.DD5.1.x264-Jaskier.mkv,,Babylon.Berlin S01E00 Babylon.Berlin.S01E08.720p.NF.DD5.1.x264-Jaskier.mkv,,,2017,Расследования,"[""Драма"", ""Криминал"", ""Детектив""]",Германия,"[""Том Тыквер"", ""Ахим фон Боррис"", ""Хендрик Хандлёгтен""]","[""Фолькер Брух"", ""Лив Лиза Фрис"", ""Петер Курт"", ""Маттиас Брандт"", ""Леони Бенеш""]",,0.0,,"{""imdb"": 8.4, ""tmdb"": 8.1}",,,,,,,,,,,,,episode,9143,0,,0,,,
9152,ДИСК 12,R:\сериалы\Mad Men\Season 1,,Mad Men (сезон 1),,,2007,Деньги / Корпорации / Deep State,"[""Драма""]",США,"[""Мэттью Вайнер""]","[""Джон Хэмм"", ""Элизабет Мосс"", ""Винсент Картайзер"", ""Дженьюэри Джонс"", ""Кристина Хендрикс""]",,0.0,,"{""imdb"": 8.7, ""tmdb"": 8.3}",,,,,,,,,,,,,season,6358,0,,0,,,
9153,ДИСК 12,R:\сериалы\Mad Men\Season 1\Mad.Men.s01e01.avi,,Mad Men S01E00 Mad.Men.s01e01.avi,,,2007,Деньги / Корпорации / Deep State,"[""Драма""]",США,"[""Мэттью Вайнер""]","[""Джон Хэмм"", ""Элизабет Мосс"", ""Винсент Картайзер"", ""Дженьюэри Джонс"", ""Кристина Хендрикс""]",,0.0,,"{""imdb"": 8.7, ""tmdb"": 8.3}",,,,,,,,,,,,,episode,9152,0,,0,,,
9154,ДИСК 12,R:\сериалы\Mad Men\Season 1\Mad.Men.s01e02.avi,,Mad Men S01E00 Mad.Men.s01e02.avi,,,2007,Деньги / Корпорации / Deep State,"[""Драма""]",США,"[""Мэттью Вайнер""]","[""Джон Хэмм"", ""Элизабет Мосс"", ""Винсент Картайзер"", ""Дженьюэри Джонс"", ""Кристина Хендрикс""]",,0.0,,"{""imdb"": 8.7, ""tmdb"": 8.3}",,,,,,,,,,,,,episode,9152,0,,0,,,
9155,ДИСК 12,R:\сериалы\Mad Men\Season 1\Mad.Men.s01e03.avi,,Mad Men S01E00 Mad.Men.s01e03.avi,,,2007,Деньги / Корпорации / Deep State,"[""Драма""]",США,"[""Мэттью Вайнер""]","[""Джон Хэмм"", ""Элизабет Мосс"", ""Винсент Картайзер"", ""Дженьюэри Джонс"", ""Кристина Хендрикс""]",,0.0,,"{""imdb"": 8.7, ""tmdb"": 8.3}",,,,,,,,,,,,,episode,9152,0,,0,,,
9156,ДИСК 12,R:\сериалы\Mad Men\Season 1\Mad.Men.s01e04.avi,,Mad Men S01E00 Mad.Men.s01e04.avi,,,2007,Деньги / Корпорации / Deep State,"[""Драма""]",США,"[""Мэттью Вайнер""]","[""Джон Хэмм"", ""Элизабет Мосс"", ""Винсент Картайзер"", ""Дженьюэри Джонс"", ""Кристина Хендрикс""]",,0.0,,"{""imdb"": 8.7, ""tmdb"": 8.3}",,,,,,,,,,,,,episode,9152,0,,0,,,
9157,ДИСК 12,R:\сериалы\Mad Men\Season 1\Mad.Men.s01e05.avi,,Mad Men S01E00 Mad.Men.s01e05.avi,,,2007,Деньги / Корпорации / Deep State,"[""Драма""]",США,"[""Мэттью Вайнер""]","[""Джон Хэмм"", ""Элизабет Мосс"", ""Винсент Картайзер"", ""Дженьюэри Джонс"", ""Кристина Хендрикс""]",,0.0,,"{""imdb"": 8.7, ""tmdb"": 8.3}",,,,,,,,,,,,,episode,9152,0,,0,,,
9158,ДИСК 12,R:\сериалы\Mad Men\Season 1\Mad.Men.s01e06.avi,,Mad Men S01E00 Mad.Men.s01e06.avi,,,2007,Деньги / Корпорации / Deep State,"[""Драма""]",США,"[""Мэттью Вайнер""]","[""Джон Хэмм"", ""Элизабет Мосс"", ""Винсент Картайзер"", ""Дженьюэри Джонс"", ""Кристина Хендрикс""]",,0.0,,"{""imdb"": 8.7, ""tmdb"": 8.3}",,,,,,,,,,,,,episode,9152,0,,0,,,
9159,ДИСК 12,R:\сериалы\Mad Men\Season 1\Mad.Men.s01e07.avi,,Mad Men S01E00 Mad.Men.s01e07.avi,,,2007,Деньги / Корпорации / Deep State,"[""Драма""]",США,"[""Мэттью Вайнер""]","[""Джон Хэмм"", ""Элизабет Мосс"", ""Винсент Картайзер"", ""Дженьюэри Джонс"", ""Кристина Хендрикс""]",,0.0,,"{""imdb"": 8.7, ""tmdb"": 8.3}",,,,,,,,,,,,,episode,9152,0,,0,,,
9160,ДИСК 12,R:\сериалы\Mad Men\Season 1\Mad.Men.s01e08.avi,,Mad Men S01E00 Mad.Men.s01e08.avi,,,2007,Деньги / Корпорации / Deep State,"[""Драма""]",США,"[""Мэттью Вайнер""]","[""Джон Хэмм"", ""Элизабет Мосс"", ""Винсент Картайзер"", ""Дженьюэри Джонс"", ""Кристина Хендрикс""]",,0.0,,"{""imdb"": 8.7, ""tmdb"": 8.3}",,,,,,,,,,,,,episode,9152,0,,0,,,
9161,ДИСК 12,R:\сериалы\Mad Men\Season 1\Mad.Men.s01e09.avi,,Mad Men S01E00 Mad.Men.s01e09.avi,,,2007,Деньги / Корпорации / Deep State,"[""Драма""]",США,"[""Мэттью Вайнер""]","[""Джон Хэмм"", ""Элизабет Мосс"", ""Винсент Картайзер"", ""Дженьюэри Джонс"", ""Кристина Хендрикс""]",,0.0,,"{""imdb"": 8.7, ""tmdb"": 8.3}",,,,,,,,,,,,,episode,9152,0,,0,,,
9162,ДИСК 12,R:\сериалы\Mad Men\Season 1\Mad.Men.s01e10.avi,,Mad Men S01E00 Mad.Men.s01e10.avi,,,2007,Деньги / Корпорации / Deep State,"[""Драма""]",США,"[""Мэттью Вайнер""]","[""Джон Хэмм"", ""Элизабет Мосс"", ""Винсент Картайзер"", ""Дженьюэри Джонс"", ""Кристина Хендрикс""]",,0.0,,"{""imdb"": 8.7, ""tmdb"": 8.3}",,,,,,,,,,,,,episode,9152,0,,0,,,
9163,ДИСК 12,R:\сериалы\Mad Men\Season 1\Mad.Men.s01e11.avi,,Mad Men S01E00 Mad.Men.s01e11.avi,,,2007,Деньги / Корпорации / Deep State,"[""Драма""]",США,"[""Мэттью Вайнер""]","[""Джон Хэмм"", ""Элизабет Мосс"", ""Винсент Картайзер"", ""Дженьюэри Джонс"", ""Кристина Хендрикс""]",,0.0,,"{""imdb"": 8.7, ""tmdb"": 8.3}",,,,,,,,,,,,,episode,9152,0,,0,,,
9164,ДИСК 12,R:\сериалы\Mad Men\Season 1\Mad.Men.s01e12.avi,,Mad Men S01E00 Mad.Men.s01e12.avi,,,2007,Деньги / Корпорации / Deep State,"[""Драма""]",США,"[""Мэттью Вайнер""]","[""Джон Хэмм"", ""Элизабет Мосс"", ""Винсент Картайзер"", ""Дженьюэри Джонс"", ""Кристина Хендрикс""]",,0.0,,"{""imdb"": 8.7, ""tmdb"": 8.3}",,,,,,,,,,,,,episode,9152,0,,0,,,
9165,ДИСК 12,R:\сериалы\Mad Men\Season 1\Mad.Men.s01e13.avi,,Mad Men S01E00 Mad.Men.s01e13.avi,,,2007,Деньги / Корпорации / Deep State,"[""Драма""]",США,"[""Мэттью Вайнер""]","[""Джон Хэмм"", ""Элизабет Мосс"", ""Винсент Картайзер"", ""Дженьюэри Джонс"", ""Кристина Хендрикс""]",,0.0,,"{""imdb"": 8.7, ""tmdb"": 8.3}",,,,,,,,,,,,,episode,9152,0,,0,,,
9166,ДИСК 12,R:\сериалы\Mad Men\Season 2,,Mad Men (сезон 2),,,2007,Деньги / Корпорации / Deep State,"[""Драма""]",США,"[""Мэттью Вайнер""]","[""Джон Хэмм"", ""Элизабет Мосс"", ""Винсент Картайзер"", ""Дженьюэри Джонс"", ""Кристина Хендрикс""]",,0.0,,"{""imdb"": 8.7, ""tmdb"": 8.3}",,,,,,,,,,,,,season,6358,0,,0,,,
9167,ДИСК 12,R:\сериалы\Mad Men\Season 2\Mad.Men.s02e01.avi,,Mad Men S02E00 Mad.Men.s02e01.avi,,,2007,Деньги / Корпорации / Deep State,"[""Драма""]",США,"[""Мэттью Вайнер""]","[""Джон Хэмм"", ""Элизабет Мосс"", ""Винсент Картайзер"", ""Дженьюэри Джонс"", ""Кристина Хендрикс""]",,0.0,,"{""imdb"": 8.7, ""tmdb"": 8.3}",,,,,,,,,,,,,episode,9166,0,,0,,,
9168,ДИСК 12,R:\сериалы\Mad Men\Season 2\Mad.Men.s02e02.avi,,Mad Men S02E00 Mad.Men.s02e02.avi,,,2007,Деньги / Корпорации / Deep State,"[""Драма""]",США,"[""Мэттью Вайнер""]","[""Джон Хэмм"", ""Элизабет Мосс"", ""Винсент Картайзер"", ""Дженьюэри Джонс"", ""Кристина Хендрикс""]",,0.0,,"{""imdb"": 8.7, ""tmdb"": 8.3}",,,,,,,,,,,,,episode,9166,0,,0,,,
9169,ДИСК 12,R:\сериалы\Mad Men\Season 2\Mad.Men.s02e03.avi,,Mad Men S02E00 Mad.Men.s02e03.avi,,,2007,Деньги / Корпорации / Deep State,"[""Драма""]",США,"[""Мэттью Вайнер""]","[""Джон Хэмм"", ""Элизабет Мосс"", ""Винсент Картайзер"", ""Дженьюэри Джонс"", ""Кристина Хендрикс""]",,0.0,,"{""imdb"": 8.7, ""tmdb"": 8.3}",,,,,,,,,,,,,episode,9166,0,,0,,,
9170,ДИСК 12,R:\сериалы\Mad Men\Season 2\Mad.Men.s02e04.avi,,Mad Men S02E00 Mad.Men.s02e04.avi,,,2007,Деньги / Корпорации / Deep State,"[""Драма""]",США,"[""Мэттью Вайнер""]","[""Джон Хэмм"", ""Элизабет Мосс"", ""Винсент Картайзер"", ""Дженьюэри Джонс"", ""Кристина Хендрикс""]",,0.0,,"{""imdb"": 8.7, ""tmdb"": 8.3}",,,,,,,,,,,,,episode,9166,0,,0,,,
9171,ДИСК 12,R:\сериалы\Mad Men\Season 2\Mad.Men.s02e05.avi,,Mad Men S02E00 Mad.Men.s02e05.avi,,,2007,Деньги / Корпорации / Deep State,"[""Драма""]",США,"[""Мэттью Вайнер""]","[""Джон Хэмм"", ""Элизабет Мосс"", ""Винсент Картайзер"", ""Дженьюэри Джонс"", ""Кристина Хендрикс""]",,0.0,,"{""imdb"": 8.7, ""tmdb"": 8.3}",,,,,,,,,,,,,episode,9166,0,,0,,,
9172,ДИСК 12,R:\сериалы\Mad Men\Season 2\Mad.Men.s02e06.avi,,Mad Men S02E00 Mad.Men.s02e06.avi,,,2007,Деньги / Корпорации / Deep State,"[""Драма""]",США,"[""Мэттью Вайнер""]","[""Джон Хэмм"", ""Элизабет Мосс"", ""Винсент Картайзер"", ""Дженьюэри Джонс"", ""Кристина Хендрикс""]",,0.0,,"{""imdb"": 8.7, ""tmdb"": 8.3}",,,,,,,,,,,,,episode,9166,0,,0,,,
9173,ДИСК 12,R:\сериалы\Mad Men\Season 2\Mad.Men.s02e07.avi,,Mad Men S02E00 Mad.Men.s02e07.avi,,,2007,Деньги / Корпорации / Deep State,"[""Драма""]",США,"[""Мэттью Вайнер""]","[""Джон Хэмм"", ""Элизабет Мосс"", ""Винсент Картайзер"", ""Дженьюэри Джонс"", ""Кристина Хендрикс""]",,0.0,,"{""imdb"": 8.7, ""tmdb"": 8.3}",,,,,,,,,,,,,episode,9166,0,,0,,,
9174,ДИСК 12,R:\сериалы\Mad Men\Season 2\Mad.Men.s02e08.avi,,Mad Men S02E00 Mad.Men.s02e08.avi,,,2007,Деньги / Корпорации / Deep State,"[""Драма""]",США,"[""Мэттью Вайнер""]","[""Джон Хэмм"", ""Элизабет Мосс"", ""Винсент Картайзер"", ""Дженьюэри Джонс"", ""Кристина Хендрикс""]",,0.0,,"{""imdb"": 8.7, ""tmdb"": 8.3}",,,,,,,,,,,,,episode,9166,0,,0,,,
9175,ДИСК 12,R:\сериалы\Mad Men\Season 2\Mad.Men.s02e09.avi,,Mad Men S02E00 Mad.Men.s02e09.avi,,,2007,Деньги / Корпорации / Deep State,"[""Драма""]",США,"[""Мэттью Вайнер""]","[""Джон Хэмм"", ""Элизабет Мосс"", ""Винсент Картайзер"", ""Дженьюэри Джонс"", ""Кристина Хендрикс""]",,0.0,,"{""imdb"": 8.7, ""tmdb"": 8.3}",,,,,,,,,,,,,episode,9166,0,,0,,,
9176,ДИСК 12,R:\сериалы\Mad Men\Season 2\Mad.Men.s02e10.avi,,Mad Men S02E00 Mad.Men.s02e10.avi,,,2007,Деньги / Корпорации / Deep State,"[""Драма""]",США,"[""Мэттью Вайнер""]","[""Джон Хэмм"", ""Элизабет Мосс"", ""Винсент Картайзер"", ""Дженьюэри Джонс"", ""Кристина Хендрикс""]",,0.0,,"{""imdb"": 8.7, ""tmdb"": 8.3}",,,,,,,,,,,,,episode,9166,0,,0,,,
9177,ДИСК 12,R:\сериалы\Mad Men\Season 2\Mad.Men.s02e11.avi,,Mad Men S02E00 Mad.Men.s02e11.avi,,,2007,Деньги / Корпорации / Deep State,"[""Драма""]",США,"[""Мэттью Вайнер""]","[""Джон Хэмм"", ""Элизабет Мосс"", ""Винсент Картайзер"", ""Дженьюэри Джонс"", ""Кристина Хендрикс""]",,0.0,,"{""imdb"": 8.7, ""tmdb"": 8.3}",,,,,,,,,,,,,episode,9166,0,,0,,,
9178,ДИСК 12,R:\сериалы\Mad Men\Season 2\Mad.Men.s02e12.avi,,Mad Men S02E00 Mad.Men.s02e12.avi,,,2007,Деньги / Корпорации / Deep State,"[""Драма""]",США,"[""Мэттью Вайнер""]","[""Джон Хэмм"", ""Элизабет Мосс"", ""Винсент Картайзер"", ""Дженьюэри Джонс"", ""Кристина Хендрикс""]",,0.0,,"{""imdb"": 8.7, ""tmdb"": 8.3}",,,,,,,,,,,,,episode,9166,0,,0,,,
9179,ДИСК 12,R:\сериалы\Mad Men\Season 2\Mad.Men.s02e13.avi,,Mad Men S02E00 Mad.Men.s02e13.avi,,,2007,Деньги / Корпорации / Deep State,"[""Драма""]",США,"[""Мэттью Вайнер""]","[""Джон Хэмм"", ""Элизабет Мосс"", ""Винсент Картайзер"", ""Дженьюэри Джонс"", ""Кристина Хендрикс""]",,0.0,,"{""imdb"": 8.7, ""tmdb"": 8.3}",,,,,,,,,,,,,episode,9166,0,,0,,,
9180,ДИСК 12,R:\сериалы\Mad Men\Season 3,,Mad Men (сезон 3),,,2007,Деньги / Корпорации / Deep State,"[""Драма""]",США,"[""Мэттью Вайнер""]","[""Джон Хэмм"", ""Элизабет Мосс"", ""Винсент Картайзер"", ""Дженьюэри Джонс"", ""Кристина Хендрикс""]",,0.0,,"{""imdb"": 8.7, ""tmdb"": 8.3}",,,,,,,,,,,,,season,6358,0,,0,,,
9181,ДИСК 12,R:\сериалы\Mad Men\Season 3\Mad.Men.s03e01.avi,,Mad Men S03E00 Mad.Men.s03e01.avi,,,2007,Деньги / Корпорации / Deep State,"[""Драма""]",США,"[""Мэттью Вайнер""]","[""Джон Хэмм"", ""Элизабет Мосс"", ""Винсент Картайзер"", ""Дженьюэри Джонс"", ""Кристина Хендрикс""]",,0.0,,"{""imdb"": 8.7, ""tmdb"": 8.3}",,,,,,,,,,,,,episode,9180,0,,0,,,
9182,ДИСК 12,R:\сериалы\Mad Men\Season 3\Mad.Men.s03e02.avi,,Mad Men S03E00 Mad.Men.s03e02.avi,,,2007,Деньги / Корпорации / Deep State,"[""Драма""]",США,"[""Мэттью Вайнер""]","[""Джон Хэмм"", ""Элизабет Мосс"", ""Винсент Картайзер"", ""Дженьюэри Джонс"", ""Кристина Хендрикс""]",,0.0,,"{""imdb"": 8.7, ""tmdb"": 8.3}",,,,,,,,,,,,,episode,9180,0,,0,,,
9183,ДИСК 12,R:\сериалы\Mad Men\Season 3\Mad.Men.s03e03.avi,,Mad Men S03E00 Mad.Men.s03e03.avi,,,2007,Деньги / Корпорации / Deep State,"[""Драма""]",США,"[""Мэттью Вайнер""]","[""Джон Хэмм"", ""Элизабет Мосс"", ""Винсент Картайзер"", ""Дженьюэри Джонс"", ""Кристина Хендрикс""]",,0.0,,"{""imdb"": 8.7, ""tmdb"": 8.3}",,,,,,,,,,,,,episode,9180,0,,0,,,
9184,ДИСК 12,R:\сериалы\Mad Men\Season 3\Mad.Men.s03e04.avi,,Mad Men S03E00 Mad.Men.s03e04.avi,,,2007,Деньги / Корпорации / Deep State,"[""Драма""]",США,"[""Мэттью Вайнер""]","[""Джон Хэмм"", ""Элизабет Мосс"", ""Винсент Картайзер"", ""Дженьюэри Джонс"", ""Кристина Хендрикс""]",,0.0,,"{""imdb"": 8.7, ""tmdb"": 8.3}",,,,,,,,,,,,,episode,9180,0,,0,,,
9185,ДИСК 12,R:\сериалы\Mad Men\Season 3\Mad.Men.s03e05.avi,,Mad Men S03E00 Mad.Men.s03e05.avi,,,2007,Деньги / Корпорации / Deep State,"[""Драма""]",США,"[""Мэттью Вайнер""]","[""Джон Хэмм"", ""Элизабет Мосс"", ""Винсент Картайзер"", ""Дженьюэри Джонс"", ""Кристина Хендрикс""]",,0.0,,"{""imdb"": 8.7, ""tmdb"": 8.3}",,,,,,,,,,,,,episode,9180,0,,0,,,
9186,ДИСК 12,R:\сериалы\Mad Men\Season 3\Mad.Men.s03e06.avi,,Mad Men S03E00 Mad.Men.s03e06.avi,,,2007,Деньги / Корпорации / Deep State,"[""Драма""]",США,"[""Мэттью Вайнер""]","[""Джон Хэмм"", ""Элизабет Мосс"", ""Винсент Картайзер"", ""Дженьюэри Джонс"", ""Кристина Хендрикс""]",,0.0,,"{""imdb"": 8.7, ""tmdb"": 8.3}",,,,,,,,,,,,,episode,9180,0,,0,,,
9187,ДИСК 12,R:\сериалы\Mad Men\Season 3\Mad.Men.s03e07.avi,,Mad Men S03E00 Mad.Men.s03e07.avi,,,2007,Деньги / Корпорации / Deep State,"[""Драма""]",США,"[""Мэттью Вайнер""]","[""Джон Хэмм"", ""Элизабет Мосс"", ""Винсент Картайзер"", ""Дженьюэри Джонс"", ""Кристина Хендрикс""]",,0.0,,"{""imdb"": 8.7, ""tmdb"": 8.3}",,,,,,,,,,,,,episode,9180,0,,0,,,
9188,ДИСК 12,R:\сериалы\Mad Men\Season 3\Mad.Men.s03e08.avi,,Mad Men S03E00 Mad.Men.s03e08.avi,,,2007,Деньги / Корпорации / Deep State,"[""Драма""]",США,"[""Мэттью Вайнер""]","[""Джон Хэмм"", ""Элизабет Мосс"", ""Винсент Картайзер"", ""Дженьюэри Джонс"", ""Кристина Хендрикс""]",,0.0,,"{""imdb"": 8.7, ""tmdb"": 8.3}",,,,,,,,,,,,,episode,9180,0,,0,,,
9189,ДИСК 12,R:\сериалы\Mad Men\Season 3\Mad.Men.s03e09.avi,,Mad Men S03E00 Mad.Men.s03e09.avi,,,2007,Деньги / Корпорации / Deep State,"[""Драма""]",США,"[""Мэттью Вайнер""]","[""Джон Хэмм"", ""Элизабет Мосс"", ""Винсент Картайзер"", ""Дженьюэри Джонс"", ""Кристина Хендрикс""]",,0.0,,"{""imdb"": 8.7, ""tmdb"": 8.3}",,,,,,,,,,,,,episode,9180,0,,0,,,
9190,ДИСК 12,R:\сериалы\Mad Men\Season 3\Mad.Men.s03e10.avi,,Mad Men S03E00 Mad.Men.s03e10.avi,,,2007,Деньги / Корпорации / Deep State,"[""Драма""]",США,"[""Мэттью Вайнер""]","[""Джон Хэмм"", ""Элизабет Мосс"", ""Винсент Картайзер"", ""Дженьюэри Джонс"", ""Кристина Хендрикс""]",,0.0,,"{""imdb"": 8.7, ""tmdb"": 8.3}",,,,,,,,,,,,,episode,9180,0,,0,,,
9191,ДИСК 12,R:\сериалы\Mad Men\Season 3\Mad.Men.s03e11.avi,,Mad Men S03E00 Mad.Men.s03e11.avi,,,2007,Деньги / Корпорации / Deep State,"[""Драма""]",США,"[""Мэттью Вайнер""]","[""Джон Хэмм"", ""Элизабет Мосс"", ""Винсент Картайзер"", ""Дженьюэри Джонс"", ""Кристина Хендрикс""]",,0.0,,"{""imdb"": 8.7, ""tmdb"": 8.3}",,,,,,,,,,,,,episode,9180,0,,0,,,
9192,ДИСК 12,R:\сериалы\Mad Men\Season 3\Mad.Men.s03e12.avi,,Mad Men S03E00 Mad.Men.s03e12.avi,,,2007,Деньги / Корпорации / Deep State,"[""Драма""]",США,"[""Мэттью Вайнер""]","[""Джон Хэмм"", ""Элизабет Мосс"", ""Винсент Картайзер"", ""Дженьюэри Джонс"", ""Кристина Хендрикс""]",,0.0,,"{""imdb"": 8.7, ""tmdb"": 8.3}",,,,,,,,,,,,,episode,9180,0,,0,,,
9193,ДИСК 12,R:\сериалы\Mad Men\Season 3\Mad.Men.s03e13.avi,,Mad Men S03E00 Mad.Men.s03e13.avi,,,2007,Деньги / Корпорации / Deep State,"[""Драма""]",США,"[""Мэттью Вайнер""]","[""Джон Хэмм"", ""Элизабет Мосс"", ""Винсент Картайзер"", ""Дженьюэри Джонс"", ""Кристина Хендрикс""]",,0.0,,"{""imdb"": 8.7, ""tmdb"": 8.3}",,,,,,,,,,,,,episode,9180,0,,0,,,
9194,ДИСК 12,R:\сериалы\Mad Men\Season 4,,Mad Men (сезон 4),,,2007,Деньги / Корпорации / Deep State,"[""Драма""]",США,"[""Мэттью Вайнер""]","[""Джон Хэмм"", ""Элизабет Мосс"", ""Винсент Картайзер"", ""Дженьюэри Джонс"", ""Кристина Хендрикс""]",,0.0,,"{""imdb"": 8.7, ""tmdb"": 8.3}",,,,,,,,,,,,,season,6358,0,,0,,,
9195,ДИСК 12,R:\сериалы\Mad Men\Season 4\Mad.Men.s04e01.avi,,Mad Men S04E00 Mad.Men.s04e01.avi,,,2007,Деньги / Корпорации / Deep State,"[""Драма""]",США,"[""Мэттью Вайнер""]","[""Джон Хэмм"", ""Элизабет Мосс"", ""Винсент Картайзер"", ""Дженьюэри Джонс"", ""Кристина Хендрикс""]",,0.0,,"{""imdb"": 8.7, ""tmdb"": 8.3}",,,,,,,,,,,,,episode,9194,0,,0,,,
9196,ДИСК 12,R:\сериалы\Mad Men\Season 4\Mad.Men.s04e02.avi,,Mad Men S04E00 Mad.Men.s04e02.avi,,,2007,Деньги / Корпорации / Deep State,"[""Драма""]",США,"[""Мэттью Вайнер""]","[""Джон Хэмм"", ""Элизабет Мосс"", ""Винсент Картайзер"", ""Дженьюэри Джонс"", ""Кристина Хендрикс""]",,0.0,,"{""imdb"": 8.7, ""tmdb"": 8.3}",,,,,,,,,,,,,episode,9194,0,,0,,,
9197,ДИСК 12,R:\сериалы\Mad Men\Season 4\Mad.Men.s04e03.avi,,Mad Men S04E00 Mad.Men.s04e03.avi,,,2007,Деньги / Корпорации / Deep State,"[""Драма""]",США,"[""Мэттью Вайнер""]","[""Джон Хэмм"", ""Элизабет Мосс"", ""Винсент Картайзер"", ""Дженьюэри Джонс"", ""Кристина Хендрикс""]",,0.0,,"{""imdb"": 8.7, ""tmdb"": 8.3}",,,,,,,,,,,,,episode,9194,0,,0,,,
9198,ДИСК 12,R:\сериалы\Mad Men\Season 4\Mad.Men.s04e04.avi,,Mad Men S04E00 Mad.Men.s04e04.avi,,,2007,Деньги / Корпорации / Deep State,"[""Драма""]",США,"[""Мэттью Вайнер""]","[""Джон Хэмм"", ""Элизабет Мосс"", ""Винсент Картайзер"", ""Дженьюэри Джонс"", ""Кристина Хендрикс""]",,0.0,,"{""imdb"": 8.7, ""tmdb"": 8.3}",,,,,,,,,,,,,episode,9194,0,,0,,,
9199,ДИСК 12,R:\сериалы\Mad Men\Season 4\Mad.Men.s04e05.avi,,Mad Men S04E00 Mad.Men.s04e05.avi,,,2007,Деньги / Корпорации / Deep State,"[""Драма""]",США,"[""Мэттью Вайнер""]","[""Джон Хэмм"", ""Элизабет Мосс"", ""Винсент Картайзер"", ""Дженьюэри Джонс"", ""Кристина Хендрикс""]",,0.0,,"{""imdb"": 8.7, ""tmdb"": 8.3}",,,,,,,,,,,,,episode,9194,0,,0,,,
9200,ДИСК 12,R:\сериалы\Mad Men\Season 4\Mad.Men.s04e06.avi,,Mad Men S04E00 Mad.Men.s04e06.avi,,,2007,Деньги / Корпорации / Deep State,"[""Драма""]",США,"[""Мэттью Вайнер""]","[""Джон Хэмм"", ""Элизабет Мосс"", ""Винсент Картайзер"", ""Дженьюэри Джонс"", ""Кристина Хендрикс""]",,0.0,,"{""imdb"": 8.7, ""tmdb"": 8.3}",,,,,,,,,,,,,episode,9194,0,,0,,,
9201,ДИСК 12,R:\сериалы\Mad Men\Season 4\Mad.Men.s04e07.avi,,Mad Men S04E00 Mad.Men.s04e07.avi,,,2007,Деньги / Корпорации / Deep State,"[""Драма""]",США,"[""Мэттью Вайнер""]","[""Джон Хэмм"", ""Элизабет Мосс"", ""Винсент Картайзер"", ""Дженьюэри Джонс"", ""Кристина Хендрикс""]",,0.0,,"{""imdb"": 8.7, ""tmdb"": 8.3}",,,,,,,,,,,,,episode,9194,0,,0,,,
9202,ДИСК 12,R:\сериалы\Mad Men\Season 4\Mad.Men.s04e08.avi,,Mad Men S04E00 Mad.Men.s04e08.avi,,,2007,Деньги / Корпорации / Deep State,"[""Драма""]",США,"[""Мэттью Вайнер""]","[""Джон Хэмм"", ""Элизабет Мосс"", ""Винсент Картайзер"", ""Дженьюэри Джонс"", ""Кристина Хендрикс""]",,0.0,,"{""imdb"": 8.7, ""tmdb"": 8.3}",,,,,,,,,,,,,episode,9194,0,,0,,,
9203,ДИСК 12,R:\сериалы\Mad Men\Season 4\Mad.Men.s04e09.avi,,Mad Men S04E00 Mad.Men.s04e09.avi,,,2007,Деньги / Корпорации / Deep State,"[""Драма""]",США,"[""Мэттью Вайнер""]","[""Джон Хэмм"", ""Элизабет Мосс"", ""Винсент Картайзер"", ""Дженьюэри Джонс"", ""Кристина Хендрикс""]",,0.0,,"{""imdb"": 8.7, ""tmdb"": 8.3}",,,,,,,,,,,,,episode,9194,0,,0,,,
9204,ДИСК 12,R:\сериалы\Mad Men\Season 4\Mad.Men.s04e10.avi,,Mad Men S04E00 Mad.Men.s04e10.avi,,,2007,Деньги / Корпорации / Deep State,"[""Драма""]",США,"[""Мэттью Вайнер""]","[""Джон Хэмм"", ""Элизабет Мосс"", ""Винсент Картайзер"", ""Дженьюэри Джонс"", ""Кристина Хендрикс""]",,0.0,,"{""imdb"": 8.7, ""tmdb"": 8.3}",,,,,,,,,,,,,episode,9194,0,,0,,,
9205,ДИСК 12,R:\сериалы\Mad Men\Season 4\Mad.Men.s04e11.avi,,Mad Men S04E00 Mad.Men.s04e11.avi,,,2007,Деньги / Корпорации / Deep State,"[""Драма""]",США,"[""Мэттью Вайнер""]","[""Джон Хэмм"", ""Элизабет Мосс"", ""Винсент Картайзер"", ""Дженьюэри Джонс"", ""Кристина Хендрикс""]",,0.0,,"{""imdb"": 8.7, ""tmdb"": 8.3}",,,,,,,,,,,,,episode,9194,0,,0,,,
9206,ДИСК 12,R:\сериалы\Mad Men\Season 4\Mad.Men.s04e12.avi,,Mad Men S04E00 Mad.Men.s04e12.avi,,,2007,Деньги / Корпорации / Deep State,"[""Драма""]",США,"[""Мэттью Вайнер""]","[""Джон Хэмм"", ""Элизабет Мосс"", ""Винсент Картайзер"", ""Дженьюэри Джонс"", ""Кристина Хендрикс""]",,0.0,,"{""imdb"": 8.7, ""tmdb"": 8.3}",,,,,,,,,,,,,episode,9194,0,,0,,,
9207,ДИСК 12,R:\сериалы\Mad Men\Season 4\Mad.Men.s04e13.avi,,Mad Men S04E00 Mad.Men.s04e13.avi,,,2007,Деньги / Корпорации / Deep State,"[""Драма""]",США,"[""Мэттью Вайнер""]","[""Джон Хэмм"", ""Элизабет Мосс"", ""Винсент Картайзер"", ""Дженьюэри Джонс"", ""Кристина Хендрикс""]",,0.0,,"{""imdb"": 8.7, ""tmdb"": 8.3}",,,,,,,,,,,,,episode,9194,0,,0,,,
9208,ДИСК 12,R:\сериалы\Mad Men\Season 5,,Mad Men (сезон 5),,,2007,Деньги / Корпорации / Deep State,"[""Драма""]",США,"[""Мэттью Вайнер""]","[""Джон Хэмм"", ""Элизабет Мосс"", ""Винсент Картайзер"", ""Дженьюэри Джонс"", ""Кристина Хендрикс""]",,0.0,,"{""imdb"": 8.7, ""tmdb"": 8.3}",,,,,,,,,,,,,season,6358,0,,0,,,
9209,ДИСК 12,R:\сериалы\Mad Men\Season 5\Mad.Men.s05e01.avi,,Mad Men S05E00 Mad.Men.s05e01.avi,,,2007,Деньги / Корпорации / Deep State,"[""Драма""]",США,"[""Мэттью Вайнер""]","[""Джон Хэмм"", ""Элизабет Мосс"", ""Винсент Картайзер"", ""Дженьюэри Джонс"", ""Кристина Хендрикс""]",,0.0,,"{""imdb"": 8.7, ""tmdb"": 8.3}",,,,,,,,,,,,,episode,9208,0,,0,,,
9210,ДИСК 12,R:\сериалы\Mad Men\Season 5\Mad.Men.s05e02.avi,,Mad Men S05E00 Mad.Men.s05e02.avi,,,2007,Деньги / Корпорации / Deep State,"[""Драма""]",США,"[""Мэттью Вайнер""]","[""Джон Хэмм"", ""Элизабет Мосс"", ""Винсент Картайзер"", ""Дженьюэри Джонс"", ""Кристина Хендрикс""]",,0.0,,"{""imdb"": 8.7, ""tmdb"": 8.3}",,,,,,,,,,,,,episode,9208,0,,0,,,
9211,ДИСК 12,R:\сериалы\Mad Men\Season 5\Mad.Men.s05e03.avi,,Mad Men S05E00 Mad.Men.s05e03.avi,,,2007,Деньги / Корпорации / Deep State,"[""Драма""]",США,"[""Мэттью Вайнер""]","[""Джон Хэмм"", ""Элизабет Мосс"", ""Винсент Картайзер"", ""Дженьюэри Джонс"", ""Кристина Хендрикс""]",,0.0,,"{""imdb"": 8.7, ""tmdb"": 8.3}",,,,,,,,,,,,,episode,9208,0,,0,,,
9212,ДИСК 12,R:\сериалы\Mad Men\Season 5\Mad.Men.s05e04.avi,,Mad Men S05E00 Mad.Men.s05e04.avi,,,2007,Деньги / Корпорации / Deep State,"[""Драма""]",США,"[""Мэттью Вайнер""]","[""Джон Хэмм"", ""Элизабет Мосс"", ""Винсент Картайзер"", ""Дженьюэри Джонс"", ""Кристина Хендрикс""]",,0.0,,"{""imdb"": 8.7, ""tmdb"": 8.3}",,,,,,,,,,,,,episode,9208,0,,0,,,
9213,ДИСК 12,R:\сериалы\Mad Men\Season 5\Mad.Men.s05e05.avi,,Mad Men S05E00 Mad.Men.s05e05.avi,,,2007,Деньги / Корпорации / Deep State,"[""Драма""]",США,"[""Мэттью Вайнер""]","[""Джон Хэмм"", ""Элизабет Мосс"", ""Винсент Картайзер"", ""Дженьюэри Джонс"", ""Кристина Хендрикс""]",,0.0,,"{""imdb"": 8.7, ""tmdb"": 8.3}",,,,,,,,,,,,,episode,9208,0,,0,,,
9214,ДИСК 12,R:\сериалы\Mad Men\Season 5\Mad.Men.s05e06.avi,,Mad Men S05E00 Mad.Men.s05e06.avi,,,2007,Деньги / Корпорации / Deep State,"[""Драма""]",США,"[""Мэттью Вайнер""]","[""Джон Хэмм"", ""Элизабет Мосс"", ""Винсент Картайзер"", ""Дженьюэри Джонс"", ""Кристина Хендрикс""]",,0.0,,"{""imdb"": 8.7, ""tmdb"": 8.3}",,,,,,,,,,,,,episode,9208,0,,0,,,
9215,ДИСК 12,R:\сериалы\Mad Men\Season 5\Mad.Men.s05e07.avi,,Mad Men S05E00 Mad.Men.s05e07.avi,,,2007,Деньги / Корпорации / Deep State,"[""Драма""]",США,"[""Мэттью Вайнер""]","[""Джон Хэмм"", ""Элизабет Мосс"", ""Винсент Картайзер"", ""Дженьюэри Джонс"", ""Кристина Хендрикс""]",,0.0,,"{""imdb"": 8.7, ""tmdb"": 8.3}",,,,,,,,,,,,,episode,9208,0,,0,,,
9216,ДИСК 12,R:\сериалы\Mad Men\Season 5\Mad.Men.s05e08.avi,,Mad Men S05E00 Mad.Men.s05e08.avi,,,2007,Деньги / Корпорации / Deep State,"[""Драма""]",США,"[""Мэттью Вайнер""]","[""Джон Хэмм"", ""Элизабет Мосс"", ""Винсент Картайзер"", ""Дженьюэри Джонс"", ""Кристина Хендрикс""]",,0.0,,"{""imdb"": 8.7, ""tmdb"": 8.3}",,,,,,,,,,,,,episode,9208,0,,0,,,
9217,ДИСК 12,R:\сериалы\Mad Men\Season 5\Mad.Men.s05e09.avi,,Mad Men S05E00 Mad.Men.s05e09.avi,,,2007,Деньги / Корпорации / Deep State,"[""Драма""]",США,"[""Мэттью Вайнер""]","[""Джон Хэмм"", ""Элизабет Мосс"", ""Винсент Картайзер"", ""Дженьюэри Джонс"", ""Кристина Хендрикс""]",,0.0,,"{""imdb"": 8.7, ""tmdb"": 8.3}",,,,,,,,,,,,,episode,9208,0,,0,,,
9218,ДИСК 12,R:\сериалы\Mad Men\Season 5\Mad.Men.s05e10.avi,,Mad Men S05E00 Mad.Men.s05e10.avi,,,2007,Деньги / Корпорации / Deep State,"[""Драма""]",США,"[""Мэттью Вайнер""]","[""Джон Хэмм"", ""Элизабет Мосс"", ""Винсент Картайзер"", ""Дженьюэри Джонс"", ""Кристина Хендрикс""]",,0.0,,"{""imdb"": 8.7, ""tmdb"": 8.3}",,,,,,,,,,,,,episode,9208,0,,0,,,
9219,ДИСК 12,R:\сериалы\Mad Men\Season 5\Mad.Men.s05e11.avi,,Mad Men S05E00 Mad.Men.s05e11.avi,,,2007,Деньги / Корпорации / Deep State,"[""Драма""]",США,"[""Мэттью Вайнер""]","[""Джон Хэмм"", ""Элизабет Мосс"", ""Винсент Картайзер"", ""Дженьюэри Джонс"", ""Кристина Хендрикс""]",,0.0,,"{""imdb"": 8.7, ""tmdb"": 8.3}",,,,,,,,,,,,,episode,9208,0,,0,,,
9220,ДИСК 12,R:\сериалы\Mad Men\Season 5\Mad.Men.s05e12.avi,,Mad Men S05E00 Mad.Men.s05e12.avi,,,2007,Деньги / Корпорации / Deep State,"[""Драма""]",США,"[""Мэттью Вайнер""]","[""Джон Хэмм"", ""Элизабет Мосс"", ""Винсент Картайзер"", ""Дженьюэри Джонс"", ""Кристина Хендрикс""]",,0.0,,"{""imdb"": 8.7, ""tmdb"": 8.3}",,,,,,,,,,,,,episode,9208,0,,0,,,
9221,ДИСК 12,R:\сериалы\Mad Men\Season 5\Mad.Men.s05e13.avi,,Mad Men S05E00 Mad.Men.s05e13.avi,,,2007,Деньги / Корпорации / Deep State,"[""Драма""]",США,"[""Мэттью Вайнер""]","[""Джон Хэмм"", ""Элизабет Мосс"", ""Винсент Картайзер"", ""Дженьюэри Джонс"", ""Кристина Хендрикс""]",,0.0,,"{""imdb"": 8.7, ""tmdb"": 8.3}",,,,,,,,,,,,,episode,9208,0,,0,,,
9222,ДИСК 12,R:\сериалы\Mad Men\Season 6,,Mad Men (сезон 6),,,2007,Деньги / Корпорации / Deep State,"[""Драма""]",США,"[""Мэттью Вайнер""]","[""Джон Хэмм"", ""Элизабет Мосс"", ""Винсент Картайзер"", ""Дженьюэри Джонс"", ""Кристина Хендрикс""]",,0.0,,"{""imdb"": 8.7, ""tmdb"": 8.3}",,,,,,,,,,,,,season,6358,0,,0,,,
9223,ДИСК 12,R:\сериалы\Mad Men\Season 6\Mad.Men.s06e01.avi,,Mad Men S06E00 Mad.Men.s06e01.avi,,,2007,Деньги / Корпорации / Deep State,"[""Драма""]",США,"[""Мэттью Вайнер""]","[""Джон Хэмм"", ""Элизабет Мосс"", ""Винсент Картайзер"", ""Дженьюэри Джонс"", ""Кристина Хендрикс""]",,0.0,,"{""imdb"": 8.7, ""tmdb"": 8.3}",,,,,,,,,,,,,episode,9222,0,,0,,,
9224,ДИСК 12,R:\сериалы\Mad Men\Season 6\Mad.Men.s06e02.avi,,Mad Men S06E00 Mad.Men.s06e02.avi,,,2007,Деньги / Корпорации / Deep State,"[""Драма""]",США,"[""Мэттью Вайнер""]","[""Джон Хэмм"", ""Элизабет Мосс"", ""Винсент Картайзер"", ""Дженьюэри Джонс"", ""Кристина Хендрикс""]",,0.0,,"{""imdb"": 8.7, ""tmdb"": 8.3}",,,,,,,,,,,,,episode,9222,0,,0,,,
9225,ДИСК 12,R:\сериалы\Mad Men\Season 6\Mad.Men.s06e03.avi,,Mad Men S06E00 Mad.Men.s06e03.avi,,,2007,Деньги / Корпорации / Deep State,"[""Драма""]",США,"[""Мэттью Вайнер""]","[""Джон Хэмм"", ""Элизабет Мосс"", ""Винсент Картайзер"", ""Дженьюэри Джонс"", ""Кристина Хендрикс""]",,0.0,,"{""imdb"": 8.7, ""tmdb"": 8.3}",,,,,,,,,,,,,episode,9222,0,,0,,,
9226,ДИСК 12,R:\сериалы\Mad Men\Season 6\Mad.Men.s06e04.avi,,Mad Men S06E00 Mad.Men.s06e04.avi,,,2007,Деньги / Корпорации / Deep State,"[""Драма""]",США,"[""Мэттью Вайнер""]","[""Джон Хэмм"", ""Элизабет Мосс"", ""Винсент Картайзер"", ""Дженьюэри Джонс"", ""Кристина Хендрикс""]",,0.0,,"{""imdb"": 8.7, ""tmdb"": 8.3}",,,,,,,,,,,,,episode,9222,0,,0,,,
9227,ДИСК 12,R:\сериалы\Mad Men\Season 6\Mad.Men.s06e05.avi,,Mad Men S06E00 Mad.Men.s06e05.avi,,,2007,Деньги / Корпорации / Deep State,"[""Драма""]",США,"[""Мэттью Вайнер""]","[""Джон Хэмм"", ""Элизабет Мосс"", ""Винсент Картайзер"", ""Дженьюэри Джонс"", ""Кристина Хендрикс""]",,0.0,,"{""imdb"": 8.7, ""tmdb"": 8.3}",,,,,,,,,,,,,episode,9222,0,,0,,,
9228,ДИСК 12,R:\сериалы\Mad Men\Season 6\Mad.Men.s06e06.avi,,Mad Men S06E00 Mad.Men.s06e06.avi,,,2007,Деньги / Корпорации / Deep State,"[""Драма""]",США,"[""Мэттью Вайнер""]","[""Джон Хэмм"", ""Элизабет Мосс"", ""Винсент Картайзер"", ""Дженьюэри Джонс"", ""Кристина Хендрикс""]",,0.0,,"{""imdb"": 8.7, ""tmdb"": 8.3}",,,,,,,,,,,,,episode,9222,0,,0,,,
9229,ДИСК 12,R:\сериалы\Mad Men\Season 6\Mad.Men.s06e07.avi,,Mad Men S06E00 Mad.Men.s06e07.avi,,,2007,Деньги / Корпорации / Deep State,"[""Драма""]",США,"[""Мэттью Вайнер""]","[""Джон Хэмм"", ""Элизабет Мосс"", ""Винсент Картайзер"", ""Дженьюэри Джонс"", ""Кристина Хендрикс""]",,0.0,,"{""imdb"": 8.7, ""tmdb"": 8.3}",,,,,,,,,,,,,episode,9222,0,,0,,,
9230,ДИСК 12,R:\сериалы\Mad Men\Season 6\Mad.Men.s06e08.avi,,Mad Men S06E00 Mad.Men.s06e08.avi,,,2007,Деньги / Корпорации / Deep State,"[""Драма""]",США,"[""Мэттью Вайнер""]","[""Джон Хэмм"", ""Элизабет Мосс"", ""Винсент Картайзер"", ""Дженьюэри Джонс"", ""Кристина Хендрикс""]",,0.0,,"{""imdb"": 8.7, ""tmdb"": 8.3}",,,,,,,,,,,,,episode,9222,0,,0,,,
9231,ДИСК 12,R:\сериалы\Mad Men\Season 6\Mad.Men.s06e09.avi,,Mad Men S06E00 Mad.Men.s06e09.avi,,,2007,Деньги / Корпорации / Deep State,"[""Драма""]",США,"[""Мэттью Вайнер""]","[""Джон Хэмм"", ""Элизабет Мосс"", ""Винсент Картайзер"", ""Дженьюэри Джонс"", ""Кристина Хендрикс""]",,0.0,,"{""imdb"": 8.7, ""tmdb"": 8.3}",,,,,,,,,,,,,episode,9222,0,,0,,,
9232,ДИСК 12,R:\сериалы\Mad Men\Season 6\Mad.Men.s06e10.avi,,Mad Men S06E00 Mad.Men.s06e10.avi,,,2007,Деньги / Корпорации / Deep State,"[""Драма""]",США,"[""Мэттью Вайнер""]","[""Джон Хэмм"", ""Элизабет Мосс"", ""Винсент Картайзер"", ""Дженьюэри Джонс"", ""Кристина Хендрикс""]",,0.0,,"{""imdb"": 8.7, ""tmdb"": 8.3}",,,,,,,,,,,,,episode,9222,0,,0,,,
9233,ДИСК 12,R:\сериалы\Mad Men\Season 6\Mad.Men.s06e11.avi,,Mad Men S06E00 Mad.Men.s06e11.avi,,,2007,Деньги / Корпорации / Deep State,"[""Драма""]",США,"[""Мэттью Вайнер""]","[""Джон Хэмм"", ""Элизабет Мосс"", ""Винсент Картайзер"", ""Дженьюэри Джонс"", ""Кристина Хендрикс""]",,0.0,,"{""imdb"": 8.7, ""tmdb"": 8.3}",,,,,,,,,,,,,episode,9222,0,,0,,,
9234,ДИСК 12,R:\сериалы\Mad Men\Season 6\Mad.Men.s06e12.avi,,Mad Men S06E00 Mad.Men.s06e12.avi,,,2007,Деньги / Корпорации / Deep State,"[""Драма""]",США,"[""Мэттью Вайнер""]","[""Джон Хэмм"", ""Элизабет Мосс"", ""Винсент Картайзер"", ""Дженьюэри Джонс"", ""Кристина Хендрикс""]",,0.0,,"{""imdb"": 8.7, ""tmdb"": 8.3}",,,,,,,,,,,,,episode,9222,0,,0,,,
9235,ДИСК 12,R:\сериалы\Mad Men\Season 6\Mad.Men.s06e13.avi,,Mad Men S06E00 Mad.Men.s06e13.avi,,,2007,Деньги / Корпорации / Deep State,"[""Драма""]",США,"[""Мэттью Вайнер""]","[""Джон Хэмм"", ""Элизабет Мосс"", ""Винсент Картайзер"", ""Дженьюэри Джонс"", ""Кристина Хендрикс""]",,0.0,,"{""imdb"": 8.7, ""tmdb"": 8.3}",,,,,,,,,,,,,episode,9222,0,,0,,,
9236,ДИСК 12,R:\сериалы\Mad Men\Season 7,,Mad Men (сезон 7),,,2007,Деньги / Корпорации / Deep State,"[""Драма""]",США,"[""Мэттью Вайнер""]","[""Джон Хэмм"", ""Элизабет Мосс"", ""Винсент Картайзер"", ""Дженьюэри Джонс"", ""Кристина Хендрикс""]",,0.0,,"{""imdb"": 8.7, ""tmdb"": 8.3}",,,,,,,,,,,,,season,6358,0,,0,,,
9237,ДИСК 12,R:\сериалы\Mad Men\Season 7\Mad.Men.s07e01.avi,,Mad Men S07E00 Mad.Men.s07e01.avi,,,2007,Деньги / Корпорации / Deep State,"[""Драма""]",США,"[""Мэттью Вайнер""]","[""Джон Хэмм"", ""Элизабет Мосс"", ""Винсент Картайзер"", ""Дженьюэри Джонс"", ""Кристина Хендрикс""]",,0.0,,"{""imdb"": 8.7, ""tmdb"": 8.3}",,,,,,,,,,,,,episode,9236,0,,0,,,
9238,ДИСК 12,R:\сериалы\Mad Men\Season 7\Mad.Men.s07e02.avi,,Mad Men S07E00 Mad.Men.s07e02.avi,,,2007,Деньги / Корпорации / Deep State,"[""Драма""]",США,"[""Мэттью Вайнер""]","[""Джон Хэмм"", ""Элизабет Мосс"", ""Винсент Картайзер"", ""Дженьюэри Джонс"", ""Кристина Хендрикс""]",,0.0,,"{""imdb"": 8.7, ""tmdb"": 8.3}",,,,,,,,,,,,,episode,9236,0,,0,,,
9239,ДИСК 12,R:\сериалы\Mad Men\Season 7\Mad.Men.s07e03.avi,,Mad Men S07E00 Mad.Men.s07e03.avi,,,2007,Деньги / Корпорации / Deep State,"[""Драма""]",США,"[""Мэттью Вайнер""]","[""Джон Хэмм"", ""Элизабет Мосс"", ""Винсент Картайзер"", ""Дженьюэри Джонс"", ""Кристина Хендрикс""]",,0.0,,"{""imdb"": 8.7, ""tmdb"": 8.3}",,,,,,,,,,,,,episode,9236,0,,0,,,
9240,ДИСК 12,R:\сериалы\Mad Men\Season 7\Mad.Men.s07e04.avi,,Mad Men S07E00 Mad.Men.s07e04.avi,,,2007,Деньги / Корпорации / Deep State,"[""Драма""]",США,"[""Мэттью Вайнер""]","[""Джон Хэмм"", ""Элизабет Мосс"", ""Винсент Картайзер"", ""Дженьюэри Джонс"", ""Кристина Хендрикс""]",,0.0,,"{""imdb"": 8.7, ""tmdb"": 8.3}",,,,,,,,,,,,,episode,9236,0,,0,,,
9241,ДИСК 12,R:\сериалы\Mad Men\Season 7\Mad.Men.s07e05.avi,,Mad Men S07E00 Mad.Men.s07e05.avi,,,2007,Деньги / Корпорации / Deep State,"[""Драма""]",США,"[""Мэттью Вайнер""]","[""Джон Хэмм"", ""Элизабет Мосс"", ""Винсент Картайзер"", ""Дженьюэри Джонс"", ""Кристина Хендрикс""]",,0.0,,"{""imdb"": 8.7, ""tmdb"": 8.3}",,,,,,,,,,,,,episode,9236,0,,0,,,
9242,ДИСК 12,R:\сериалы\Mad Men\Season 7\Mad.Men.s07e06.avi,,Mad Men S07E00 Mad.Men.s07e06.avi,,,2007,Деньги / Корпорации / Deep State,"[""Драма""]",США,"[""Мэттью Вайнер""]","[""Джон Хэмм"", ""Элизабет Мосс"", ""Винсент Картайзер"", ""Дженьюэри Джонс"", ""Кристина Хендрикс""]",,0.0,,"{""imdb"": 8.7, ""tmdb"": 8.3}",,,,,,,,,,,,,episode,9236,0,,0,,,
9243,ДИСК 12,R:\сериалы\Mad Men\Season 7\Mad.Men.s07e07.avi,,Mad Men S07E00 Mad.Men.s07e07.avi,,,2007,Деньги / Корпорации / Deep State,"[""Драма""]",США,"[""Мэттью Вайнер""]","[""Джон Хэмм"", ""Элизабет Мосс"", ""Винсент Картайзер"", ""Дженьюэри Джонс"", ""Кристина Хендрикс""]",,0.0,,"{""imdb"": 8.7, ""tmdb"": 8.3}",,,,,,,,,,,,,episode,9236,0,,0,,,
9244,ДИСК 12,R:\сериалы\Mad Men\Season 7\Mad.Men.s07e08.avi,,Mad Men S07E00 Mad.Men.s07e08.avi,,,2007,Деньги / Корпорации / Deep State,"[""Драма""]",США,"[""Мэттью Вайнер""]","[""Джон Хэмм"", ""Элизабет Мосс"", ""Винсент Картайзер"", ""Дженьюэри Джонс"", ""Кристина Хендрикс""]",,0.0,,"{""imdb"": 8.7, ""tmdb"": 8.3}",,,,,,,,,,,,,episode,9236,0,,0,,,
9245,ДИСК 12,R:\сериалы\Mad Men\Season 7\Mad.Men.s07e09.avi,,Mad Men S07E00 Mad.Men.s07e09.avi,,,2007,Деньги / Корпорации / Deep State,"[""Драма""]",США,"[""Мэттью Вайнер""]","[""Джон Хэмм"", ""Элизабет Мосс"", ""Винсент Картайзер"", ""Дженьюэри Джонс"", ""Кристина Хендрикс""]",,0.0,,"{""imdb"": 8.7, ""tmdb"": 8.3}",,,,,,,,,,,,,episode,9236,0,,0,,,
9246,ДИСК 12,R:\сериалы\Mad Men\Season 7\Mad.Men.s07e10.avi,,Mad Men S07E00 Mad.Men.s07e10.avi,,,2007,Деньги / Корпорации / Deep State,"[""Драма""]",США,"[""Мэттью Вайнер""]","[""Джон Хэмм"", ""Элизабет Мосс"", ""Винсент Картайзер"", ""Дженьюэри Джонс"", ""Кристина Хендрикс""]",,0.0,,"{""imdb"": 8.7, ""tmdb"": 8.3}",,,,,,,,,,,,,episode,9236,0,,0,,,
9247,ДИСК 12,R:\сериалы\Mad Men\Season 7\Mad.Men.s07e11.avi,,Mad Men S07E00 Mad.Men.s07e11.avi,,,2007,Деньги / Корпорации / Deep State,"[""Драма""]",США,"[""Мэттью Вайнер""]","[""Джон Хэмм"", ""Элизабет Мосс"", ""Винсент Картайзер"", ""Дженьюэри Джонс"", ""Кристина Хендрикс""]",,0.0,,"{""imdb"": 8.7, ""tmdb"": 8.3}",,,,,,,,,,,,,episode,9236,0,,0,,,
9248,ДИСК 12,R:\сериалы\Mad Men\Season 7\Mad.Men.s07e12.avi,,Mad Men S07E00 Mad.Men.s07e12.avi,,,2007,Деньги / Корпорации / Deep State,"[""Драма""]",США,"[""Мэттью Вайнер""]","[""Джон Хэмм"", ""Элизабет Мосс"", ""Винсент Картайзер"", ""Дженьюэри Джонс"", ""Кристина Хендрикс""]",,0.0,,"{""imdb"": 8.7, ""tmdb"": 8.3}",,,,,,,,,,,,,episode,9236,0,,0,,,
9249,ДИСК 12,R:\сериалы\Mad Men\Season 7\Mad.Men.s07e13.avi,,Mad Men S07E00 Mad.Men.s07e13.avi,,,2007,Деньги / Корпорации / Deep State,"[""Драма""]",США,"[""Мэттью Вайнер""]","[""Джон Хэмм"", ""Элизабет Мосс"", ""Винсент Картайзер"", ""Дженьюэри Джонс"", ""Кристина Хендрикс""]",,0.0,,"{""imdb"": 8.7, ""tmdb"": 8.3}",,,,,,,,,,,,,episode,9236,0,,0,,,
9250,ДИСК 12,R:\сериалы\Mad Men\Season 7\Mad.Men.s07e14.avi,,Mad Men S07E00 Mad.Men.s07e14.avi,,,2007,Деньги / Корпорации / Deep State,"[""Драма""]",США,"[""Мэттью Вайнер""]","[""Джон Хэмм"", ""Элизабет Мосс"", ""Винсент Картайзер"", ""Дженьюэри Джонс"", ""Кристина Хендрикс""]",,0.0,,"{""imdb"": 8.7, ""tmdb"": 8.3}",,,,,,,,,,,,,episode,9236,0,,0,,,
9252,ДИСК C,Y:\сериалы\Belgravia.The.Next.Chapter.S01.WEBDL.720p,,Belgravia.The.Next.Chapter.S01.WEBDL.720p,Belgravia: The Next Chapter,Белгравия: Следующая глава,2024,Исторические/Костюмированные,"[""Драма"", ""История"", ""Мелодрама""]",Великобритания,"[""Джон Александр"", ""Сюзанна Уайт""]","[""Харриет Слейтер"", ""Бенджамин Уэйнрайт"", ""Эдвард Блюмель"", ""Элейн Кэссиди"", ""Тоби Ригбо""]",завершён,1.0,[],"{""imdb"": 6.8, ""tmdb"": 6.9}",[],"Сюжет сериала разворачивается в 1871 году, спустя десятилетия после событий оригинальной истории Белгравии, и фокусируется на судьбе Фредерика Тренчарда, сына Оливера и Сьюзан. Фредерик, унаследовавший титул лорда, сталкивается с множеством личных и семейных испытаний, пытаясь построить собственное счастье и независимость в жестком, пропитанном интригами высшем обществе викторианского Лондона. Жизнь героя резко меняется после встречи с загадочной и обворожительной Кларой Данн, чье неожиданное появление в кругу аристократии запускает череду романтических драм, предательств и давних тайн, угрожающих репутации всего семейства. Лента мастерски переплетает личные амбиции героев с социальными нормами эпохи, показывая, как жажда любви часто вступает в конфликт с холодной необходимостью следовать правилам светского этикета, где каждый неверный шаг может обернуться неминуемым крахом карьеры и социального положения в высших эшелонах британской власти.","Изысканная, напряженная атмосфера викторианской эпохи с акцентом на светские приличия, роскошные интерьеры и скрытые за фасадом страсти.","Сериал идеально подойдет ценителям качественных исторических драм, где пышные декорации сочетаются с запутанными семейными тайнами и искренними любовными переживаниями героев.",для неспешного просмотра холодным вечером с чашкой английского чая в уютной домашней обстановке,,"В Белгравии у каждого камня есть память, а у каждого секрета — своя цена, которую рано или поздно придется заплатить.","Сериал является законченной историей из одного сезона, поэтому деление по качеству не требуется.","[""Сериал является идейным продолжением проекта 'Белгравия', созданного автором 'Аббатства Даунтон' Джулианом Феллоузом."", ""Действие разворачивается спустя три десятилетия после событий оригинального шоу, сохраняя исторический контекст 1870-х годов."", ""Сюжет сфокусирован на истории лорда Фредерика Тренчарда, персонажа, который в первом сериале был ещё ребёнком."", ""Художники по костюмам проделали огромную работу, чтобы аутентично передать моду позднего викторианского периода для высшего лондонского общества."", ""Съемки проходили в исторических локациях Великобритании, чтобы воссоздать роскошные интерьеры особняков того времени.""]","[""Аббатство Даунтон"", ""Позолоченный век"", ""Виктория"", ""Куртизанки"", ""Бриджертоны""]","Семейные тайны раскрыты, социальный статус пересмотрен, а герои находят долгожданное примирение, оставляя позади предрассудки высшего общества викторианской Англии.","{""rating"": ""хороший"", ""liked"": ""Зрители отмечают великолепную работу художников по костюмам, качественную постановку декораций и приятную актерскую игру в классическом британском стиле."", ""disliked"": ""Некоторым зрителям показалось, что повествование развивается слишком неспешно, а накал интриг уступает оригиналу и другим проектам Джулиана Феллоуза.""}",series,,0,,0,episode,,
9253,ДИСК C,Y:\сериалы\Berlin.and.the.Lady.with.an.Ermine.S01.WEB-DLRip.LF,,Berlin.and.the.Lady.with.an.Ermine.S01.WEB-DLRip.LF,Berlin und die Dame mit dem Hermelin,Берлин и дама с горностаем,2023,Исторические/Костюмированные,"[""Документальный"", ""История""]",Германия,"[""Андреас Книгге""]","[""Гетц Альзманн""]",завершён,1.0,[],"{""imdb"": 7.2, ""tmdb"": 7.0}",[],"Сериал переносит зрителя в атмосферу творческого поиска и тайных страстей, разворачивающихся вокруг попытки воссоздать или раскрыть загадку знаменитой картины Леонардо да Винчи. Главный герой, чье имя отсылает к культовому персонажу криминальных историй, оказывается втянут в опасную интеллектуальную игру, где искусство тесно переплетается с криминалом. По мере того как герой углубляется в историю «Дамы с горностаем», он сталкивается с подпольными коллекционерами, алчными экспертами и смертельными угрозами. Каждый шаг в этом расследовании приближает его к истине, скрытой под слоями лака и вековых тайн. Сюжет мастерски жонглирует напряжением, постепенно раскрывая детали, которые заставляют сомневаться в реальности происходящего. В центре внимания оказываются амбиции, жажда признания и готовность пожертвовать всем ради обладания предметом, который не имеет цены в обычном понимании, но является ключом к пониманию человеческой сущности.",Загадочная и интеллектуально насыщенная атмосфера европейских музеев в сочетании с опасным миром скрытого арт-дилерства и частных коллекций.,"Проект предлагает захватывающее сочетание исторического детектива, драмы об искусстве и напряженного триллера, которое придется по вкусу любителям интеллектуальных загадок.","Для вдумчивого вечернего просмотра, когда хочется погрузиться в мир искусства, скрытых тайн и драматических поворотов.",,"Искусство — это не то, что ты видишь, а то, что ты заставляешь других увидеть, когда они смотрят на пустую раму.",,"[""Сериал основан на реальных событиях, связанных с поиском украденных шедевров мирового искусства в период после Второй мировой войны."", ""Название отсылает к знаменитой картине Леонардо да Винчи «Дама с горностаем», которая стала центральным элементом детективной интриги в сюжете."", ""Съёмочная группа использовала подлинные исторические интерьеры старинных поместий Европы для достижения максимальной аутентичности."", ""Главный актёр прошел специальный курс обучения методам работы арт-детективов, чтобы правдоподобно передать профессиональную экспертизу своего персонажа.""]","[""Бумажный дом"", ""Искусство преступления"", ""Белый воротничок"", ""Люпен""]","Главный герой успешно завершает свою сложную аферу по краже ценного артефакта, оставляя полицию ни с чем и красиво исчезая в закат вместе с добычей.","{""rating"": ""хороший"", ""liked"": ""Захватывающая детективная линия вокруг кражи картин, превосходная работа художников-постановщиков и харизматичные главные герои, создающие отличную динамику в кадре."", ""disliked"": ""Некоторые сюжетные повороты выглядят излишне предсказуемыми, а темп повествования в середине сезона иногда неоправданно замедляется.""}",series,,0,,0,episode,,
9255,ДИСК C,Y:\сериалы\Black Bird 1 - LostFilm.TV [MP4],,Black Bird 1 - LostFilm.TV [MP4],Black Bird,Черная птица,2022,Расследования,"[""Криминал"", ""Драма"", ""Триллер""]",США,"[""Михаэль Р. Роскам"", ""Джо Чаппелль"", ""Джим МакКэй""]","[""Тэрон Эджертон"", ""Пол Уолтер Хаузер"", ""Сепия Монде"", ""Грег Кинниэр"", ""Рэй Лиотта""]",завершён,1.0,[],"{""imdb"": 8.1, ""tmdb"": 8.1}","[""Премия «Эмми» за лучшую мужскую роль второго плана в мини-сериале (Пол Уолтер Хаузер)""]","Джимми Кин, перспективный атлет и сын полицейского, оказывается приговорен к десяти годам тюремного заключения после ареста за хранение наркотиков. Вскоре он получает неожиданное предложение от ФБР: возможность выйти на свободу досрочно, если ему удастся добиться признания от Ларри Холла, подозреваемого в совершении серии жестоких убийств. Джимми соглашается отправиться в тюрьму строгого режима для психически нестабильных преступников, чтобы подружиться с Холлом и выведать, где именно тот спрятал тела жертв. Ситуация осложняется тем, что Ларри — крайне неоднозначный персонаж, чья искренность постоянно вызывает сомнения. Кин оказывается в ловушке психологической игры, где один неверный шаг грозит не только провалом миссии, но и потерей жизни. Постепенно Джимми начинает сомневаться в собственном восприятии реальности, пытаясь разгадать истинные мотивы своего опасного собеседника в условиях постоянного напряжения.","Мрачный и тягучий тюремный триллер, пропитанный психологическим давлением, паранойей и гнетущим чувством неминуемой угрозы от каждого диалога.","Напряженная психологическая дуэль двух сильных актеров, основанная на реальных событиях, которая держит в заложниках внимание зрителя до самой финальной развязки.","для вдумчивого просмотра в темное время суток, когда хочется максимально погрузиться в сложную криминальную историю.",,"Если хочешь поймать зверя, тебе нужно самому стать зверем.",,"[""Сериал основан на реальной автобиографии Джеймса Кина «В плену у дьявола», написанной им после освобождения из тюрьмы."", ""Пол Уолтер Хаузер, сыгравший маньяка Ларри Холла, специально для роли сбросил вес и изменил манеру речи, чтобы казаться более пугающим."", ""Одна из последних ролей Рэя Лиотты, который блестяще воплотил на экране образ отца главного героя, страдающего от последствий инсульта."", ""Сценарист Деннис Лихейн, работавший над проектами «Прослушка» и «Остров проклятых», лично контролировал достоверность тюремных будней и диалогов.""]","[""Охотник за разумом"", ""Исповедь"", ""Побег из тюрьмы Даннемора"", ""Настоящий детектив"", ""Мистер Мерседес""]","Джеймс Кин получает досрочное освобождение после того, как добывает признание Ларри Холла, который вскоре проигрывает апелляцию и остается в тюрьме навсегда.","{""rating"": ""отличный"", ""liked"": ""Потрясающая психологическая дуэль между главными героями, мрачная тюремная атмосфера и пугающе достоверная игра Пола Уолтера Хаузера создают невероятное напряжение."", ""disliked"": ""Некоторым зрителям может показаться, что темп повествования в середине сезона излишне замедлен ради глубокого раскрытия внутренней драмы персонажей.""}",series,,0,,0,episode,,
9262,ДИСК C,Y:\сериалы\Citadel. Honey Bunny 1 - LostFilm.TV [1080p],,Citadel. Honey Bunny 1 - LostFilm.TV [1080p],Citadel: Honey Bunny,Цитадель: Хани Банни,2024,Шпионы,"[""Боевик"", ""Триллер"", ""Драма"", ""Приключения""]",Индия,"[""Радж Нидимору"", ""Кришна Д.К.""]","[""Варун Дхаван"", ""Саманта Рут Прабху"", ""Кей Кей Менон"", ""Симран"", ""Сикандар Кхер""]",завершён,1.0,[],"{""imdb"": 6.8, ""tmdb"": 7.1}",[],"События разворачиваются в 90-е годы в Индии, где каскадер Банни нанимает отчаявшуюся актрису Хани для подработки. Это случайное знакомство стремительно вовлекает героев в опасный мир шпионажа, предательства и высокотехнологичных заговоров. Когда прошлое настигает их спустя десятилетия, Хани и Банни вынуждены воссоединиться, чтобы спасти свою дочь от смертельной угрозы. Сериал искусно переплетает эстетику индийского кино прошлых лет с современным экшеном, показывая путь персонажей от невинной романтики до выживания в условиях глобальной шпионской игры. Развитие сюжета наполнено динамичными погонями, тайнами из жизни секретных агентов и сложными моральными дилеммами, которые проверяют их верность друг другу и принципам в мире, где никому нельзя доверять. Каждая серия раскрывает новые пласты их шпионского прошлого, постепенно обнажая глобальный масштаб организации, поставившей героев под прицел, превращая их жизнь в бесконечную борьбу за будущее семьи.",Захватывающая смесь атмосферы ностальгического индийского кино девяностых и современного высокотехнологичного шпионского триллера с динамичным ритмом повествования.,"Проект предлагает уникальный взгляд на вселенную 'Цитадели', мастерски сочетая эмоциональную семейную драму с эффектным экшеном и харизмой ведущих актеров.","Для тех, кто хочет окунуться в атмосферу международного шпионажа с элементами ретро-эстетики и душевной семейной привязанности.",,"В этом мире нет друзей, есть только те, кто еще не успел тебя предать.",,"[""Сериал является индийским спин-оффом глобальной шпионской франшизы «Цитадель», созданной братьями Руссо."", ""Главные роли исполнили звёзды индийского кино Варун Дхаван и Саманта Рут Прабху, которые прошли интенсивную физическую подготовку для съемок экшн-сцен."", ""Действие проекта разворачивается в двух временных пластах — в 90-х годах и в современности, что потребовало сложной работы художников по костюмам."", ""Режиссерский дуэт Радж и ДиКей известен своим уникальным стилем, сочетающим индийский колорит с голливудским размахом съемок шпионских историй.""]","[""Цитадель"", ""Семья шпиона"", ""Миссия невыполнима"", ""Скрытые агенты""]","Главная героиня осознает истинные масштабы предательства и решает выйти из игры, спасая дочь, однако прошлое продолжает преследовать её, оставляя финал открытым для продолжения шпионской саги.","{""rating"": ""хороший"", ""liked"": ""Динамичные экшн-сцены, впечатляющая химия между главными героями и детально воссозданная атмосфера индийского кино девяностых годов."", ""disliked"": ""Некоторая затянутость повествования в середине сезона и излишняя предсказуемость некоторых поворотов сюжета в шпионской линии.""}",series,,0,,0,episode,,
9264,ДИСК C,Y:\сериалы\City of God. The Fight Rages On 1 - LostFilm.TV [1080p],,City of God. The Fight Rages On 1 - LostFilm.TV [1080p],Cidade de Deus: A Luta Não Para,Город бога: Борьба продолжается,2024,Расследования,"[""Криминал"", ""Драма"", ""Боевик""]",Бразилия,"[""Али Муриба""]","[""Алешандре Родригес"", ""Роберта Родригес"", ""Тиаго Мартинс"", ""Сабрина Роса"", ""Эдсон Оливейра""]",продолжается,1.0,[],"{""imdb"": 7.4, ""tmdb"": 7.9}",[],"Действие разворачивается спустя два десятилетия после событий оригинального культового фильма, возвращая зрителей в неспокойные трущобы Рио-де-Жанейро. Бывший фотограф Ракета продолжает свою карьеру, фиксируя суровую реальность улиц, где власть между преступными группировками меняется с пугающей скоростью. В центре сюжета оказывается противостояние между старыми авторитетами и новым поколением бандитов, чьи амбиции не знают границ. Город вновь погружается в хаос, где каждый шаг может стать последним, а грань между законом и преступностью окончательно стирается. Герои вынуждены лавировать между полицией, коррумпированными чиновниками и безжалостными лидерами наркотрафика, пытаясь выжить в бетонных джунглях, которые не прощают слабости. История мастерски сплетает судьбы старых знакомых и новых персонажей, демонстрируя, что борьба за влияние в фавелах не заканчивается никогда, оставляя шрамы на теле целого поколения и всего города.","Жестокая, аутентичная и напряженная атмосфера криминального Рио, пропитанная безнадежностью, пульсирующим уличным ритмом и постоянным предчувствием неминуемой опасности.","Продолжение легендарной истории предлагает глубокий и мрачный взгляд на социальную структуру бразильских фавел, сохраняя визуальный стиль и бескомпромиссный подход оригинала.","для погружения в суровую криминальную драму, требующую концентрации и эмоциональной вовлеченности в судьбы персонажей.",,"В этом городе правду убивают быстрее, чем людей, но я всё равно продолжу её искать.",,"[""Сериал является прямым продолжением культового фильма Фернанду Мейреллиша 'Город Бога', вышедшего в 2002 году."", ""Многие актеры оригинальной ленты, включая Александра Родригеса, вернулись к своим ролям спустя более чем 20 лет."", ""Действие разворачивается в начале 2000-х, что позволило создателям воссоздать атмосферу фавел того времени через архивную хронику и декорации."", ""Сюжет проекта глубже исследует политическую борьбу и коррупцию, которые пронизывают жизнь бедных кварталов Рио-де-Жанейро."", ""Съемки проходили в реальных районах Рио, чтобы максимально передать аутентичность и жестокую правду повседневной жизни фавел.""]","[""Город Бога (2002)"", ""Элитный отряд"", ""Нарко"", ""Механизм"", ""Братство (сериал)""]","Сезон завершается осознанием того, что насилие в фавелах циклично, а попытки Ракеточки докопаться до истины лишь обнажают глубокую коррупцию и безысходность системы.","{""rating"": ""хороший"", ""liked"": ""Порадовало возвращение знакомых персонажей, глубокое погружение в социальные проблемы фавел и напряженная, реалистичная криминальная атмосфера Рио."", ""disliked"": ""Некоторым зрителям не хватило динамики оригинального фильма и визуальной экспрессии, присущей первой картине Мейреллиша.""}",series,,0,,0,episode,,
9267,ДИСК C,Y:\сериалы\Fleabag,,Fleabag,Fleabag,Дрянь,2016,Семейные,"[""Комедия"", ""Драма""]",Великобритания,"[""Гарри Брэдбир""]","[""Фиби Уоллер-Бридж"", ""Шан Клиффорд"", ""Оливия Колман"", ""Билл Патерсон"", ""Бретт Гельман""]",завершён,2.0,[],"{""imdb"": 8.7, ""tmdb"": 8.2}","[""Премия Эмми — лучший комедийный сериал"", ""Золотой глобус — лучшая актриса в комедийном сериале""]","Главная героиня, которую все зовут Дрянь, пытается наладить свою хаотичную жизнь в Лондоне после недавней трагической гибели лучшей подруги. Девушка ведет себя вызывающе, постоянно попадает в нелепые сексуальные связи, ворует мелочи и испытывает глубокое чувство вины, скрывая его за маской цинизма и едкого юмора. Весь повествовательный процесс строится на прямом обращении героини к зрителю — она комментирует происходящее, часто ломая четвертую стену и используя иронию как единственный способ защиты от реальности. Постепенно перед зрителем раскрывается подлинная глубина её одиночества, сложных отношений с чопорной семьей и осознание того, что за каждой шуткой скрывается попытка заглушить невыносимую душевную боль и осознать свою истинную роль в этом мире.","Британская трагикомедия, пропитанная горьким сарказмом, интимностью, честностью и болезненным осознанием человеческого несовершенства в декорациях современного мегаполиса.","Сериал является редким примером идеального баланса между уморительной комедией и сокрушительной драмой, полностью меняющей представление об искренности на экране.","для момента, когда хочется взглянуть в глаза собственным страхам через призму остроумного и глубокого британского юмора",,"Люди говорят, что они не знают, чего хотят, но это неправда. Они знают. Просто боятся признаться, что им нужно, потому что это может привести к большим переменам.",,"[""Фиби Уоллер-Бридж адаптировала сериал из собственной моноспектакля, с которым она выступала на Эдинбургском фестивале."", ""Знаменитый взгляд героини прямо в камеру позволяет зрителю почувствовать себя единственным доверенным лицом главной героини."", ""Второй сезон сериала получил шесть премий 'Эмми', включая награды за лучший комедийный сериал и лучший сценарий."", ""Хотя имя главной героини ни разу не произносится вслух на протяжении обоих сезонов, в титрах она указана просто как Fleabag."", ""Сцена в исповедальне со священником стала культовой, закрепив за образом 'Горячего священника' статус поп-культурного феномена.""]","[""Дрянные девчонки"", ""Жизни матрешки"", ""Барри"", ""Девчонки"", ""Меломанка""]","Главная героиня, пройдя через боль утраты и осознание своих ошибок, наконец отпускает призрака прошлого, обретая долгожданную возможность для здоровых отношений с самой собой и окружающими.","{""rating"": ""отличный"", ""liked"": ""Поразительная искренность, едкий британский юмор, невероятная игра Фиби Уоллер-Бридж и глубокое исследование женской травмы через призму комедии."", ""disliked"": ""Некоторым зрителям может быть сложно принять излишнюю откровенность героини и её порой саморазрушительное поведение на протяжении сюжета.""}",series,,0,,0,episode,,
9270,ДИСК C,Y:\сериалы\Fringe,,Fringe,Fringe,Грань,2008,Расследования,"[""Научная фантастика"", ""Драма"", ""Детектив"", ""Триллер"", ""Фэнтези""]","США, Канада","[""Джо Чаппелль"", ""Брэд Андерсон"", ""Деннис Смит""]","[""Анна Торв"", ""Джошуа Джексон"", ""Джон Ноубл"", ""Джасика Николь"", ""Лэнс Реддик""]",завершён,5.0,[],"{""imdb"": 8.4, ""tmdb"": 8.2}","[""Премия Сатурн — лучший научно-фантастический телесериал"", ""Премия Сатурн — лучшая телеактриса (Анна Торв)""]","Агент ФБР Оливия Данэм объединяется с эксцентричным учёным Уолтером Бишопом и его сыном Питером для расследования череды загадочных и необъяснимых происшествий, получивших название «Модель». Вскоре герои понимают, что разрозненные преступления являются лишь звеньями цепи в масштабном заговоре, связанном с экспериментами по исследованию альтернативных вселенных. Постепенно границы реальности начинают стираться, а ставки в противостоянии с могущественными корпорациями и загадочными «Наблюдателями» растут с каждым часом. Команде предстоит не только спасти человечество от неминуемой катастрофы, но и разобраться в сложных семейных тайнах, уходящих корнями в прошлое. Грань между наукой и мистикой окончательно размывается, когда тайны физики становятся единственным оружием в руках героев, вынужденных выбирать между спасением собственного мира и существованием его зеркального отражения, где живут их двойники, преследующие совершенно иные, порой жестокие и беспощадные цели.","Мрачная, интеллектуальная атмосфера научно-фантастического триллера с элементами параноидальных теорий заговора и глубокой личной драмой персонажей.","Сериал является эталонным образцом жанра, мастерски сочетающим процедурные расследования с масштабной мифологией, захватывающими путешествиями между мирами и глубоким раскрытием характеров главных героев.","для погружения в мир загадок, научных парадоксов и напряженных историй о борьбе с неизведанным в вечернее время.",,"Есть только одна вещь, которая по-настоящему имеет значение, и это любовь, которую мы испытываем к другим.","После 4 сезона, так как 5 сезон сильно меняет формат повествования, что нравится не всем фанатам.","[""Создатель сериала Дж. Дж. Абрамс включил в проект множество отсылок к другим своим работам, включая знаменитое число 47 и загадочные артефакты."", ""Каждый эпизод сериала сопровождается уникальными глифами, которые при расшифровке складываются в слова-подсказки к сюжету конкретной серии."", ""Для съемок сцен с альтернативной вселенной декораторы создавали зеркальные копии объектов, меняя цветовую палитру и детали дизайна для подчеркивания различий."", ""Актер Леонард Нимой, исполнивший роль Уильяма Белла, возобновил свою карьеру специально ради участия в этом научно-фантастическом проекте."", ""Сериал приобрел культовый статус благодаря сложной мифологии, связывающей квантовую физику, биологические эксперименты и концепцию параллельных реальностей.""]","[""Секретные материалы"", ""Остаться в живых"", ""Темные начала"", ""Тьма"", ""Черное зеркало""]","Оливия и Питер воссоединяются, когда Уолтер, совершив прыжок во времени с ребенком-наблюдателем Майклом, предотвращает вторжение Наблюдателей, стирая их из истории ценой собственного изгнания в будущее.","{""rating"": ""отличный"", ""liked"": ""Зрители высоко ценят динамичный сюжет, глубокую проработку альтернативных реальностей, великолепную игру Джона Ноубла и атмосферу научного мистицизма."", ""disliked"": ""Некоторых зрителей может утомлять затянутость процедуральных серий первого сезона и запутанность второстепенных сюжетных линий в середине проекта.""}",series,,0,,1,arc,,
9272,ДИСК C,Y:\сериалы\Fubar,,Fubar,Fubar,Фубар,2023,Боевики,"[""Боевик"", ""Приключения"", ""Комедия"", ""Драма""]",США,"[""Фил Абрахам"", ""Стивен Серджик""]","[""Арнольд Шварценеггер"", ""Моника Барбаро"", ""Милан Картер"", ""Габриэль Луна"", ""Форчун Феймстер""]",продолжается,2.0,[],"{""imdb"": 6.4, ""tmdb"": 7.2}",[],"Люк Бруннер — ветеран ЦРУ, готовящийся к долгожданному выходу на пенсию, чтобы наладить отношения с дочерью Эммой. В ходе финального задания он внезапно обнаруживает, что Эмма также является тайным агентом организации. Столкновение профессиональных навыков и семейных секретов вынуждает отца и дочь работать в паре под прикрытием. Постепенно выясняется, что их личные взаимоотношения за десятилетия работы «в поле» превратились в набор невысказанных претензий и профессиональных барьеров. Теперь им предстоит объединить усилия, чтобы остановить опасного торговца оружием, попутно пытаясь выстроить нормальный диалог в обстановке, где одно неверное слово может стоить жизни. Операция превращается в затяжной сеанс семейной психотерапии, осложненный перестрелками, взрывами и необходимостью постоянно лгать близким людям, скрывая свою истинную деятельность от остального мира и коллег.","Динамичный шпионский боевик с элементами семейной драмы, где напряженные спецоперации чередуются с ироничными бытовыми перепалками главных героев.",Сериал предлагает редкое сочетание классического комедийного боевика в стиле Арнольда Шварценеггера и современной истории об отношениях отцов и детей.,"для энергичного отдыха, когда хочется легкого драйва и ироничного юмора в сочетании с незатейливым сюжетом.",,"Если ты хочешь построить отношения, тебе нужно перестать лгать, даже если ложь — это твоя работа.",1 сезон,"[""Сериал знаменует собой полноценный дебют Арнольда Шварценеггера в многосерийном телевизионном проекте после десятилетий карьеры в большом кино."", ""Сюжет проекта во многом вдохновлен культовым боевиком «Правдивая ложь», где герой Шварценеггера также скрывал свою шпионскую деятельность от семьи."", ""Название «FUBAR» является известным военным сленговым акронимом, означающим состояние полного хаоса или критической поломки ситуации."", ""Актерская группа прошла интенсивную физическую подготовку, чтобы достоверно передать профессиональные навыки элитных агентов ЦРУ в кадре.""]","[""Правдивая ложь"", ""Мистер и миссис Смит"", ""Шпион, который меня кинул"", ""Джек Райан""]","Люк узнает, что его дочь Эмма тоже работает на ЦРУ, и их отношения переходят на новый уровень доверия и совместных операций.","{""rating"": ""хороший"", ""liked"": ""Харизматичная игра Шварценеггера, удачное сочетание экшена с юмором и динамичная химия между экранными отцом и дочерью."", ""disliked"": ""Некоторым зрителям показался предсказуемым шаблонный шпионский сюжет и порой излишне простые диалоги персонажей второго плана.""}",series,,0,,0,episode,,
9274,ДИСК C,Y:\сериалы\Halef.s01.WEB-DLRip1080p,,Halef.s01.WEB-DLRip1080p,Halef,Халеф,2018,Триллеры,"[""Триллер"", ""Драма"", ""Детектив""]",Турция,"[""Мурат Данджы""]","[""Фуркан Андыч"", ""Гизем Караджа"", ""Эбру Айкач"", ""Айхан Таш"", ""Эмре Озмен""]",завершён,1.0,[],"{""imdb"": 6.8, ""tmdb"": 7.0}",[],"Главный герой по имени Халеф живёт в мире, где каждый шаг предопределён древними пророчествами и суровыми законами общины. Его спокойное существование рушится, когда он обнаруживает скрытую правду о своём происхождении, которая может поставить под угрозу стабильность всего поселения. В поисках ответов персонаж вынужден покинуть привычную среду, столкнуться с предательством близких людей и отправиться в опасное путешествие через пустынные земли. Параллельно с внешними испытаниями герой проходит через глубокий внутренний кризис, пытаясь определить, является ли его судьба результатом высшего замысла или же чередой случайных событий. Напряжение нарастает по мере приближения к разгадке тайны, которая способна либо спасти, либо окончательно уничтожить его семью и весь привычный уклад жизни, вынуждая Халефа сделать решающий выбор, от которого зависит будущее всех окружающих его людей.","Тягучая и медитативная атмосфера восточной драмы, пронизанная чувством фатализма, пустынной пустотой и скрытым подспудным напряжением.","Сериал предлагает глубокое погружение в экзистенциальную драму, где личные переживания переплетаются с древними традициями, создавая уникальный философский подтекст.","Для вдумчивого просмотра в тишине, когда хочется погрузиться в неспешное повествование с восточным колоритом.",,"Иногда, чтобы найти себя, нужно сначала потерять всё, во что ты верил раньше.",,"[""Сериал представляет собой глубокое исследование темы семейных тайн и столкновения современного мира с традиционными устоями."", ""Проект снят в эстетике психологического триллера, где напряжение нарастает постепенно через визуальные образы и саундтрек."", ""Название сериала «Халеф» отсылает к личному имени, играющему ключевую роль в запутанной детективной линии сюжета."", ""Съемочная группа уделила особое внимание локациям, подчеркивающим изолированность персонажей от внешнего шумного мира.""]","[""Тьма"", ""Острые предметы"", ""Вершина озера"", ""Призраки дома на холме""]","Сезон завершается осознанием главного героя, что его прошлое тесно переплетено с тайнами семьи, оставляя множество вопросов для продолжения истории.","{""rating"": ""хороший"", ""liked"": ""Зрители высоко оценили тягучую атмосферу, глубокую проработку психологических портретов героев и неожиданные повороты в финале сезона."", ""disliked"": ""Некоторым зрителям показался слишком медленным темп повествования и избыточная концентрация на второстепенных деталях в первых сериях.""}",series,,0,,0,episode,,
9277,ДИСК C,Y:\сериалы\His and Hers 1 - LostFilm.TV [1080p],,His and Hers 1 - LostFilm.TV [1080p],His & Hers,Её и его,2024,Расследования,"[""Триллер"", ""Драма"", ""Криминал""]",Великобритания,"[""Том Дженкинс""]","[""Тесса Томпсон"", ""Джеймс Нортон"", ""Джон Брэдли"", ""Зои Уонамейкер"", ""Эшли Дженсен""]",завершён,1.0,[],"{""imdb"": 6.8, ""tmdb"": 7.1}",[],"В центре событий оказывается детектив Анна Бэнкс, чья жизнь делает крутой поворот после жестокого убийства в маленьком городке. Когда старый знакомый становится главным подозреваемым, героиня вынуждена столкнуться с призраками прошлого, которые она тщательно пыталась скрыть. Сюжет мастерски переплетает личную драму с холодным расследованием, заставляя зрителя сомневаться в искренности каждого участника истории. Разгадка преступления требует от Анны не только профессионального мастерства, но и способности разобраться в собственных запутанных чувствах, которые мешают беспристрастному взгляду. Напряжение нарастает с каждым эпизодом, когда границы между правдой и ложью стираются, обнажая скрытые мотивы и разрушительные секреты, способные уничтожить всё, чем дорожила главная героиня. Истина оказывается гораздо страшнее, чем предполагалось изначально, ставя под удар саму жизнь детектива.","Мрачная, давящая атмосфера маленького провинциального городка, пропитанная паранойей, глубокими семейными тайнами и непредсказуемым психологическим напряжением.","История предлагает захватывающий детективный пазл, в котором личные отношения героев сплетены с криминальной интригой, удерживая внимание до самого финального откровения.","для вдумчивого вечернего просмотра, когда хочется погрузиться в запутанную психологическую драму с элементами триллера.",,"Иногда, чтобы увидеть правду о другом человеке, нужно сначала перестать лгать самому себе.",,"[""Сериал является экранизацией одноименного психологического триллера британской писательницы Элис Фини."", ""Главная роль в проекте закреплена за Тессой Томпсон, которая также выступила одним из исполнительных продюсеров шоу."", ""Съемочный процесс проекта проходил при активном участии студии Netflix, стремящейся укрепить линейку своих детективных драм."", ""Сюжет произведения строится на концепции ненадежного рассказчика, что создает уникальную динамику между главными героями."", ""Автор первоисточника Элис Фини известна своим стилем, в котором личные тайны персонажей медленно разрушают их текущую жизнь.""]","[""Отыграть назад"", ""Большая маленькая ложь"", ""Девушка в поезде"", ""Женщина в окне""]","История завершается примирением супругов, осознавших, что их запутанные отношения и взаимное недоверие были лишь отражением собственных страхов и прошлых травм.","{""rating"": ""хороший"", ""liked"": ""Зрители отмечают выдающуюся игру Тессы Томпсон, высокий уровень саспенса, запутанный сюжет и мрачную, очень тягучую атмосферу повествования."", ""disliked"": ""Некоторых зрителей расстраивает предсказуемость отдельных сценарных поворотов и местами слишком медленный темп развития событий в середине сезона.""}",series,,0,,0,episode,,
9279,ДИСК C,Y:\сериалы\Homeland,,Homeland,Homeland,Родина,2011,Шпионы,"[""Драма"", ""Криминал"", ""Военные""]",США,"[""Лесли Линка Глаттер"", ""Майкл Куэста""]","[""Клэр Дэйнс"", ""Мэнди Пэтинкин"", ""Руперт Френд"", ""Дэмиэн Льюис"", ""Морена Баккарин""]",завершён,8.0,[],"{""imdb"": 8.3, ""tmdb"": 8.1}","[""Золотой глобус — лучший драматический сериал"", ""Эмми — лучший драматический сериал""]","Сюжет вращается вокруг Кэрри Мэтисон, офицера разведки ЦРУ, которая во время операции в Ираке получает информацию о завербованном американском военнопленном. Возвращение сержанта морской пехоты Николаса Броуди, который провел восемь лет в плену у Аль-Каиды, становится национальным событием. Однако Кэрри убеждена, что Броуди перешел на сторону врага и готовит масштабный теракт на территории США. В процессе расследования она балансирует между своим профессиональным долгом, личной борьбой с биполярным расстройством и неоднозначными отношениями с подозреваемым. Сериал превращается в сложную психологическую шахматную партию, где границы между преданностью родине, личной одержимостью и государственной безопасностью постоянно размываются, ставя под удар не только карьеры главных героев, но и жизни тысяч невинных людей в мире, охваченном геополитическим противостоянием и глобальными угрозами современного терроризма.","Напряженный, параноидальный политический триллер, пропитанный ощущением постоянной опасности и глубокой психологической драмой о цене верности идеалам.","Сериал мастерски держит в напряжении благодаря блестящей актерской игре и глубокому анализу современных методов разведки, политики и моральных дилемм.","Для долгого вечера, когда хочется погрузиться в сложную и многослойную интеллектуальную историю о шпионаже.",,"Я самая умная и самая тупая женщина из всех, кого вы когда-либо встречали.",после 3-го сезона,"[""Сериал основан на израильском проекте «Военнопленные», который был адаптирован под американские реалии после терактов 11 сентября."", ""Клэр Дэйнс для подготовки к роли Кэрри Мэтисон консультировалась с реальными офицерами ЦРУ и экспертами по психическим заболеваниям."", ""Первоначально роль Николаса Броуди мог сыграть Райан Филипп, однако продюсеры сделали выбор в пользу Дэмиэна Льюиса."", ""Многие сценарии эпизодов писались в тесном контакте с бывшими сотрудниками разведки, чтобы максимально точно передать методы оперативной работы."", ""Дэмиэн Льюис за свою игру в сериале получил премию «Эмми» и «Золотой глобус», став одним из главных открытий проекта.""]","[""Американцы"", ""Карточный домик"", ""24 часа"", ""Джек Райан"", ""Тергеан""]","Кэрри Мэтисон вынужденно остается в России, становясь двойным агентом в Москве и передавая секретную информацию ЦРУ под прикрытием.","{""rating"": ""отличный"", ""liked"": ""Потрясающая актёрская игра Клэр Дэйнс, напряженный шпионский сюжет, глубокое исследование психических расстройств и сложная моральная дилемма главных героев."", ""disliked"": ""Некоторые сезоны в середине сериала кажутся затянутыми и менее динамичными по сравнению с феноменально сильным первым сезоном.""}",series,,0,,1,arc,,
9281,ДИСК C,Y:\сериалы\I.Will.Find.You.S01.1080p.NF.WEB-DL.H.264-EniaHD,,I.Will.Find.You.S01.1080p.NF.WEB-DL.H.264-EniaHD,,,0,Драмы,,,,,,0.0,,,,,,,,,,,,,,,series,,0,,0,,,
9283,ДИСК C,Y:\сериалы\Justified.S06.Jaskier.WEB-DLRip,,Justified.S06.Jaskier.WEB-DLRip,Justified,Правосудие,2015,Расследования,"[""Криминал"", ""Драма"", ""Триллер""]",США,"[""Адам Аркин"", ""Джон Эвнет"", ""Майкл Диннер""]","[""Тимоти Олифант"", ""Ник Сирси"", ""Джоэль Картер"", ""Джейкоб Питтс"", ""Уолтон Гоггинс""]",завершён,6.0,[],"{""imdb"": 8.6, ""tmdb"": 8.3}","[""Премия Пибоди"", ""Эмми — лучшая мужская роль второго плана (Марго Мартиндейл)""]","Финальный сезон сталкивает маршала Рейлана Гивенса с его заклятым врагом Бойдом Краудером в решающей схватке за будущее городка Харлан. Бойд планирует последнее масштабное ограбление, надеясь навсегда покинуть преступный мир вместе с Авой, однако его планы рушатся под давлением внутренних предательств и безжалостных амбиций местных криминальных авторитетов. Рейлан, находясь на грани эмоционального истощения и профессионального краха, вынужден балансировать на тонкой грани закона, чтобы окончательно закрыть дело всей своей жизни. Ситуация накаляется до предела, когда каждый из участников этой смертельной игры осознает, что побег от прошлого невозможен, а цена свободы становится непомерно высокой. Параллельные линии преследования и личные драмы героев сплетаются в напряженный узел, ведущий к неизбежной развязке, где каждый сделанный выбор определяет, кто останется в живых, а кто станет очередной жертвой безжалостных законов кентуккийских холмов.","Напряженная, пропитанная безнадежностью и южным колоритом драма с элементами вестерна и густым ароматом неминуемого расплаты.","Шестой сезон мастерски завершает многолетнюю историю противостояния, доводя уровень драматического напряжения и глубину развития характеров главных героев до совершенства.","для вдумчивого просмотра, когда хочется поставить эффектную точку в затянувшейся истории о борьбе добра и зла",,"Мы с тобой как два конца одного и того же куска дерьма, Бойд.",,"[""Сериал основан на коротком рассказе Элмора Леонарда 'Огонь в норе', где впервые появился персонаж Рейлан Гивенс."", ""Тимоти Олифант лично принимал участие в написании диалогов, чтобы сделать речь Рейлана максимально аутентичной."", ""Волтон Гоггинс, сыгравший Бойда Краудера, должен был умереть в пилотной серии, но сценаристам так понравилась игра, что они оставили его в сюжете."", ""Знаменитая шляпа Рейлана Гивенса стала культовым атрибутом, а сам актер сохранил её после завершения съемок шестого сезона."", ""Шестой сезон стал заключительным, так как создатели решили завершить историю на пике, не растягивая сюжет искусственно.""]","[""Сыны анархии"", ""Во все тяжкие"", ""Прослушка"", ""Йеллоустоун"", ""Банши""]","Рэйлан Гивенс и Бойд Краудер сходятся в последнем противостоянии, которое заканчивается для Бойда тюрьмой, а для Рэйлана — осознанием, что их связь навсегда останется частью их судеб.","{""rating"": ""отличный"", ""liked"": ""Харизматичное противостояние протагониста и антагониста, блестящие диалоги в стиле Элмора Леонарда и мощная точка в финале сезона."", ""disliked"": ""Некоторым фанатам показалось, что динамика сюжета немного проседает в середине сезона из-за обилия второстепенных линий персонажей.""}",series,,0,,0,arc,,
9285,ДИСК C,Y:\сериалы\Kan Cicekleri.s01.WEB-DLRip720p,,Kan Cicekleri.s01.WEB-DLRip720p,Kan Çiçekleri,Кровавые цветы,2022,Семейные,"[""Драма"", ""Мелодрама""]",Турция,"[""Ömer Baykul"", ""Levent Türkan""]","[""Barış Baktaş"", ""Yağmur Yüksel"", ""Berkay Çınar"", ""Selinay Taşol"", ""Nalan Örgüt""]",продолжается,1.0,[],"{""imdb"": 7.4, ""tmdb"": 7.6}",[],"История разворачивается вокруг вынужденного брака Барана Карабея и Дилан Демир, заключенного ради прекращения многолетней кровной мести между их семьями. Баран, стремящийся остановить кровопролитие и сберечь жизни близких, соглашается на этот союз, несмотря на ненависть к семье девушки. Дилан, ставшая заложницей обстоятельств и чужих грехов, вынуждена жить в доме врагов, где каждый день превращается в тяжелое испытание. Героям приходится бороться не только с внешним давлением кланов и интригами недоброжелателей, но и с собственными чувствами, которые начинают прорастать сквозь стену боли и недоверия. Постепенно холодная отчужденность сменяется хрупким интересом, когда оба понимают, что истинными виновниками их страданий являются другие люди, скрывающиеся за маской преданности и родственных уз, что навсегда меняет судьбы обоих кланов.","Напряженная, полная драматизма обстановка с элементами восточного колорита, чувственной борьбы и постоянного психологического давления со стороны семей.","Проект подойдет ценителям классических турецких драм о запретной любви, где развитие отношений героев строится на преодолении огромных социальных и личных преград.","для погружения в глубокую, эмоционально насыщенную историю с медленным развитием чувств и постоянными интригами.",,"Вражда питается кровью, но только любовь способна остановить этот бесконечный поток боли.",1 сезон,"[""Сериал стал настоящим феноменом турецкого телевидения, удерживая высокие рейтинги благодаря невероятной химии главных героев на экране."", ""Исполнители главных ролей Барыш Бакташ и Ягмур Юксель моментально обрели международную популярность, став одной из самых обсуждаемых пар в социальных сетях."", ""Производство проекта отличается крайне плотным графиком съемок, характерным для ежедневных турецких мыльных опер, где новые серии выходят еженедельно."", ""Музыкальное сопровождение сериала получило множество положительных отзывов за создание глубокого эмоционального фона, подчеркивающего драматизм сюжета.""]","[""Ветреный"", ""Бесконечная любовь"", ""Черно-белая любовь"", ""Неверный"", ""Жестокий Стамбул""]","Дилан и Баран, вынужденные вступить в брак ради прекращения кровавой вражды между их семьями, постепенно находят общий язык, преодолевая ненависть и интриги, что приводит к первым росткам настоящей любви и хрупкому перемирию в их домах.","{""rating"": ""средний"", ""liked"": ""Поклонники отмечают яркую химию между главными героями, классический драматический сюжет о враждующих семьях и очень эмоциональную атмосферу повествования."", ""disliked"": ""Зрители часто критикуют затянутость сюжетных линий, медленное развитие событий и типичные для жанра клише, которые утомляют при просмотре.""}",series,,0,,0,episode,,
9287,ДИСК C,Y:\сериалы\Knives.Out.2019.DVO.HDRip,,Knives.Out.2019.DVO.HDRip,,,0,Драмы,,,,,,0.0,,,,,,,,,,,,,,,series,,0,,0,,,
9289,ДИСК C,Y:\сериалы\Konec.sveta.S01.WEB-DLRip.25Kuzmich,,Konec.sveta.S01.WEB-DLRip.25Kuzmich,Konec sveta,Конец света,2022,Боевики,"[""Комедия"", ""Фэнтези""]",Россия,"[""Александр Незлобин""]","[""Юрий Колокольников"", ""Семён Трескунов"", ""Ксения Кутепова"", ""Екатерина Ильина"", ""Владимир Канухин""]",завершён,1.0,[],"{""imdb"": 6.8, ""tmdb"": 7.1}",[],"В Москве начинаются странные и пугающие события, которые указывают на скорое пришествие Князя Тьмы. Сатана собственной персоной объявляется в обычном районе Чертаново, чтобы навестить своего блудного сына Демьяна, который работает кассиром в супермаркете и даже не подозревает о своем дьявольском происхождении. Встреча отца и сына запускает череду абсурдных, мистических и катастрофических ситуаций, вовлекающих простых обывателей в глобальную игру между адом и небесной канцелярией. Демьяну приходится столкнуться с необходимостью принять свое наследие, в то время как окружающие пытаются разобраться, является ли происходящее концом света или чьей-то безумной шуткой. Сюжет мастерски переплетает бытовой реализм спального района с черным юмором, мистикой и философскими размышлениями о природе добра и зла в современной России, превращая ожидание апокалипсиса в сатирическое путешествие, полное неожиданных открытий и мрачных откровений.","Сюрреалистичная и мрачно-ироничная атмосфера обыденного российского быта, пропитанная элементами мистического триллера, черным юмором и тотальным абсурдом происходящего.","Сериал предлагает свежий взгляд на жанр мистической драмеди, успешно совмещая сатиру на российскую повседневность с библейскими мотивами и харизматичной актерской игрой Юрия Колокольникова.","для просмотра в выходной день, когда хочется сочетания черного юмора, российской реальности и порции качественной мистики.",,"Даже дьяволу иногда нужно просто посидеть с семьей и выпить чаю, чтобы понять, что мир не стоит того, чтобы его сжигать.",,"[""Сериал режиссера Александра Незлобина сочетает элементы черной комедии и апокалиптического триллера, высмеивая современные реалии."", ""Юрий Колокольников исполнил роль Князя Тьмы, воплотив образ харизматичного, но крайне нелепого и устаревшего антигероя."", ""Съемочная группа уделила особое внимание визуальным эффектам в московских локациях, чтобы создать контраст между обыденной жизнью и адским вторжением."", ""Сюжет проекта является ироничным переосмыслением библейских мотивов в контексте российской провинциальной действительности."", ""Ксения Раппопорт и другие известные актеры согласились на участие в проекте из-за необычного сценария и дерзкого сатирического тона повествования.""]","[""Вампиры средней полосы"", ""Мастер и Маргарита"", ""Сергий против нечисти"", ""Проект «Анна Николаевна»""]","Князь тьмы проигрывает битву за человечество, осознав ценность простых земных привязанностей, и предотвращает апокалипсис, жертвуя своей божественной сущностью ради любви к сыну.","{""rating"": ""хороший"", ""liked"": ""Зрители высоко оценили смелый юмор, отличную игру Юрия Колокольникова и свежий взгляд на привычные мистические клише в сериале."", ""disliked"": ""Некоторым зрителям показался излишне гротескным финал, а местами темп повествования проседал из-за обилия второстепенных сюжетных линий.""}",series,,0,,0,episode,,
9291,ДИСК C,Y:\сериалы\Last Resort 1 - LostFilm.TV [720p],,Last Resort 1 - LostFilm.TV [720p],Last Resort,Последняя надежда,2012,Шпионы,"[""Боевик"", ""Драма"", ""Триллер""]",США,"[""Мартин Кэмпбелл"", ""Майкл Оффер""]","[""Андре Брауэр"", ""Скотт Спидмен"", ""Дейзи Беттс"", ""Камилль Гватт"", ""Дэниэл Лиссинг""]",отменён,1.0,[],"{""imdb"": 7.3, ""tmdb"": 7.1}",[],"Экипаж американской атомной подводной лодки «Колорадо» получает приказ нанести ядерный удар по Пакистану. Капитан Маркус Чаплин, заподозрив, что команда на атаку поступила из неофициальных источников, отказывается исполнять преступный приказ. В ответ на это Пентагон объявляет субмарину врагом государства. Чтобы выжить и докопаться до истины, экипаж захватывает остров Сент-Марина в Индийском океане, объявляет его независимой ядерной державой и вступает в геополитическое противостояние с мировыми лидерами. Сюжет сериала фокусируется на моральных дилеммах офицеров, предательстве высшего командования и попытках найти доказательства заговора, способного развязать Третью мировую войну. Героям приходится балансировать на грани уничтожения, ежедневно доказывая свою правоту и защищая жизни своих людей, пока враги внутри и снаружи кольца сжимают блокаду вокруг их единственного убежища.","Напряженная военно-политическая драма с давящим чувством изоляции, постоянной паранойей, морской эстетикой и ощущением неизбежной глобальной катастрофы.","Сериал предлагает редкий для ТВ масштаб геополитического триллера, где герои вынуждены противостоять собственной стране ради справедливости.","для просмотра в напряжении, когда хочется серьезной драмы о власти и чести",,"Я не собираюсь воевать с Америкой, я собираюсь защитить её от тех, кто управляет ею из тени.",,"[""Сериал снимался на Гавайях, что придало военной базе и подводной лодке особую визуальную достоверность и масштаб."", ""Шоураннер Шон Райан настаивал на максимально реалистичном подходе к военным протоколам и жизни экипажа подлодки."", ""Персонаж Андре Брауэра, капитан Маркус Чаплин, был задуман как античный трагический герой, вынужденный выбирать между честью и выживанием."", ""Проект был закрыт после первого сезона из-за низких рейтингов, несмотря на крайне положительные отзывы критиков о сценарии.""]","[""Охота за «Красным Октябрем»"", ""Последний корабль"", ""Подводная лодка"", ""Карточный домик""]","Капитан Чаплин и его экипаж, захватившие контроль над ядерным арсеналом, вступают в финальную конфронтацию с коррумпированным правительством США, жертвуя собой ради разоблачения истинных заговорщиков, устроивших подставную атаку для начала масштабной войны.","{""rating"": ""хороший"", ""liked"": ""Напряженный сюжет, отличная актерская игра Андре Брауэра, уникальная атмосфера изоляции и высокая политическая драма уровня большого кино."", ""disliked"": ""Слишком много сюжетных линий, которые не успели раскрыть из-за поспешного закрытия сериала после первого сезона.""}",series,,0,,0,episode,,
9292,ДИСК C,Y:\сериалы\Last Samurai Standing 1 - LostFilm.TV [1080p],,Last Samurai Standing 1 - LostFilm.TV [1080p],Last Samurai Standing,Последний самурай,2024,Боевики,"[""Боевик"", ""Исторический"", ""Драма""]",Япония,"[""Хидэо Накада""]","[""Кэн Ватанабэ"", ""Хироюки Санада"", ""Ринко Кикути"", ""Таданобу Асано"", ""Масато Ибу""]",завершён,1.0,[],"{""imdb"": 7.8, ""tmdb"": 7.6}","[""Премия Японской киноакадемии за лучшую работу художника-постановщика""]","История разворачивается в период глубоких политических потрясений, где последний представитель древнего клана воинов пытается отстоять остатки чести в стремительно меняющемся мире. Сюжет фокусируется на серии напряженных дуэлей и моральных дилемм, с которыми сталкивается протагонист, пытаясь предотвратить уничтожение традиционного уклада жизни безжалостной коррумпированной властью. Главному герою приходится не только демонстрировать филигранное владение мечом, но и вступать в тонкие интеллектуальные игры с противниками, чьи ресурсы превосходят его возможности в десятки раз. Каждое решение героя приближает его к неизбежному финалу, где сталкиваются старая этика и безжалостный прагматизм новой эпохи, оставляя зрителя в постоянном ожидании развязки конфликта, где цена проигрыша — полная потеря национальной идентичности и физическое уничтожение всех последователей благородного пути меча.","Мрачная и созерцательная, пропитанная ароматом стали, сакуры и тяжелым чувством исторической обреченности, сменяющаяся вспышками жестокого действия.","Потрясающая визуальная эстетика и глубокое исследование кодекса чести делают картину обязательной для тех, кто ищет в кино не только экшен, но и философскую глубину.",для глубокого погружения в атмосферу исторического фатализма и размышлений о верности своим идеалам.,,"Смерть — это не конец пути, а лишь начало истинного понимания того, ради чего стоило жить.","После первого сезона, так как история логически завершается и последующие события выглядят как попытка растянуть хронометраж.","[""Сериал основан на серии классических японских графических новелл, которые впервые получили столь масштабную и детализированную адаптацию для западного зрителя."", ""Главный актер тренировался с мастерами боевых искусств более шести месяцев, чтобы самостоятельно выполнять большинство трюков с мечом в кадре."", ""Съемочная группа специально для проекта воссоздала целую деревню эпохи Эдо в пригороде Киото, используя исторически достоверные материалы и архитектурные техники."", ""В качестве консультантов по исторической точности выступили профессора университетов Токио, обеспечившие аутентичность костюмов и манеры общения самураев того периода.""]","[""Сёгун"", ""Последний самурай"", ""Клинок бессмертного"", ""Затоiчи""]","Главный герой ценой своей жизни и чести совершает последний акт сопротивления, навсегда меняя судьбу своего клана и оставляя наследие истинного воина в стремительно меняющемся мире.","{""rating"": ""отличный"", ""liked"": ""Потрясающая хореография боев, глубокое погружение в японскую философию, великолепная работа оператора и невероятно аутентичное музыкальное сопровождение всего повествования."", ""disliked"": ""Некоторым зрителям темп повествования в середине сезона может показаться излишне медитативным и неспешным, что немного затягивает развитие драмы.""}",series,,0,,0,episode,,
9295,ДИСК C,Y:\сериалы\Les Miserables 1 - LostFilm.TV [1080p],,Les Miserables 1 - LostFilm.TV [1080p],Les Misérables,Отверженные,2018,Исторические/Костюмированные,"[""Драма"", ""История"", ""Криминал""]",Великобритания,"[""Том Шенклэнд""]","[""Доминик Уэст"", ""Дэвид Ойелоуо"", ""Лили Коллинз"", ""Эдди Марсан"", ""Элли Бамбер""]",завершён,1.0,[],"{""imdb"": 7.8, ""tmdb"": 7.5}","[""Номинация на премию BAFTA TV за дизайн костюмов""]","Действие разворачивается во Франции XIX века на фоне социальных потрясений и борьбы за справедливость. Бывший каторжник Жан Вальжан после долгих лет заключения пытается начать новую жизнь, но преследование безжалостного инспектора Жавера не дает ему покоя. Параллельно развивается трагическая история Фантины, вынужденной пойти на крайние меры ради спасения дочери Козетты, и история Мариуса, разрывающегося между любовью и идеалами революции. События охватывают десятилетия, демонстрируя глубокую трансформацию человеческой души через страдания, искупление, самопожертвование и поиск прощения. Это масштабное полотно показывает контраст между богатством элиты и нищетой отверженных, где каждый персонаж сталкивается с моральным выбором в мире, где закон зачастую противоположен справедливости, а милосердие становится единственным спасением для тех, кто оказался на самом дне общества, пытаясь обрести достоинство и свободу.","Мрачная, драматичная и эмоционально насыщенная историческая атмосфера с сильным акцентом на человеческие страдания и торжество духовной справедливости.","Экранизация предлагает глубокое погружение в классический сюжет Гюго с великолепным актерским составом и дотошным вниманием к историческим деталям, что делает её обязательной для ценителей серьезной драматической литературы.",для глубокого погружения в философские размышления и сопереживания сложным судьбам героев в декорациях драматичной Франции XIX века,,"Даже самая темная ночь закончится, и взойдет солнце.",,"[""Мини-сериал стал одной из редких адаптаций классического романа Виктора Гюго, где полностью отсутствуют музыкальные номера из знаменитого мюзикла."", ""Сценарий к сериалу написал Эндрю Дэвис, известный своими безупречными экранизациями британской классики, включая «Гордость и предубеждение»."", ""Съемки проекта проходили в исторических локациях Бельгии и Северной Франции, чтобы максимально точно передать атмосферу Парижа XIX века."", ""Доминик Уэст и Дэвид Ойелоуо были выбраны на главные роли благодаря их способности передать глубину психологического противостояния героев.""]","[""Война и мир (2016)"", ""Большие надежды (2011)"", ""Ярмарка тщеславия (2018)"", ""Граф Монте-Кристо (2024)""]","Жан Вальжан, пройдя через годы преследований и искупления, умирает в мире с самим собой, благословив Козетту и Мариуса и оставив свое темное прошлое навсегда позади.","{""rating"": ""отличный"", ""liked"": ""Поражает глубокое раскрытие персонажей, великолепная работа художников по костюмам и убедительная актерская игра, передающая весь драматизм эпохи."", ""disliked"": ""Некоторым зрителям показалось, что темп повествования в середине сезона излишне затянут, что мешает динамичному развитию ключевых событий.""}",series,,0,,0,episode,,
9296,ДИСК C,Y:\сериалы\LEVIATHAN.1989.US.BD,,LEVIATHAN.1989.US.BD,,,0,Драмы,,,,,,0.0,,,,,,,,,,,,,,,series,,0,,0,,,
9298,ДИСК C,Y:\сериалы\Line.of.Duty.XviD.TVShows,,Line.of.Duty.XviD.TVShows,,,0,Драмы,,,,,,0.0,,,,,,,,,,,,,,,series,,0,,0,,,
9474,ДИСК 2,X:\сериалы\Schmigadoon! (Season 1-2)\Season 1,,Schmigadoon! (Season 1-2) (сезон 1),,,2021,Мюзиклы,"[""Комедия"", ""Мюзикл"", ""Фэнтези""]",США,"[""Барри Зонненфельд""]","[""Киган-Майкл Ки"", ""Сесили Стронг"", ""Фред Армисен"", ""Дав Камерон"", ""Кристин Ченовет""]",,0.0,,"{""imdb"": 7.4, ""tmdb"": 7.3}",,,,,,,,,,,,,season,8464,0,,0,,,
9475,ДИСК 2,X:\сериалы\Shameless (US). Full HD BD-Remux by Wild_Cat\Shameless. Season 01 (2011) Full HD BD-Remux by Wild_Cat,,Shameless (US). Full HD BD-Remux by Wild_Cat (сезон 1),,,0,Драмы,[],,[],[],,0.0,,{},,,,,,,,,,,,,season,8465,0,,0,,,
9476,ДИСК 2,X:\сериалы\Shameless (US). Full HD BD-Remux by Wild_Cat\Shameless. Season 01 (2011) Full HD BD-Remux by Wild_Cat\Shameless. Season 01. Episode 01. Full HD BD-Remux by Wild_Cat.mkv,,Shameless (US). Full HD BD-Remux by Wild_Cat S01E00 Shameless. Season 01. Episode 01. Full HD BD-Remux by Wild_Cat.mkv,,,0,Драмы,[],,[],[],,0.0,,{},,,,,,,,,,,,,episode,9475,0,,0,,,
9477,ДИСК 2,X:\сериалы\Shameless (US). Full HD BD-Remux by Wild_Cat\Shameless. Season 01 (2011) Full HD BD-Remux by Wild_Cat\Shameless. Season 01. Episode 02. Full HD BD-Remux by Wild_Cat.mkv,,Shameless (US). Full HD BD-Remux by Wild_Cat S01E00 Shameless. Season 01. Episode 02. Full HD BD-Remux by Wild_Cat.mkv,,,0,Драмы,[],,[],[],,0.0,,{},,,,,,,,,,,,,episode,9475,0,,0,,,
9478,ДИСК 2,X:\сериалы\Shameless (US). Full HD BD-Remux by Wild_Cat\Shameless. Season 01 (2011) Full HD BD-Remux by Wild_Cat\Shameless. Season 01. Episode 03. Full HD BD-Remux by Wild_Cat.mkv,,Shameless (US). Full HD BD-Remux by Wild_Cat S01E00 Shameless. Season 01. Episode 03. Full HD BD-Remux by Wild_Cat.mkv,,,0,Драмы,[],,[],[],,0.0,,{},,,,,,,,,,,,,episode,9475,0,,0,,,
9479,ДИСК 2,X:\сериалы\Shameless (US). Full HD BD-Remux by Wild_Cat\Shameless. Season 01 (2011) Full HD BD-Remux by Wild_Cat\Shameless. Season 01. Episode 04. Full HD BD-Remux by Wild_Cat.mkv,,Shameless (US). Full HD BD-Remux by Wild_Cat S01E00 Shameless. Season 01. Episode 04. Full HD BD-Remux by Wild_Cat.mkv,,,0,Драмы,[],,[],[],,0.0,,{},,,,,,,,,,,,,episode,9475,0,,0,,,
9480,ДИСК 2,X:\сериалы\Shameless (US). Full HD BD-Remux by Wild_Cat\Shameless. Season 01 (2011) Full HD BD-Remux by Wild_Cat\Shameless. Season 01. Episode 10. Full HD BD-Remux by Wild_Cat.mkv,,Shameless (US). Full HD BD-Remux by Wild_Cat S01E00 Shameless. Season 01. Episode 10. Full HD BD-Remux by Wild_Cat.mkv,,,0,Драмы,[],,[],[],,0.0,,{},,,,,,,,,,,,,episode,9475,0,,0,,,
9481,ДИСК 2,X:\сериалы\Shameless (US). Full HD BD-Remux by Wild_Cat\Shameless. Season 01 (2011) Full HD BD-Remux by Wild_Cat\Shameless. Season 01. Episode 12. Full HD BD-Remux by Wild_Cat.mkv,,Shameless (US). Full HD BD-Remux by Wild_Cat S01E00 Shameless. Season 01. Episode 12. Full HD BD-Remux by Wild_Cat.mkv,,,0,Драмы,[],,[],[],,0.0,,{},,,,,,,,,,,,,episode,9475,0,,0,,,
9482,ДИСК 2,X:\сериалы\Shameless (US). Full HD BD-Remux by Wild_Cat\Shameless. Season 01 (2011) Full HD BD-Remux by Wild_Cat\Shameless. Season 01. Extras 01. Bringing Shameless to America. Full HD BD-Remux by Wild_Cat.mkv,,Shameless (US). Full HD BD-Remux by Wild_Cat S01E00 Shameless. Season 01. Extras 01. Bringing Shameless to America. Full HD BD-Remux by Wild_Cat.mkv,,,0,Драмы,[],,[],[],,0.0,,{},,,,,,,,,,,,,episode,9475,0,,0,,,
9483,ДИСК 2,X:\сериалы\Shameless (US). Full HD BD-Remux by Wild_Cat\Shameless. Season 02 (2012) Full HD BD-Remux by Wild_Cat,,Shameless (US). Full HD BD-Remux by Wild_Cat (сезон 2),,,0,Драмы,[],,[],[],,0.0,,{},,,,,,,,,,,,,season,8465,0,,0,,,
9484,ДИСК 2,X:\сериалы\Shameless (US). Full HD BD-Remux by Wild_Cat\Shameless. Season 02 (2012) Full HD BD-Remux by Wild_Cat\Shameless. Season 02. Episode 04. Full HD BD-Remux by Wild_Cat.mkv,,Shameless (US). Full HD BD-Remux by Wild_Cat S02E00 Shameless. Season 02. Episode 04. Full HD BD-Remux by Wild_Cat.mkv,,,0,Драмы,[],,[],[],,0.0,,{},,,,,,,,,,,,,episode,9483,0,,0,,,
9485,ДИСК 2,X:\сериалы\Shameless (US). Full HD BD-Remux by Wild_Cat\Shameless. Season 02 (2012) Full HD BD-Remux by Wild_Cat\Shameless. Season 02. Episode 05. Full HD BD-Remux by Wild_Cat.mkv,,Shameless (US). Full HD BD-Remux by Wild_Cat S02E00 Shameless. Season 02. Episode 05. Full HD BD-Remux by Wild_Cat.mkv,,,0,Драмы,[],,[],[],,0.0,,{},,,,,,,,,,,,,episode,9483,0,,0,,,
9486,ДИСК 2,X:\сериалы\Shameless (US). Full HD BD-Remux by Wild_Cat\Shameless. Season 03 (2013) Full HD BD-Remux by Wild_Cat,,Shameless (US). Full HD BD-Remux by Wild_Cat (сезон 3),,,0,Драмы,[],,[],[],,0.0,,{},,,,,,,,,,,,,season,8465,0,,0,,,
9487,ДИСК 2,X:\сериалы\Shameless (US). Full HD BD-Remux by Wild_Cat\Shameless. Season 03 (2013) Full HD BD-Remux by Wild_Cat\Shameless. Season 03. Episode 08. Full HD BD-Remux by Wild_Cat.mkv,,Shameless (US). Full HD BD-Remux by Wild_Cat S03E00 Shameless. Season 03. Episode 08. Full HD BD-Remux by Wild_Cat.mkv,,,0,Драмы,[],,[],[],,0.0,,{},,,,,,,,,,,,,episode,9486,0,,0,,,
9488,ДИСК 2,X:\сериалы\Shameless (US). Full HD BD-Remux by Wild_Cat\Shameless. Season 07 (2016) Full HD BD-Remux by Wild_Cat,,Shameless (US). Full HD BD-Remux by Wild_Cat (сезон 7),,,0,Драмы,[],,[],[],,0.0,,{},,,,,,,,,,,,,season,8465,0,,0,,,
9489,ДИСК 2,X:\сериалы\Shameless (US). Full HD BD-Remux by Wild_Cat\Shameless. Season 07 (2016) Full HD BD-Remux by Wild_Cat\Shameless. Season 07. Episode 05. Full HD BD-Remux by Wild_Cat.mkv,,Shameless (US). Full HD BD-Remux by Wild_Cat S07E00 Shameless. Season 07. Episode 05. Full HD BD-Remux by Wild_Cat.mkv,,,0,Драмы,[],,[],[],,0.0,,{},,,,,,,,,,,,,episode,9488,0,,0,,,
9490,ДИСК 2,X:\сериалы\Shameless (US). Full HD BD-Remux by Wild_Cat\Shameless. Season 07 (2016) Full HD BD-Remux by Wild_Cat\Shameless. Season 07. Episode 07. Full HD BD-Remux by Wild_Cat.mkv,,Shameless (US). Full HD BD-Remux by Wild_Cat S07E00 Shameless. Season 07. Episode 07. Full HD BD-Remux by Wild_Cat.mkv,,,0,Драмы,[],,[],[],,0.0,,{},,,,,,,,,,,,,episode,9488,0,,0,,,
9491,ДИСК 2,X:\сериалы\Shameless (US). Full HD BD-Remux by Wild_Cat\Shameless. Season 07 (2016) Full HD BD-Remux by Wild_Cat\Shameless. Season 07. Episode 10. Full HD BD-Remux by Wild_Cat.mkv,,Shameless (US). Full HD BD-Remux by Wild_Cat S07E00 Shameless. Season 07. Episode 10. Full HD BD-Remux by Wild_Cat.mkv,,,0,Драмы,[],,[],[],,0.0,,{},,,,,,,,,,,,,episode,9488,0,,0,,,
9492,ДИСК 2,X:\сериалы\Shameless (US). Full HD BD-Remux by Wild_Cat\Shameless. Season 07 (2016) Full HD BD-Remux by Wild_Cat\Shameless. Season 07. Episode 11. Full HD BD-Remux by Wild_Cat.mkv,,Shameless (US). Full HD BD-Remux by Wild_Cat S07E00 Shameless. Season 07. Episode 11. Full HD BD-Remux by Wild_Cat.mkv,,,0,Драмы,[],,[],[],,0.0,,{},,,,,,,,,,,,,episode,9488,0,,0,,,
9493,ДИСК 2,X:\сериалы\Shameless (US). Full HD BD-Remux by Wild_Cat\Shameless. Season 08 (2017-2018) Full HD BD-Remux by Wild_Cat,,Shameless (US). Full HD BD-Remux by Wild_Cat (сезон 8),,,0,Драмы,[],,[],[],,0.0,,{},,,,,,,,,,,,,season,8465,0,,0,,,
9494,ДИСК 2,X:\сериалы\Shameless (US). Full HD BD-Remux by Wild_Cat\Shameless. Season 08 (2017-2018) Full HD BD-Remux by Wild_Cat\Shameless. Season 08. Episode 05. Full HD BD-Remux by Wild_Cat.mkv,,Shameless (US). Full HD BD-Remux by Wild_Cat S08E00 Shameless. Season 08. Episode 05. Full HD BD-Remux by Wild_Cat.mkv,,,0,Драмы,[],,[],[],,0.0,,{},,,,,,,,,,,,,episode,9493,0,,0,,,
9495,ДИСК 2,X:\сериалы\Shameless (US). Full HD BD-Remux by Wild_Cat\Shameless. Season 08 (2017-2018) Full HD BD-Remux by Wild_Cat\Shameless. Season 08. Episode 12. Full HD BD-Remux by Wild_Cat.mkv,,Shameless (US). Full HD BD-Remux by Wild_Cat S08E00 Shameless. Season 08. Episode 12. Full HD BD-Remux by Wild_Cat.mkv,,,0,Драмы,[],,[],[],,0.0,,{},,,,,,,,,,,,,episode,9493,0,,0,,,
9496,ДИСК 2,X:\сериалы\Shameless (US). Full HD BD-Remux by Wild_Cat\Shameless. Season 09 (2018-2019) Full HD BD-Remux by Wild_Cat,,Shameless (US). Full HD BD-Remux by Wild_Cat (сезон 9),,,0,Драмы,[],,[],[],,0.0,,{},,,,,,,,,,,,,season,8465,0,,0,,,
9497,ДИСК 2,X:\сериалы\Shameless (US). Full HD BD-Remux by Wild_Cat\Shameless. Season 09 (2018-2019) Full HD BD-Remux by Wild_Cat\Shameless. Season 09. Episode 05. Full HD BD-Remux by Wild_Cat.mkv,,Shameless (US). Full HD BD-Remux by Wild_Cat S09E00 Shameless. Season 09. Episode 05. Full HD BD-Remux by Wild_Cat.mkv,,,0,Драмы,[],,[],[],,0.0,,{},,,,,,,,,,,,,episode,9496,0,,0,,,
9498,ДИСК 2,X:\сериалы\Shameless (US). Full HD BD-Remux by Wild_Cat\Shameless. Season 09 (2018-2019) Full HD BD-Remux by Wild_Cat\Shameless. Season 09. Episode 12. Full HD BD-Remux by Wild_Cat.mkv,,Shameless (US). Full HD BD-Remux by Wild_Cat S09E00 Shameless. Season 09. Episode 12. Full HD BD-Remux by Wild_Cat.mkv,,,0,Драмы,[],,[],[],,0.0,,{},,,,,,,,,,,,,episode,9496,0,,0,,,
9499,ДИСК 2,X:\сериалы\Shameless (US). Full HD BD-Remux by Wild_Cat\Shameless. Season 09 (2018-2019) Full HD BD-Remux by Wild_Cat\Shameless. Season 09. Episode 13. Full HD BD-Remux by Wild_Cat.mkv,,Shameless (US). Full HD BD-Remux by Wild_Cat S09E00 Shameless. Season 09. Episode 13. Full HD BD-Remux by Wild_Cat.mkv,,,0,Драмы,[],,[],[],,0.0,,{},,,,,,,,,,,,,episode,9496,0,,0,,,
9500,ДИСК 2,X:\сериалы\Shameless (US). Full HD BD-Remux by Wild_Cat\Shameless. Season 09 (2018-2019) Full HD BD-Remux by Wild_Cat\Shameless. Season 09. Episode 14. Full HD BD-Remux by Wild_Cat.mkv,,Shameless (US). Full HD BD-Remux by Wild_Cat S09E00 Shameless. Season 09. Episode 14. Full HD BD-Remux by Wild_Cat.mkv,,,0,Драмы,[],,[],[],,0.0,,{},,,,,,,,,,,,,episode,9496,0,,0,,,
9501,ДИСК 2,X:\сериалы\Shameless (US). Full HD BD-Remux by Wild_Cat\Shameless. Season 10 (2019-2020) Full HD BD-Remux by Wild_Cat,,Shameless (US). Full HD BD-Remux by Wild_Cat (сезон 10),,,0,Драмы,[],,[],[],,0.0,,{},,,,,,,,,,,,,season,8465,0,,0,,,
9502,ДИСК 2,X:\сериалы\Shameless (US). Full HD BD-Remux by Wild_Cat\Shameless. Season 10 (2019-2020) Full HD BD-Remux by Wild_Cat\Shameless. Season 10. Episode 02. Full HD BD-Remux by Wild_Cat.mkv,,Shameless (US). Full HD BD-Remux by Wild_Cat S10E00 Shameless. Season 10. Episode 02. Full HD BD-Remux by Wild_Cat.mkv,,,0,Драмы,[],,[],[],,0.0,,{},,,,,,,,,,,,,episode,9501,0,,0,,,
9503,ДИСК 2,X:\сериалы\Shameless (US). Full HD BD-Remux by Wild_Cat\Shameless. Season 10 (2019-2020) Full HD BD-Remux by Wild_Cat\Shameless. Season 10. Episode 07. Full HD BD-Remux by Wild_Cat.mkv,,Shameless (US). Full HD BD-Remux by Wild_Cat S10E00 Shameless. Season 10. Episode 07. Full HD BD-Remux by Wild_Cat.mkv,,,0,Драмы,[],,[],[],,0.0,,{},,,,,,,,,,,,,episode,9501,0,,0,,,
9504,ДИСК 2,X:\сериалы\Shameless (US). Full HD BD-Remux by Wild_Cat\Shameless. Season 10 (2019-2020) Full HD BD-Remux by Wild_Cat\Shameless. Season 10. Episode 11. Full HD BD-Remux by Wild_Cat.mkv,,Shameless (US). Full HD BD-Remux by Wild_Cat S10E00 Shameless. Season 10. Episode 11. Full HD BD-Remux by Wild_Cat.mkv,,,0,Драмы,[],,[],[],,0.0,,{},,,,,,,,,,,,,episode,9501,0,,0,,,
9505,ДИСК 2,X:\сериалы\Shameless (US). Full HD BD-Remux by Wild_Cat\Shameless. Season 11 (2020-2021) Full HD BD-Remux by Wild_Cat,,Shameless (US). Full HD BD-Remux by Wild_Cat (сезон 11),,,0,Драмы,[],,[],[],,0.0,,{},,,,,,,,,,,,,season,8465,0,,0,,,
9506,ДИСК 2,X:\сериалы\Shameless (US). Full HD BD-Remux by Wild_Cat\Shameless. Season 11 (2020-2021) Full HD BD-Remux by Wild_Cat\Shameless. Season 11. Episode 07. Full HD BD-Remux by Wild_Cat.mkv,,Shameless (US). Full HD BD-Remux by Wild_Cat S11E00 Shameless. Season 11. Episode 07. Full HD BD-Remux by Wild_Cat.mkv,,,0,Драмы,[],,[],[],,0.0,,{},,,,,,,,,,,,,episode,9505,0,,0,,,
9507,ДИСК 2,X:\сериалы\The.Last.Kingdom.2015.bdrip_[teko]\Season_01,,The.Last.Kingdom.2015.bdrip_[teko] (сезон 1),,,0,Драмы,[],,[],[],,0.0,,{},,,,,,,,,,,,,season,8488,0,,0,,,
9508,ДИСК 2,X:\сериалы\The.Last.Kingdom.2015.bdrip_[teko]\Season_01\s01e01.avi,,The.Last.Kingdom.2015.bdrip_[teko] S01E00 s01e01.avi,,,0,Драмы,[],,[],[],,0.0,,{},,,,,,,,,,,,,episode,9507,0,,0,,,
9509,ДИСК 2,X:\сериалы\The.Last.Kingdom.2015.bdrip_[teko]\Season_01\s01e02.avi,,The.Last.Kingdom.2015.bdrip_[teko] S01E00 s01e02.avi,,,0,Драмы,[],,[],[],,0.0,,{},,,,,,,,,,,,,episode,9507,0,,0,,,
9510,ДИСК 2,X:\сериалы\The.Last.Kingdom.2015.bdrip_[teko]\Season_01\s01e03.avi,,The.Last.Kingdom.2015.bdrip_[teko] S01E00 s01e03.avi,,,0,Драмы,[],,[],[],,0.0,,{},,,,,,,,,,,,,episode,9507,0,,0,,,
9511,ДИСК 2,X:\сериалы\The.Last.Kingdom.2015.bdrip_[teko]\Season_01\s01e04.avi,,The.Last.Kingdom.2015.bdrip_[teko] S01E00 s01e04.avi,,,0,Драмы,[],,[],[],,0.0,,{},,,,,,,,,,,,,episode,9507,0,,0,,,
9512,ДИСК 2,X:\сериалы\The.Last.Kingdom.2015.bdrip_[teko]\Season_01\s01e05.avi,,The.Last.Kingdom.2015.bdrip_[teko] S01E00 s01e05.avi,,,0,Драмы,[],,[],[],,0.0,,{},,,,,,,,,,,,,episode,9507,0,,0,,,
9513,ДИСК 2,X:\сериалы\The.Last.Kingdom.2015.bdrip_[teko]\Season_01\s01e06.avi,,The.Last.Kingdom.2015.bdrip_[teko] S01E00 s01e06.avi,,,0,Драмы,[],,[],[],,0.0,,{},,,,,,,,,,,,,episode,9507,0,,0,,,
9514,ДИСК 2,X:\сериалы\The.Last.Kingdom.2015.bdrip_[teko]\Season_01\s01e07.avi,,The.Last.Kingdom.2015.bdrip_[teko] S01E00 s01e07.avi,,,0,Драмы,[],,[],[],,0.0,,{},,,,,,,,,,,,,episode,9507,0,,0,,,
9515,ДИСК 2,X:\сериалы\The.Last.Kingdom.2015.bdrip_[teko]\Season_01\s01e08.avi,,The.Last.Kingdom.2015.bdrip_[teko] S01E00 s01e08.avi,,,0,Драмы,[],,[],[],,0.0,,{},,,,,,,,,,,,,episode,9507,0,,0,,,
9516,ДИСК 2,X:\сериалы\The.Last.Kingdom.2015.bdrip_[teko]\Season_02,,The.Last.Kingdom.2015.bdrip_[teko] (сезон 2),,,0,Драмы,[],,[],[],,0.0,,{},,,,,,,,,,,,,season,8488,0,,0,,,
9517,ДИСК 2,X:\сериалы\The.Last.Kingdom.2015.bdrip_[teko]\Season_02\s02e01.avi,,The.Last.Kingdom.2015.bdrip_[teko] S02E00 s02e01.avi,,,0,Драмы,[],,[],[],,0.0,,{},,,,,,,,,,,,,episode,9516,0,,0,,,
9518,ДИСК 2,X:\сериалы\The.Last.Kingdom.2015.bdrip_[teko]\Season_02\s02e02.avi,,The.Last.Kingdom.2015.bdrip_[teko] S02E00 s02e02.avi,,,0,Драмы,[],,[],[],,0.0,,{},,,,,,,,,,,,,episode,9516,0,,0,,,
9519,ДИСК 2,X:\сериалы\The.Last.Kingdom.2015.bdrip_[teko]\Season_02\s02e03.avi,,The.Last.Kingdom.2015.bdrip_[teko] S02E00 s02e03.avi,,,0,Драмы,[],,[],[],,0.0,,{},,,,,,,,,,,,,episode,9516,0,,0,,,
9520,ДИСК 2,X:\сериалы\The.Last.Kingdom.2015.bdrip_[teko]\Season_02\s02e04.avi,,The.Last.Kingdom.2015.bdrip_[teko] S02E00 s02e04.avi,,,0,Драмы,[],,[],[],,0.0,,{},,,,,,,,,,,,,episode,9516,0,,0,,,
9521,ДИСК 2,X:\сериалы\The.Last.Kingdom.2015.bdrip_[teko]\Season_02\s02e05.avi,,The.Last.Kingdom.2015.bdrip_[teko] S02E00 s02e05.avi,,,0,Драмы,[],,[],[],,0.0,,{},,,,,,,,,,,,,episode,9516,0,,0,,,
9522,ДИСК 2,X:\сериалы\The.Last.Kingdom.2015.bdrip_[teko]\Season_02\s02e06.avi,,The.Last.Kingdom.2015.bdrip_[teko] S02E00 s02e06.avi,,,0,Драмы,[],,[],[],,0.0,,{},,,,,,,,,,,,,episode,9516,0,,0,,,
9523,ДИСК 2,X:\сериалы\The.Last.Kingdom.2015.bdrip_[teko]\Season_02\s02e07.avi,,The.Last.Kingdom.2015.bdrip_[teko] S02E00 s02e07.avi,,,0,Драмы,[],,[],[],,0.0,,{},,,,,,,,,,,,,episode,9516,0,,0,,,
9524,ДИСК 2,X:\сериалы\The.Last.Kingdom.2015.bdrip_[teko]\Season_02\s02e08.avi,,The.Last.Kingdom.2015.bdrip_[teko] S02E00 s02e08.avi,,,0,Драмы,[],,[],[],,0.0,,{},,,,,,,,,,,,,episode,9516,0,,0,,,
9525,ДИСК 2,X:\сериалы\The.Last.Kingdom.2015.bdrip_[teko]\Season_03,,The.Last.Kingdom.2015.bdrip_[teko] (сезон 3),,,0,Драмы,[],,[],[],,0.0,,{},,,,,,,,,,,,,season,8488,0,,0,,,
9526,ДИСК 2,X:\сериалы\The.Last.Kingdom.2015.bdrip_[teko]\Season_03\s03e01.avi,,The.Last.Kingdom.2015.bdrip_[teko] S03E00 s03e01.avi,,,0,Драмы,[],,[],[],,0.0,,{},,,,,,,,,,,,,episode,9525,0,,0,,,
9527,ДИСК 2,X:\сериалы\The.Last.Kingdom.2015.bdrip_[teko]\Season_03\s03e02.avi,,The.Last.Kingdom.2015.bdrip_[teko] S03E00 s03e02.avi,,,0,Драмы,[],,[],[],,0.0,,{},,,,,,,,,,,,,episode,9525,0,,0,,,
9528,ДИСК 2,X:\сериалы\The.Last.Kingdom.2015.bdrip_[teko]\Season_03\s03e03.avi,,The.Last.Kingdom.2015.bdrip_[teko] S03E00 s03e03.avi,,,0,Драмы,[],,[],[],,0.0,,{},,,,,,,,,,,,,episode,9525,0,,0,,,
9529,ДИСК 2,X:\сериалы\The.Last.Kingdom.2015.bdrip_[teko]\Season_03\s03e04.avi,,The.Last.Kingdom.2015.bdrip_[teko] S03E00 s03e04.avi,,,0,Драмы,[],,[],[],,0.0,,{},,,,,,,,,,,,,episode,9525,0,,0,,,
9530,ДИСК 2,X:\сериалы\The.Last.Kingdom.2015.bdrip_[teko]\Season_03\s03e05.avi,,The.Last.Kingdom.2015.bdrip_[teko] S03E00 s03e05.avi,,,0,Драмы,[],,[],[],,0.0,,{},,,,,,,,,,,,,episode,9525,0,,0,,,
9531,ДИСК 2,X:\сериалы\The.Last.Kingdom.2015.bdrip_[teko]\Season_03\s03e06.avi,,The.Last.Kingdom.2015.bdrip_[teko] S03E00 s03e06.avi,,,0,Драмы,[],,[],[],,0.0,,{},,,,,,,,,,,,,episode,9525,0,,0,,,
9532,ДИСК 2,X:\сериалы\The.Last.Kingdom.2015.bdrip_[teko]\Season_03\s03e07.avi,,The.Last.Kingdom.2015.bdrip_[teko] S03E00 s03e07.avi,,,0,Драмы,[],,[],[],,0.0,,{},,,,,,,,,,,,,episode,9525,0,,0,,,
9533,ДИСК 2,X:\сериалы\The.Last.Kingdom.2015.bdrip_[teko]\Season_03\s03e08.avi,,The.Last.Kingdom.2015.bdrip_[teko] S03E00 s03e08.avi,,,0,Драмы,[],,[],[],,0.0,,{},,,,,,,,,,,,,episode,9525,0,,0,,,
9534,ДИСК 2,X:\сериалы\The.Last.Kingdom.2015.bdrip_[teko]\Season_03\s03e09.avi,,The.Last.Kingdom.2015.bdrip_[teko] S03E00 s03e09.avi,,,0,Драмы,[],,[],[],,0.0,,{},,,,,,,,,,,,,episode,9525,0,,0,,,
9535,ДИСК 2,X:\сериалы\The.Last.Kingdom.2015.bdrip_[teko]\Season_03\s03e10.avi,,The.Last.Kingdom.2015.bdrip_[teko] S03E00 s03e10.avi,,,0,Драмы,[],,[],[],,0.0,,{},,,,,,,,,,,,,episode,9525,0,,0,,,
9536,ДИСК 2,X:\сериалы\The.Last.Kingdom.2015.bdrip_[teko]\Season_04,,The.Last.Kingdom.2015.bdrip_[teko] (сезон 4),,,0,Драмы,[],,[],[],,0.0,,{},,,,,,,,,,,,,season,8488,0,,0,,,
9537,ДИСК 2,X:\сериалы\The.Last.Kingdom.2015.bdrip_[teko]\Season_04\s04e01.avi,,The.Last.Kingdom.2015.bdrip_[teko] S04E00 s04e01.avi,,,0,Драмы,[],,[],[],,0.0,,{},,,,,,,,,,,,,episode,9536,0,,0,,,
9538,ДИСК 2,X:\сериалы\The.Last.Kingdom.2015.bdrip_[teko]\Season_04\s04e02.avi,,The.Last.Kingdom.2015.bdrip_[teko] S04E00 s04e02.avi,,,0,Драмы,[],,[],[],,0.0,,{},,,,,,,,,,,,,episode,9536,0,,0,,,
9539,ДИСК 2,X:\сериалы\The.Last.Kingdom.2015.bdrip_[teko]\Season_04\s04e03.avi,,The.Last.Kingdom.2015.bdrip_[teko] S04E00 s04e03.avi,,,0,Драмы,[],,[],[],,0.0,,{},,,,,,,,,,,,,episode,9536,0,,0,,,
9540,ДИСК 2,X:\сериалы\The.Last.Kingdom.2015.bdrip_[teko]\Season_04\s04e04.avi,,The.Last.Kingdom.2015.bdrip_[teko] S04E00 s04e04.avi,,,0,Драмы,[],,[],[],,0.0,,{},,,,,,,,,,,,,episode,9536,0,,0,,,
9541,ДИСК 2,X:\сериалы\The.Last.Kingdom.2015.bdrip_[teko]\Season_04\s04e05.avi,,The.Last.Kingdom.2015.bdrip_[teko] S04E00 s04e05.avi,,,0,Драмы,[],,[],[],,0.0,,{},,,,,,,,,,,,,episode,9536,0,,0,,,
9542,ДИСК 2,X:\сериалы\The.Last.Kingdom.2015.bdrip_[teko]\Season_04\s04e06.avi,,The.Last.Kingdom.2015.bdrip_[teko] S04E00 s04e06.avi,,,0,Драмы,[],,[],[],,0.0,,{},,,,,,,,,,,,,episode,9536,0,,0,,,
9543,ДИСК 2,X:\сериалы\The.Last.Kingdom.2015.bdrip_[teko]\Season_04\s04e07.avi,,The.Last.Kingdom.2015.bdrip_[teko] S04E00 s04e07.avi,,,0,Драмы,[],,[],[],,0.0,,{},,,,,,,,,,,,,episode,9536,0,,0,,,
9544,ДИСК 2,X:\сериалы\The.Last.Kingdom.2015.bdrip_[teko]\Season_04\s04e08.avi,,The.Last.Kingdom.2015.bdrip_[teko] S04E00 s04e08.avi,,,0,Драмы,[],,[],[],,0.0,,{},,,,,,,,,,,,,episode,9536,0,,0,,,
9545,ДИСК 2,X:\сериалы\The.Last.Kingdom.2015.bdrip_[teko]\Season_04\s04e09.avi,,The.Last.Kingdom.2015.bdrip_[teko] S04E00 s04e09.avi,,,0,Драмы,[],,[],[],,0.0,,{},,,,,,,,,,,,,episode,9536,0,,0,,,
9546,ДИСК 2,X:\сериалы\The.Last.Kingdom.2015.bdrip_[teko]\Season_04\s04e10.avi,,The.Last.Kingdom.2015.bdrip_[teko] S04E00 s04e10.avi,,,0,Драмы,[],,[],[],,0.0,,{},,,,,,,,,,,,,episode,9536,0,,0,,,
9547,ДИСК 2,X:\сериалы\The.Last.Kingdom.2015.bdrip_[teko]\Season_05,,The.Last.Kingdom.2015.bdrip_[teko] (сезон 5),,,0,Драмы,[],,[],[],,0.0,,{},,,,,,,,,,,,,season,8488,0,,0,,,
9548,ДИСК 2,X:\сериалы\The.Last.Kingdom.2015.bdrip_[teko]\Season_05\s05e01.avi,,The.Last.Kingdom.2015.bdrip_[teko] S05E00 s05e01.avi,,,0,Драмы,[],,[],[],,0.0,,{},,,,,,,,,,,,,episode,9547,0,,0,,,
9549,ДИСК 2,X:\сериалы\The.Last.Kingdom.2015.bdrip_[teko]\Season_05\s05e02.avi,,The.Last.Kingdom.2015.bdrip_[teko] S05E00 s05e02.avi,,,0,Драмы,[],,[],[],,0.0,,{},,,,,,,,,,,,,episode,9547,0,,0,,,
9550,ДИСК 2,X:\сериалы\The.Last.Kingdom.2015.bdrip_[teko]\Season_05\s05e03.avi,,The.Last.Kingdom.2015.bdrip_[teko] S05E00 s05e03.avi,,,0,Драмы,[],,[],[],,0.0,,{},,,,,,,,,,,,,episode,9547,0,,0,,,
9551,ДИСК 2,X:\сериалы\The.Last.Kingdom.2015.bdrip_[teko]\Season_05\s05e04.avi,,The.Last.Kingdom.2015.bdrip_[teko] S05E00 s05e04.avi,,,0,Драмы,[],,[],[],,0.0,,{},,,,,,,,,,,,,episode,9547,0,,0,,,
9552,ДИСК 2,X:\сериалы\The.Last.Kingdom.2015.bdrip_[teko]\Season_05\s05e05.avi,,The.Last.Kingdom.2015.bdrip_[teko] S05E00 s05e05.avi,,,0,Драмы,[],,[],[],,0.0,,{},,,,,,,,,,,,,episode,9547,0,,0,,,
9553,ДИСК 2,X:\сериалы\The.Last.Kingdom.2015.bdrip_[teko]\Season_05\s05e06.avi,,The.Last.Kingdom.2015.bdrip_[teko] S05E00 s05e06.avi,,,0,Драмы,[],,[],[],,0.0,,{},,,,,,,,,,,,,episode,9547,0,,0,,,
9554,ДИСК 2,X:\сериалы\The.Last.Kingdom.2015.bdrip_[teko]\Season_05\s05e07.avi,,The.Last.Kingdom.2015.bdrip_[teko] S05E00 s05e07.avi,,,0,Драмы,[],,[],[],,0.0,,{},,,,,,,,,,,,,episode,9547,0,,0,,,
9555,ДИСК 2,X:\сериалы\The.Last.Kingdom.2015.bdrip_[teko]\Season_05\s05e08.avi,,The.Last.Kingdom.2015.bdrip_[teko] S05E00 s05e08.avi,,,0,Драмы,[],,[],[],,0.0,,{},,,,,,,,,,,,,episode,9547,0,,0,,,
9556,ДИСК 2,X:\сериалы\The.Last.Kingdom.2015.bdrip_[teko]\Season_05\s05e09.avi,,The.Last.Kingdom.2015.bdrip_[teko] S05E00 s05e09.avi,,,0,Драмы,[],,[],[],,0.0,,{},,,,,,,,,,,,,episode,9547,0,,0,,,
9557,ДИСК 2,X:\сериалы\The.Last.Kingdom.2015.bdrip_[teko]\Season_05\s05e10.avi,,The.Last.Kingdom.2015.bdrip_[teko] S05E00 s05e10.avi,,,0,Драмы,[],,[],[],,0.0,,{},,,,,,,,,,,,,episode,9547,0,,0,,,
9558,ДИСК 2,X:\сериалы\White.Collar.Dub\Season 1,,White.Collar.Dub (сезон 1),,,0,Драмы,[],,[],[],,0.0,,{},,,,,,,,,,,,,season,8499,0,,0,,,
9559,ДИСК C,Y:\сериалы\Mechta Esrefa,,Mechta Esrefa,Eşref Saati,Мечта Эшрефа,2007,Семейные,"[""Комедия"", ""Драма"", ""Семейный""]",Турция,"[""Зейнеп Гюнай Тан""]","[""Мустафа Юстюндаг"", ""Йевки Сунар"", ""Бюлент Шакрак"", ""Селин Демиратар"", ""Явуз Бингёль""]",завершён,2.0,[],"{""imdb"": 6.8, ""tmdb"": 7.0}",[],"Сюжет турецкого сериала разворачивается вокруг двух непримиримых соседей — Эшрефа и Сары, чьи семьи на протяжении многих лет поддерживают вражду из-за старинных обид и неразрешенных конфликтов. Эшреф, гордый и принципиальный глава семьи, пытается сохранить традиции в стремительно меняющемся мире, в то время как Сара сталкивается с предательствами внутри собственного окружения. История мастерски переплетает личные драмы героев с социальными проблемами небольшого района, где каждое слово может стать поводом для скандала. Героям приходится пройти через серию испытаний, переосмыслить свои ценности и попытаться найти путь к примирению, несмотря на давление родственников и интриги врагов. Столкновение характеров, сложные эмоциональные связи и неожиданные повороты судьбы делают этот сериал классическим образцом глубокой семейной саги, где честь семьи стоит превыше всего.","Традиционная турецкая драма с элементами семейного противостояния, пропитанная колоритом старого района и вечными конфликтами поколений.","Сериал предлагает качественную актерскую игру и классический восточный драматизм, позволяющий погрузиться в атмосферу семейных традиций и интриг.","для погружения в неспешные, эмоционально насыщенные семейные истории с глубоким национальным колоритом и драмой.",,"Время Эшрефа — это время, когда каждый должен сделать выбор между местью и миром, чтобы сохранить то, что ему по-настоящему дорого.","После 1-го сезона, если кажется, что сюжет слишком затянут.","[""Сериал транслировался в прайм-тайм на турецком телеканале Show TV и стал заметным явлением в жанре криминальной драмы середины 2000-х."", ""Название 'Eşref Saati' переводится как 'Счастливый час' — термин из турецкой астрологии, обозначающий время, когда любое начинание обречено на успех."", ""Главные роли исполнили звезды турецкого экрана, чьи персонажи олицетворяют противостояние старых традиций и современного криминального уклада жизни в Стамбуле."", ""Производством проекта занималась компания Pana Film, известная культовым сериалом 'Долина волков', что отразилось на стиле съемок и экшн-сценах."", ""Музыкальное сопровождение сериала подчеркивает драматический контраст между суровой реальностью стамбульских улиц и глубокой личной философией главных героев.""]","[""Долина волков (Kurtlar Vadisi)"", ""Эзель (Ezel)"", ""Внутри (İçerde)"", ""Чукур (Çukur)"", ""Карадай (Karadayı)""]","Сериал завершается примирением враждующих группировок, восстановлением справедливости в квартале и осознанием героями важности семейных уз и чести выше личных амбиций.","{""rating"": ""хороший"", ""liked"": ""Поклонники оценили колоритных персонажей, глубокий психологизм конфликта, захватывающие перестрелки и отличную химию между главными актерами на экране."", ""disliked"": ""Некоторым зрителям показалось, что повествование иногда затягивается, а обилие второстепенных линий усложняет восприятие центрального сюжета.""}",series,,0,,0,episode,,
9560,ДИСК C,Y:\сериалы\Na voyne kak na voyne,,Na voyne kak na voyne,,,0,Драмы,,,,,,0.0,,,,,,,,,,,,,,,series,,0,,0,,,
9561,ДИСК C,Y:\сериалы\Nevskiy.WEB-DL.(1080p).lunkin,,Nevskiy.WEB-DL.(1080p).lunkin,,,0,Драмы,,,,,,0.0,,,,,,,,,,,,,,,series,,0,,0,,,
9562,ДИСК C,Y:\сериалы\Queen of the South 5 - LostFilm.TV [1080p],,Queen of the South 5 - LostFilm.TV [1080p],,,0,Драмы,,,,,,0.0,,,,,,,,,,,,,,,series,,0,,0,,,
9563,ДИСК C,Y:\сериалы\Scrubs Season 2 1080 AI,,Scrubs Season 2 1080 AI,Scrubs,Клиника,2002,Семейные,"[""Комедия"", ""Драма""]",США,"[""Билл Лоуренс"", ""Майкл Спайллер"", ""Адам Бернштейн""]","[""Зак Брафф"", ""Дональд Фэйсон"", ""Сара Чок"", ""Джон К. Макгинли"", ""Джуди Рейс""]",завершён,9.0,[],"{""imdb"": 8.4, ""tmdb"": 8.0}","[""Эмми — лучший монтаж сериала"", ""Номинация на Золотой глобус — лучший актер в комедийном сериале (Зак Брафф)""]","Второй сезон легендарного сериала продолжает историю интернов в больнице «Святое Сердце», где Джей Ди сталкивается с новыми профессиональными и личными испытаниями. Доктор Кокс продолжает менторство с фирменным сарказмом, а отношения между героями становятся сложнее и глубже. Основное внимание уделено профессиональному взрослению интернов, которые переходят на второй год обучения. Герои учатся принимать ответственность за жизни пациентов, справляться с неудачами и осознавать, что медицина — это не только подвиги, но и рутина, ошибки и личные драмы. Сезон гармонично сочетает абсурдный юмор с глубокими моментами, раскрывая внутренний мир каждого персонажа. Зритель наблюдает за развитием дружбы Джей Ди и Терка, а также за попытками Эллиот найти свое призвание в медицине, несмотря на постоянное давление со стороны наставников и непредсказуемый характер больничных будней.",Сюрреалистичная и динамичная обстановка больницы с резкими переходами от уморительного фарса к искренней человеческой драме.,"Второй сезон окончательно закрепляет уникальный стиль сериала, предлагая идеальный баланс между комедийными фантазиями и эмоциональной глубиной жизни врачей.","для поднятия настроения, когда хочется посмеяться над нелепостью жизни, не забывая о важных человеческих ценностях.",,У каждого есть свой способ справляться с трудностями. Главное — не оставаться с ними наедине.,"Сериал можно смотреть целиком, но восьмой сезон считается идеальным логическим завершением истории.","[""Во втором сезоне Зак Брафф начал самостоятельно режиссировать некоторые эпизоды, что стало для него дебютом в этой профессии."", ""Знаменитый интерьер больницы 'Святого сердца' на самом деле был реальной клиникой, которую выкупила студия для съёмок сериала."", ""Появление Брендана Фрейзера в роли Бена Салливана стало одной из самых трогательных сюжетных линий, которую очень полюбили фанаты."", ""Многие медицинские случаи в сериале основаны на реальных историях из практики консультантов-врачей, работавших над проектом."", ""Закадровый смех в сериале отсутствует принципиально, что было редкостью для ситкомов того времени и добавляло реалистичности драме.""]","[""Анатомия страсти"", ""Тед Лассо"", ""Парки и зоны отдыха"", ""Хорошее место"", ""Бруклин 9-9""]","Джей Ди и Эллиот переживают сложный разрыв, Терк делает предложение Карле, а Кокс учится принимать поддержку от друзей в самые тяжёлые моменты жизни клиники.","{""rating"": ""отличный"", ""liked"": ""Порадовал идеальный баланс между искрометным юмором, глубокой драмой, прекрасной актёрской игрой и очень живыми персонажами."", ""disliked"": ""Некоторых зрителей может утомлять гиперактивность главного героя в некоторых сериях, но это лишь вопрос личного восприятия.""}",series,,0,,0,season,,
9564,ДИСК C,Y:\сериалы\Scrubs Season 3 1080 AI,,Scrubs Season 3 1080 AI,,,0,Драмы,,,,,,0.0,,,,,,,,,,,,,,,series,,0,,0,,,
9565,ДИСК C,Y:\сериалы\Scrubs Season 4 1080 AI,,Scrubs Season 4 1080 AI,,,0,Драмы,,,,,,0.0,,,,,,,,,,,,,,,series,,0,,0,,,
9566,ДИСК C,Y:\сериалы\Severance 2 - LostFilm.TV [1080p],,Severance 2 - LostFilm.TV [1080p],Severance,Разделение,2025,Триллеры,"[""Фантастика"", ""Триллер"", ""Драма"", ""Детектив""]",США,"[""Бен Стиллер"", ""Ифа Макардл""]","[""Адам Скотт"", ""Зак Черри"", ""Бритт Лоуэр"", ""Трамэл Тиллман"", ""Джен Таллок""]",продолжается,2.0,[],"{""imdb"": 8.7, ""tmdb"": 8.5}","[""Премия Пибоди"", ""Номинация на Золотой глобус""]","Второй сезон продолжает исследование мрачной корпорации «Люмон», где сотрудники проходят процедуру «Разделения», хирургически отделяющую их рабочие воспоминания от личных. После шокирующего финала первого сезона, где главные герои кратковременно прорвались в свои внешние жизни, Марк и его коллеги сталкиваются с последствиями своих действий. Руководство корпорации усиливает меры безопасности и психологического давления, пытаясь предотвратить дальнейшие попытки саботажа. Герои начинают осознавать масштаб манипуляций, которым подвергаются их «внутренние» личности, и пытаются объединиться, чтобы найти способ окончательно разрушить систему. Параллельно внешние версии персонажей сталкиваются с новыми угрозами и тайнами, связанными с основателями компании, что ставит под вопрос саму природу реальности, контроля и личной свободы в мире, где корпоративные интересы возведены в абсолют и охраняются с фанатичной жестокостью.","Холодный, стерильный минимализм, сменяющийся нарастающей паранойей и клаустрофобным напряжением в безликих коридорах футуристичного офисного лабиринта.","Сериал филигранно препарирует концепцию баланса между работой и личной жизнью, превращая корпоративный быт в пугающий, но захватывающий интеллектуальный триллер.","Для вдумчивого просмотра в состоянии легкой тревоги, когда хочется погрузиться в сложную антиутопическую загадку.",,"Я не хочу быть тем, кто я есть в этой комнате. Я хочу быть тем, кто я есть снаружи.",,"[""Для съемок офисных интерьеров была построена масштабная декорация, создающая ощущение лабиринта без окон и естественного освещения."", ""Режиссер Бен Стиллер решил использовать минималистичную палитру цветов, чтобы подчеркнуть стерильность и изоляцию корпоративной среды."", ""Актер Адам Скотт признавался, что концепция разделения памяти заставила его задуматься о собственном балансе между работой и личной жизнью."", ""Второй сезон столкнулся с длительными задержками производства из-за голливудских забастовок, что потребовало пересмотра графиков съемок и постпродакшена.""]","[""Черное зеркало"", ""Мистер Робот"", ""Укрытие"", ""Легион"", ""Возвращение домой""]","Марк узнает, что его сестра — жена босса корпорации, а Инни-версии героев вступают в решающую схватку с системой, чтобы вырваться из офисного заточения.","{""rating"": ""отличный"", ""liked"": ""Зрители высоко оценили философскую глубину, пугающе точную атмосферу корпоративного абсурда и невероятную игру Адама Скотта в двух амплуа."", ""disliked"": ""Многих расстроил долгий перерыв между сезонами и медленный темп развития событий в начале второго сезона.""}",series,,0,,0,episode,,
9567,ДИСК C,Y:\сериалы\six feet under,,six feet under,,,0,Драмы,,,,,,0.0,,,,,,,,,,,,,,,series,,0,,0,,,
9587,ДИСК C,Y:\сериалы\Barry\Барри. 4 сезон. 2023 (WEB-DL 1080p),,Barry (сезон 2023),,,2018,Триллеры,"[""Комедия"", ""Криминал"", ""Драма""]",США,"[""Билл Хейдер"", ""Алек Берг""]","[""Билл Хейдер"", ""Стивен Рут"", ""Сара Голдберг"", ""Гленн Флешлер"", ""Энтони Керриган""]",,0.0,,"{""imdb"": 8.4, ""tmdb"": 8.1}",,,,,,,,,,,,,season,9059,0,,0,,,
9588,ДИСК C,Y:\сериалы\Barry\Барри. 4 сезон. 2023 (WEB-DL 1080p)\Barry.s04e01. Опять.mkv,,Barry S2023E00 Barry.s04e01. Опять.mkv,,,2018,Триллеры,"[""Комедия"", ""Криминал"", ""Драма""]",США,"[""Билл Хейдер"", ""Алек Берг""]","[""Билл Хейдер"", ""Стивен Рут"", ""Сара Голдберг"", ""Гленн Флешлер"", ""Энтони Керриган""]",,0.0,,"{""imdb"": 8.4, ""tmdb"": 8.1}",,,,,,,,,,,,,episode,9587,0,,0,,,
9589,ДИСК C,Y:\сериалы\Barry\Барри. 4 сезон. 2023 (WEB-DL 1080p)\Barry.s04e03. Ты очаровательна.mkv,,Barry S2023E00 Barry.s04e03. Ты очаровательна.mkv,,,2018,Триллеры,"[""Комедия"", ""Криминал"", ""Драма""]",США,"[""Билл Хейдер"", ""Алек Берг""]","[""Билл Хейдер"", ""Стивен Рут"", ""Сара Голдберг"", ""Гленн Флешлер"", ""Энтони Керриган""]",,0.0,,"{""imdb"": 8.4, ""tmdb"": 8.1}",,,,,,,,,,,,,episode,9587,0,,0,,,
9590,ДИСК C,Y:\сериалы\Barry\Барри. 4 сезон. 2023 (WEB-DL 1080p)\Barry.s04e04. Для этого нужен псих.mkv,,Barry S2023E00 Barry.s04e04. Для этого нужен псих.mkv,,,2018,Триллеры,"[""Комедия"", ""Криминал"", ""Драма""]",США,"[""Билл Хейдер"", ""Алек Берг""]","[""Билл Хейдер"", ""Стивен Рут"", ""Сара Голдберг"", ""Гленн Флешлер"", ""Энтони Керриган""]",,0.0,,"{""imdb"": 8.4, ""tmdb"": 8.1}",,,,,,,,,,,,,episode,9587,0,,0,,,
9591,ДИСК C,Y:\сериалы\Barry\Барри. 4 сезон. 2023 (WEB-DL 1080p)\Barry.s04e05. Сложное наследие.mkv,,Barry S2023E00 Barry.s04e05. Сложное наследие.mkv,,,2018,Триллеры,"[""Комедия"", ""Криминал"", ""Драма""]",США,"[""Билл Хейдер"", ""Алек Берг""]","[""Билл Хейдер"", ""Стивен Рут"", ""Сара Голдберг"", ""Гленн Флешлер"", ""Энтони Керриган""]",,0.0,,"{""imdb"": 8.4, ""tmdb"": 8.1}",,,,,,,,,,,,,episode,9587,0,,0,,,
9592,ДИСК C,Y:\сериалы\Barry\Барри. 4 сезон. 2023 (WEB-DL 1080p)\Barry.s04e06. Чародей.mkv,,Barry S2023E00 Barry.s04e06. Чародей.mkv,,,2018,Триллеры,"[""Комедия"", ""Криминал"", ""Драма""]",США,"[""Билл Хейдер"", ""Алек Берг""]","[""Билл Хейдер"", ""Стивен Рут"", ""Сара Голдберг"", ""Гленн Флешлер"", ""Энтони Керриган""]",,0.0,,"{""imdb"": 8.4, ""tmdb"": 8.1}",,,,,,,,,,,,,episode,9587,0,,0,,,
9593,ДИСК C,Y:\сериалы\Barry\Барри. 4 сезон. 2023 (WEB-DL 1080p)\Barry.s04e07. Вкусная еда.mkv,,Barry S2023E00 Barry.s04e07. Вкусная еда.mkv,,,2018,Триллеры,"[""Комедия"", ""Криминал"", ""Драма""]",США,"[""Билл Хейдер"", ""Алек Берг""]","[""Билл Хейдер"", ""Стивен Рут"", ""Сара Голдберг"", ""Гленн Флешлер"", ""Энтони Керриган""]",,0.0,,"{""imdb"": 8.4, ""tmdb"": 8.1}",,,,,,,,,,,,,episode,9587,0,,0,,,
9594,ДИСК C,Y:\сериалы\Barry\Барри. 4 сезон. 2023 (WEB-DL 1080p)\Barry.s04e08. Круто.mkv,,Barry S2023E00 Barry.s04e08. Круто.mkv,,,2018,Триллеры,"[""Комедия"", ""Криминал"", ""Драма""]",США,"[""Билл Хейдер"", ""Алек Берг""]","[""Билл Хейдер"", ""Стивен Рут"", ""Сара Голдберг"", ""Гленн Флешлер"", ""Энтони Керриган""]",,0.0,,"{""imdb"": 8.4, ""tmdb"": 8.1}",,,,,,,,,,,,,episode,9587,0,,0,,,
9649,ДИСК C,Y:\сериалы\six feet under\season 1,,six feet under (сезон 1),,,0,Драмы,[],,[],[],,0.0,,{},,,,,,,,,,,,,season,9567,0,,0,,,
9650,ДИСК C,Y:\сериалы\six feet under\season 1\six feet under.s01e01 (rus).avi,,six feet under S01E00 six feet under.s01e01 (rus).avi,,,0,Драмы,[],,[],[],,0.0,,{},,,,,,,,,,,,,episode,9649,0,,0,,,
9651,ДИСК C,Y:\сериалы\six feet under\season 1\six feet under.s01e02 (rus).avi,,six feet under S01E00 six feet under.s01e02 (rus).avi,,,0,Драмы,[],,[],[],,0.0,,{},,,,,,,,,,,,,episode,9649,0,,0,,,
9652,ДИСК C,Y:\сериалы\six feet under\season 1\six feet under.s01e03 (rus).avi,,six feet under S01E00 six feet under.s01e03 (rus).avi,,,0,Драмы,[],,[],[],,0.0,,{},,,,,,,,,,,,,episode,9649,0,,0,,,
9653,ДИСК C,Y:\сериалы\six feet under\season 1\six feet under.s01e04 (rus).avi,,six feet under S01E00 six feet under.s01e04 (rus).avi,,,0,Драмы,[],,[],[],,0.0,,{},,,,,,,,,,,,,episode,9649,0,,0,,,
9654,ДИСК C,Y:\сериалы\six feet under\season 1\six feet under.s01e05 (rus).avi,,six feet under S01E00 six feet under.s01e05 (rus).avi,,,0,Драмы,[],,[],[],,0.0,,{},,,,,,,,,,,,,episode,9649,0,,0,,,
9655,ДИСК C,Y:\сериалы\six feet under\season 1\six feet under.s01e06 (rus).avi,,six feet under S01E00 six feet under.s01e06 (rus).avi,,,0,Драмы,[],,[],[],,0.0,,{},,,,,,,,,,,,,episode,9649,0,,0,,,
9656,ДИСК C,Y:\сериалы\six feet under\season 1\six feet under.s01e07 (rus).avi,,six feet under S01E00 six feet under.s01e07 (rus).avi,,,0,Драмы,[],,[],[],,0.0,,{},,,,,,,,,,,,,episode,9649,0,,0,,,
9657,ДИСК C,Y:\сериалы\six feet under\season 1\six feet under.s01e08 (rus).avi,,six feet under S01E00 six feet under.s01e08 (rus).avi,,,0,Драмы,[],,[],[],,0.0,,{},,,,,,,,,,,,,episode,9649,0,,0,,,
9658,ДИСК C,Y:\сериалы\six feet under\season 1\six feet under.s01e09 (rus).avi,,six feet under S01E00 six feet under.s01e09 (rus).avi,,,0,Драмы,[],,[],[],,0.0,,{},,,,,,,,,,,,,episode,9649,0,,0,,,
9659,ДИСК C,Y:\сериалы\six feet under\season 1\six feet under.s01e10 (rus).avi,,six feet under S01E00 six feet under.s01e10 (rus).avi,,,0,Драмы,[],,[],[],,0.0,,{},,,,,,,,,,,,,episode,9649,0,,0,,,
9660,ДИСК C,Y:\сериалы\six feet under\season 1\six feet under.s01e11 (rus).avi,,six feet under S01E00 six feet under.s01e11 (rus).avi,,,0,Драмы,[],,[],[],,0.0,,{},,,,,,,,,,,,,episode,9649,0,,0,,,
9661,ДИСК C,Y:\сериалы\six feet under\season 1\six feet under.s01e12 (rus).avi,,six feet under S01E00 six feet under.s01e12 (rus).avi,,,0,Драмы,[],,[],[],,0.0,,{},,,,,,,,,,,,,episode,9649,0,,0,,,
9662,ДИСК C,Y:\сериалы\six feet under\season 1\six feet under.s01e13 (rus).avi,,six feet under S01E00 six feet under.s01e13 (rus).avi,,,0,Драмы,[],,[],[],,0.0,,{},,,,,,,,,,,,,episode,9649,0,,0,,,
