id,path,title_orig,media_type
5478,S:\фильмы\500 дней лета,(500) Days of Summer,movie
5477,,(500) Days of Summer,movie
5474,,(500) Days of Summer,movie
6270,K:\сериалы\500 дней лета,(500) Days of Summer,series
5475,S:\фильмыŀ дней лета,(500) Days of Summer,movie
6994,P:\сериалы\03 1703,1703,series
766,S:\фильмы\1703.S01.2022.WEB-DL.720p,1703,series
6750,R:\сериалы\Agatha Christie's Poirot\Season 13,Agatha Christie's Poirot,season
6741,R:\сериалы\Agatha Christie's Poirot\Season 12,Agatha Christie's Poirot,season
6732,R:\сериалы\Agatha Christie's Poirot\Season 11,Agatha Christie's Poirot,season
6780,R:\сериалы\Agatha Christie's Poirot\Season 3,Agatha Christie's Poirot,season
6723,R:\сериалы\Agatha Christie's Poirot\Season 10,Agatha Christie's Poirot,season
6355,R:\сериалы\Agatha Christie's Poirot,Agatha Christie's Poirot,series
6827,R:\сериалы\Agatha Christie's Poirot\Season 6,Agatha Christie's Poirot,season
6836,R:\сериалы\Agatha Christie's Poirot\Season 7,Agatha Christie's Poirot,season
6702,R:\сериалы\Agatha Christie's Poirot\Season 1,Agatha Christie's Poirot,season
6761,R:\сериалы\Agatha Christie's Poirot\Season 2,Agatha Christie's Poirot,season
6846,R:\сериалы\Agatha Christie's Poirot\Season 9,Agatha Christie's Poirot,season
6810,R:\сериалы\Agatha Christie's Poirot\Season 5,Agatha Christie's Poirot,season
6803,R:\сериалы\Agatha Christie's Poirot\Season 4,Agatha Christie's Poirot,season
6841,R:\сериалы\Agatha Christie's Poirot\Season 8,Agatha Christie's Poirot,season
6759,R:\сериалы\Agatha Christie's Poirot\Season 13\05 Curtain_ Poirot's Final Case (HD).m4v,Agatha Christie's Poirot: Curtain: Poirot's Final Case,episode
6760,R:\сериалы\Agatha Christie's Poirot\Season 13\05 Curtain_ Poirot's Final Case.m4v,Agatha Christie's Poirot: Curtain: Poirot's Final Case,episode
6756,R:\сериалы\Agatha Christie's Poirot\Season 13\03 Dead Man's Folly.m4v,Agatha Christie's Poirot: Dead Man's Folly,episode
6755,R:\сериалы\Agatha Christie's Poirot\Season 13\03 Dead Man's Folly (HD).m4v,Agatha Christie's Poirot: Dead Man's Folly,episode
6851,R:\сериалы\Agatha Christie's Poirot\Season 9\03 Death On the Nile (HD).m4v,Agatha Christie's Poirot: Death on the Nile,episode
6852,R:\сериалы\Agatha Christie's Poirot\Season 9\03 Death On the Nile.m4v,Agatha Christie's Poirot: Death on the Nile,episode
6835,R:\сериалы\Agatha Christie's Poirot\Season 6\04 Dumb Witness.m4v,Agatha Christie's Poirot: Dumb Witness,episode
6834,R:\сериалы\Agatha Christie's Poirot\Season 6\04 Dumb Witness (HD).m4v,Agatha Christie's Poirot: Dumb Witness,episode
6784,R:\сериалы\Agatha Christie's Poirot\Season 3\02 How Does Your Garden Grow_.m4v,Agatha Christie's Poirot: How Does Your Garden Grow?,episode
6783,R:\сериалы\Agatha Christie's Poirot\Season 3\02 How Does Your Garden Grow_ (HD).m4v,Agatha Christie's Poirot: How Does Your Garden Grow?,episode
6731,R:\сериалы\Agatha Christie's Poirot\Season 10\04 Taken At the Flood.m4v,Agatha Christie's Poirot: Taken at the Flood,episode
6730,R:\сериалы\Agatha Christie's Poirot\Season 10\04 Taken At the Flood (HD).m4v,Agatha Christie's Poirot: Taken at the Flood,episode
6799,R:\сериалы\Agatha Christie's Poirot\Season 3\10 Affair at the Victory Ball (HD).m4v,Agatha Christie's Poirot: The Affair at the Victory Ball,episode
6800,R:\сериалы\Agatha Christie's Poirot\Season 3\10 Affair at the Victory Ball.m4v,Agatha Christie's Poirot: The Affair at the Victory Ball,episode
6753,R:\сериалы\Agatha Christie's Poirot\Season 13\02 The Big Four (HD).m4v,Agatha Christie's Poirot: The Big Four,episode
6754,R:\сериалы\Agatha Christie's Poirot\Season 13\02 The Big Four.m4v,Agatha Christie's Poirot: The Big Four,episode
6817,R:\сериалы\Agatha Christie's Poirot\Season 5\04 The Case of the Missing Will (HD).m4v,Agatha Christie's Poirot: The Case of the Missing Will,episode
6818,R:\сериалы\Agatha Christie's Poirot\Season 5\04 The Case of the Missing Will.m4v,Agatha Christie's Poirot: The Case of the Missing Will,episode
6821,R:\сериалы\Agatha Christie's Poirot\Season 5\06 The Chocolate Box (HD).m4v,Agatha Christie's Poirot: The Chocolate Box,episode
6822,R:\сериалы\Agatha Christie's Poirot\Season 5\06 The Chocolate Box.m4v,Agatha Christie's Poirot: The Chocolate Box,episode
6742,R:\сериалы\Agatha Christie's Poirot\Season 12\01 The Clocks (HD).m4v,Agatha Christie's Poirot: The Clocks,episode
6743,R:\сериалы\Agatha Christie's Poirot\Season 12\01 The Clocks.m4v,Agatha Christie's Poirot: The Clocks,episode
6721,R:\сериалы\Agatha Christie's Poirot\Season 1\10 The Dream (HD).m4v,Agatha Christie's Poirot: The Dream,episode
6722,R:\сериалы\Agatha Christie's Poirot\Season 1\10 The Dream.m4v,Agatha Christie's Poirot: The Dream,episode
6853,R:\сериалы\Agatha Christie's Poirot\Season 9\04 The Hollow (HD).m4v,Agatha Christie's Poirot: The Hollow,episode
6854,R:\сериалы\Agatha Christie's Poirot\Season 9\04 The Hollow.m4v,Agatha Christie's Poirot: The Hollow,episode
6719,R:\сериалы\Agatha Christie's Poirot\Season 1\09 The King of Clubs (HD).m4v,Agatha Christie's Poirot: The King of Clubs,episode
6720,R:\сериалы\Agatha Christie's Poirot\Season 1\09 The King of Clubs.m4v,Agatha Christie's Poirot: The King of Clubs,episode
6757,R:\сериалы\Agatha Christie's Poirot\Season 13\04 The Labour of Hercules (HD).m4v,Agatha Christie's Poirot: The Labours of Hercules,episode
6758,R:\сериалы\Agatha Christie's Poirot\Season 13\04 The Labour of Hercules.m4v,Agatha Christie's Poirot: The Labours of Hercules,episode
6767,R:\сериалы\Agatha Christie's Poirot\Season 2\03 The Lost Mine.m4v,Agatha Christie's Poirot: The Lost Mine,episode
6766,R:\сериалы\Agatha Christie's Poirot\Season 2\03 The Lost Mine (HD).m4v,Agatha Christie's Poirot: The Lost Mine,episode
6786,R:\сериалы\Agatha Christie's Poirot\Season 3\03 Million Dollar Bond.m4v,Agatha Christie's Poirot: The Million Dollar Bond Robbery,episode
6785,R:\сериалы\Agatha Christie's Poirot\Season 3\03 Million Dollar Bond (HD).m4v,Agatha Christie's Poirot: The Million Dollar Bond Robbery,episode
6724,R:\сериалы\Agatha Christie's Poirot\Season 10\01 The Mystery of the Blue Train (HD).m4v,Agatha Christie's Poirot: The Mystery of the Blue Train,episode
6725,R:\сериалы\Agatha Christie's Poirot\Season 10\01 The Mystery of the Blue Train.m4v,Agatha Christie's Poirot: The Mystery of the Blue Train,episode
6798,R:\сериалы\Agatha Christie's Poirot\Season 3\09 Theft of Royal Ruby.m4v,Agatha Christie's Poirot: The Theft of the Royal Ruby,episode
6797,R:\сериалы\Agatha Christie's Poirot\Season 3\09 Theft of Royal Ruby (HD).m4v,Agatha Christie's Poirot: The Theft of the Royal Ruby,episode
6814,R:\сериалы\Agatha Christie's Poirot\Season 5\02 The Underdog.m4v,Agatha Christie's Poirot: The Underdog,episode
6813,R:\сериалы\Agatha Christie's Poirot\Season 5\02 The Underdog (HD).m4v,Agatha Christie's Poirot: The Underdog,episode
6737,R:\сериалы\Agatha Christie's Poirot\Season 11\03 Third Girl (HD).m4v,Agatha Christie's Poirot: Third Girl,episode
6738,R:\сериалы\Agatha Christie's Poirot\Season 11\03 Third Girl.m4v,Agatha Christie's Poirot: Third Girl,episode
6745,R:\сериалы\Agatha Christie's Poirot\Season 12\02 Three Act Tragedy.m4v,Agatha Christie's Poirot: Three Act Tragedy,episode
6744,R:\сериалы\Agatha Christie's Poirot\Season 12\02 Three Act Tragedy (HD).m4v,Agatha Christie's Poirot: Three Act Tragedy,episode
6714,R:\сериалы\Agatha Christie's Poirot\Season 1\06 Triangle at Rhodes.m4v,Agatha Christie's Poirot: Triangle at Rhodes,episode
6713,R:\сериалы\Agatha Christie's Poirot\Season 1\06 Triangle at Rhodes (HD).m4v,Agatha Christie's Poirot: Triangle at Rhodes,episode
7038,Q:\сериалы\08 Aktrisy.S01.2023.WEBRip.1080p,Aktrisy,series
768,S:\фильмы\Aktrisy.S01.2023.WEBRip.1080p,Aktrisy,series
4373,"S:\фильмы\121. Амадей (Amadeus, 1984) 1984.avi",Amadeus,movie
1124,Z:\фильмы\Amadeus [1984 HDRip].avi,Amadeus,movie
211,"S:\сериалы\43. Американская история преступлений (American Crime Story, 2016–2021) 2016",American Crime Story,series
954,E:\сериалы\12. Американская история преступлений (American Crime Story) (1–3 сезоны) 2016,American Crime Story,series
4705,"E:\фильмы\130. Ужасная вещь прошла и случилась (An Awful Thing Has Gone and Happened, 2022) 2022.mkv",An Awful Thing Has Gone and Happened,movie
7194,W:\фильмы\An.Awful.Thing.Has.Gone.and.Happened.1080p.WEB-DL.mkv,An Awful Thing Has Gone and Happened,movie
977,E:\сериалы\35. Управление гневом (Anger Management) (1–2 сезоны) 2012,Anger Management,series
978,"E:\сериалы\36. Управление гневом (Anger Management, 2012–2014) 2012",Anger Management,series
7090,U:\фильмы\Anger.Management.2003.HDRip-AVC.Rus.Eng.Sub.mkv,Anger Management,movie
5479,N:\фильмы\01 Babushka.legkogo.povedenija.2017.WEB-DLRip-AVC.RUS.stalkerok.new-team.mkv,Babushka lyogkogo povedeniya,movie
4484,S:\фильмы\Babushka.legkogo.povedenija.2017.WEB-DLRip-AVC.RUS.stalkerok.new-team.mkv,Babushka lyogkogo povedeniya,movie
6861,R:\сериалы\Babylon.Berlin\Babylon Berlin. Season 1 (WEBRip l 720p l Jaskier)\Babylon.Berlin.S01E06.720p.NF.DD5.1.x264-Jaskier.mkv,Babylon Berlin,episode
6356,R:\сериалы\Babylon.Berlin,Babylon Berlin,series
6863,R:\сериалы\Babylon.Berlin\Babylon Berlin. Season 1 (WEBRip l 720p l Jaskier)\Babylon.Berlin.S01E08.720p.NF.DD5.1.x264-Jaskier.mkv,Babylon Berlin,episode
6855,R:\сериалы\Babylon.Berlin\Babylon Berlin. Season 1 (WEBRip l 720p l Jaskier),Babylon Berlin,season
6862,R:\сериалы\Babylon.Berlin\Babylon Berlin. Season 1 (WEBRip l 720p l Jaskier)\Babylon.Berlin.S01E07.720p.NF.DD5.1.x264-Jaskier.mkv,Babylon Berlin,episode
6859,R:\сериалы\Babylon.Berlin\Babylon Berlin. Season 1 (WEBRip l 720p l Jaskier)\Babylon.Berlin.S01E04.720p.NF.DD5.1.x264-Jaskier.mkv,Babylon Berlin,episode
6860,R:\сериалы\Babylon.Berlin\Babylon Berlin. Season 1 (WEBRip l 720p l Jaskier)\Babylon.Berlin.S01E05.720p.NF.DD5.1.x264-Jaskier.mkv,Babylon Berlin,episode
6856,R:\сериалы\Babylon.Berlin\Babylon Berlin. Season 1 (WEBRip l 720p l Jaskier)\Babylon.Berlin.S01E01.720p.NF.DD5.1.x264-Jaskier.mkv,Babylon Berlin,episode
6858,R:\сериалы\Babylon.Berlin\Babylon Berlin. Season 1 (WEBRip l 720p l Jaskier)\Babylon.Berlin.S01E03.720p.NF.DD5.1.x264-Jaskier.mkv,Babylon Berlin,episode
6857,R:\сериалы\Babylon.Berlin\Babylon Berlin. Season 1 (WEBRip l 720p l Jaskier)\Babylon.Berlin.S01E02.720p.NF.DD5.1.x264-Jaskier.mkv,Babylon Berlin,episode
6998,P:\сериалы\10 Барри,Barry,series
8056,P:\сериалы\10 Барри\Барри. 4 сезон. 2023 (WEB-DL 1080p),Barry,season
1121,"Z:\фильмы\38. Перед полуночью (Before Midnight, 2013) 2013.avi",Before Midnight,movie
4441,"S:\фильмы\189. Перед полуночью (Before Midnight, 2013) 2013.avi",Before Midnight,movie
4504,S:\фильмы\Перед Полуночью.2013.HDRip.avi,Before Midnight,movie
4485,S:\фильмы\Before.Sunset.2004.AVO.Serbin.avi,Before Sunset,movie
6964,P:\фильмы\02 Before.Sunset.2004.AVO.Serbin.avi,Before Sunset,movie
5495,N:\сериалы\Big Little Lies,Big Little Lies,series
7118,U:\сериалы\Большая маленька ложь,Big Little Lies,series
8399,O:\Сериалы\08 Biheppi.2019,Biheppi,series
769,S:\фильмы\Biheppi.2019.WEB-DL.(1080p).Getty,Biheppi,series
8107,Q:\сериалы\05 Подпольная империя\Подпольная империя (Сезон 2) TVShows\Boardwalk.Empire.S02E07.HDRip.RGzsRutracker.Celta88.avi,Boardwalk Empire,episode
8089,Q:\сериалы\05 Подпольная империя\Подпольная империя (Сезон 1) TVShows\Boardwalk.Empire.S01E02.HDRip.RGzsRutracker.Celta88.avi,Boardwalk Empire,episode
8125,Q:\сериалы\05 Подпольная империя\Подпольная империя (Сезон 3) TVShows\Boardwalk.Empire.S03E12.HDRip.RGzsRutracker.Celta88.avi,Boardwalk Empire,episode
8090,Q:\сериалы\05 Подпольная империя\Подпольная империя (Сезон 1) TVShows\Boardwalk.Empire.S01E03.HDRip.RGzsRutracker.Celta88.avi,Boardwalk Empire,episode
8091,Q:\сериалы\05 Подпольная империя\Подпольная империя (Сезон 1) TVShows\Boardwalk.Empire.S01E04.HDRip.RGzsRutracker.Celta88.avi,Boardwalk Empire,episode
8093,Q:\сериалы\05 Подпольная империя\Подпольная империя (Сезон 1) TVShows\Boardwalk.Empire.S01E06.HDRip.RGzsRutracker.Celta88.avi,Boardwalk Empire,episode
8094,Q:\сериалы\05 Подпольная империя\Подпольная империя (Сезон 1) TVShows\Boardwalk.Empire.S01E07.HDRip.RGzsRutracker.Celta88.avi,Boardwalk Empire,episode
8095,Q:\сериалы\05 Подпольная империя\Подпольная империя (Сезон 1) TVShows\Boardwalk.Empire.S01E08.HDRip.RGzsRutracker.Celta88.avi,Boardwalk Empire,episode
8096,Q:\сериалы\05 Подпольная империя\Подпольная империя (Сезон 1) TVShows\Boardwalk.Empire.S01E09.HDRip.RGzsRutracker.Celta88.avi,Boardwalk Empire,episode
8097,Q:\сериалы\05 Подпольная империя\Подпольная империя (Сезон 1) TVShows\Boardwalk.Empire.S01E10.HDRip.RGzsRutracker.Celta88.avi,Boardwalk Empire,episode
8098,Q:\сериалы\05 Подпольная империя\Подпольная империя (Сезон 1) TVShows\Boardwalk.Empire.S01E11.HDRip.RGzsRutracker.Celta88.avi,Boardwalk Empire,episode
8100,Q:\сериалы\05 Подпольная империя\Подпольная империя (Сезон 2) TVShows,Boardwalk Empire,season
8101,Q:\сериалы\05 Подпольная империя\Подпольная империя (Сезон 2) TVShows\Boardwalk.Empire.S02E01.HDRip.RGzsRutracker.Celta88.avi,Boardwalk Empire,episode
8103,Q:\сериалы\05 Подпольная империя\Подпольная империя (Сезон 2) TVShows\Boardwalk.Empire.S02E03.HDRip.RGzsRutracker.Celta88.avi,Boardwalk Empire,episode
8104,Q:\сериалы\05 Подпольная империя\Подпольная империя (Сезон 2) TVShows\Boardwalk.Empire.S02E04.HDRip.RGzsRutracker.Celta88.avi,Boardwalk Empire,episode
8105,Q:\сериалы\05 Подпольная империя\Подпольная империя (Сезон 2) TVShows\Boardwalk.Empire.S02E05.HDRip.RGzsRutracker.Celta88.avi,Boardwalk Empire,episode
8106,Q:\сериалы\05 Подпольная империя\Подпольная империя (Сезон 2) TVShows\Boardwalk.Empire.S02E06.HDRip.RGzsRutracker.Celta88.avi,Boardwalk Empire,episode
8088,Q:\сериалы\05 Подпольная империя\Подпольная империя (Сезон 1) TVShows\Boardwalk.Empire.S01E01.HDRip.RGzsRutracker.Celta88.avi,Boardwalk Empire,episode
8087,Q:\сериалы\05 Подпольная империя\Подпольная империя (Сезон 1) TVShows,Boardwalk Empire,season
8108,Q:\сериалы\05 Подпольная империя\Подпольная империя (Сезон 2) TVShows\Boardwalk.Empire.S02E08.HDRip.RGzsRutracker.Celta88.avi,Boardwalk Empire,episode
8112,Q:\сериалы\05 Подпольная империя\Подпольная империя (Сезон 2) TVShows\Boardwalk.Empire.S02E12.HDRip.RGzsRutracker.Celta88.avi,Boardwalk Empire,episode
8124,Q:\сериалы\05 Подпольная империя\Подпольная империя (Сезон 3) TVShows\Boardwalk.Empire.S03E11.HDRip.RGzsRutracker.Celta88.avi,Boardwalk Empire,episode
8123,Q:\сериалы\05 Подпольная империя\Подпольная империя (Сезон 3) TVShows\Boardwalk.Empire.S03E10.HDRip.RGzsRutracker.Celta88.avi,Boardwalk Empire,episode
7035,Q:\сериалы\05 Подпольная империя,Boardwalk Empire,series
8109,Q:\сериалы\05 Подпольная империя\Подпольная империя (Сезон 2) TVShows\Boardwalk.Empire.S02E09.HDRip.RGzsRutracker.Celta88.avi,Boardwalk Empire,episode
8121,Q:\сериалы\05 Подпольная империя\Подпольная империя (Сезон 3) TVShows\Boardwalk.Empire.S03E08.HDRip.RGzsRutracker.Celta88.avi,Boardwalk Empire,episode
8120,Q:\сериалы\05 Подпольная империя\Подпольная империя (Сезон 3) TVShows\Boardwalk.Empire.S03E07.HDRip.RGzsRutracker.Celta88.avi,Boardwalk Empire,episode
8110,Q:\сериалы\05 Подпольная империя\Подпольная империя (Сезон 2) TVShows\Boardwalk.Empire.S02E10.HDRip.RGzsRutracker.Celta88.avi,Boardwalk Empire,episode
8111,Q:\сериалы\05 Подпольная империя\Подпольная империя (Сезон 2) TVShows\Boardwalk.Empire.S02E11.HDRip.RGzsRutracker.Celta88.avi,Boardwalk Empire,episode
8113,Q:\сериалы\05 Подпольная империя\Подпольная империя (Сезон 3) TVShows,Boardwalk Empire,season
8119,Q:\сериалы\05 Подпольная империя\Подпольная империя (Сезон 3) TVShows\Boardwalk.Empire.S03E06.HDRip.RGzsRutracker.Celta88.avi,Boardwalk Empire,episode
8118,Q:\сериалы\05 Подпольная империя\Подпольная империя (Сезон 3) TVShows\Boardwalk.Empire.S03E05.HDRip.RGzsRutracker.Celta88.avi,Boardwalk Empire,episode
8116,Q:\сериалы\05 Подпольная империя\Подпольная империя (Сезон 3) TVShows\Boardwalk.Empire.S03E03.HDRip.RGzsRutracker.Celta88.avi,Boardwalk Empire,episode
8115,Q:\сериалы\05 Подпольная империя\Подпольная империя (Сезон 3) TVShows\Boardwalk.Empire.S03E02.HDRip.RGzsRutracker.Celta88.avi,Boardwalk Empire,episode
4618,"S:\сериалы\55. Убийство на пляже (Broadchurch, 2013–2017) 2013\Season_01\s01e03.avi",Broadchurch,episode
4640,"S:\сериалы\55. Убийство на пляже (Broadchurch, 2013–2017) 2013\Season_03\s03e07.avi",Broadchurch,episode
4635,"S:\сериалы\55. Убийство на пляже (Broadchurch, 2013–2017) 2013\Season_03\s03e02.avi",Broadchurch,episode
4620,"S:\сериалы\55. Убийство на пляже (Broadchurch, 2013–2017) 2013\Season_01\s01e05.avi",Broadchurch,episode
4641,"S:\сериалы\55. Убийство на пляже (Broadchurch, 2013–2017) 2013\Season_03\s03e08.avi",Broadchurch,episode
4621,"S:\сериалы\55. Убийство на пляже (Broadchurch, 2013–2017) 2013\Season_01\s01e06.avi",Broadchurch,episode
4625,"S:\сериалы\55. Убийство на пляже (Broadchurch, 2013–2017) 2013\Season_02\s02e01.avi",Broadchurch,episode
4623,"S:\сериалы\55. Убийство на пляже (Broadchurch, 2013–2017) 2013\Season_01\s01e08.avi",Broadchurch,episode
4636,"S:\сериалы\55. Убийство на пляже (Broadchurch, 2013–2017) 2013\Season_03\s03e03.avi",Broadchurch,episode
4626,"S:\сериалы\55. Убийство на пляже (Broadchurch, 2013–2017) 2013\Season_02\s02e02.avi",Broadchurch,episode
4627,"S:\сериалы\55. Убийство на пляже (Broadchurch, 2013–2017) 2013\Season_02\s02e03.avi",Broadchurch,episode
4628,"S:\сериалы\55. Убийство на пляже (Broadchurch, 2013–2017) 2013\Season_02\s02e04.avi",Broadchurch,episode
4629,"S:\сериалы\55. Убийство на пляже (Broadchurch, 2013–2017) 2013\Season_02\s02e05.avi",Broadchurch,episode
4630,"S:\сериалы\55. Убийство на пляже (Broadchurch, 2013–2017) 2013\Season_02\s02e06.avi",Broadchurch,episode
4639,"S:\сериалы\55. Убийство на пляже (Broadchurch, 2013–2017) 2013\Season_03\s03e06.avi",Broadchurch,episode
4638,"S:\сериалы\55. Убийство на пляже (Broadchurch, 2013–2017) 2013\Season_03\s03e05.avi",Broadchurch,episode
4632,"S:\сериалы\55. Убийство на пляже (Broadchurch, 2013–2017) 2013\Season_02\s02e08.avi",Broadchurch,episode
4637,"S:\сериалы\55. Убийство на пляже (Broadchurch, 2013–2017) 2013\Season_03\s03e04.avi",Broadchurch,episode
4634,"S:\сериалы\55. Убийство на пляже (Broadchurch, 2013–2017) 2013\Season_03\s03e01.avi",Broadchurch,episode
4622,"S:\сериалы\55. Убийство на пляже (Broadchurch, 2013–2017) 2013\Season_01\s01e07.avi",Broadchurch,episode
4631,"S:\сериалы\55. Убийство на пляже (Broadchurch, 2013–2017) 2013\Season_02\s02e07.avi",Broadchurch,episode
4619,"S:\сериалы\55. Убийство на пляже (Broadchurch, 2013–2017) 2013\Season_01\s01e04.avi",Broadchurch,episode
4616,"S:\сериалы\55. Убийство на пляже (Broadchurch, 2013–2017) 2013\Season_01\s01e01.avi",Broadchurch,episode
4939,"S:\сериалы\55. Убийство на пляже (Broadchurch, 2013–2017) 2013\Season_03",Broadchurch,season
4938,"S:\сериалы\55. Убийство на пляже (Broadchurch, 2013–2017) 2013\Season_02",Broadchurch,season
4937,"S:\сериалы\55. Убийство на пляже (Broadchurch, 2013–2017) 2013\Season_01",Broadchurch,season
235,"S:\сериалы\55. Убийство на пляже (Broadchurch, 2013–2017) 2013",Broadchurch,series
4617,"S:\сериалы\55. Убийство на пляже (Broadchurch, 2013–2017) 2013\Season_01\s01e02.avi",Broadchurch,episode
4880,E:\сериалы\28. Бруклин 9-9 (Brooklyn Nine-Nine) 2013\Brooklyn Nine-Nine - Season 6 (NewStudio)\Brooklyn.Nine-Nine.s06e16.WEBDL.1080p.NewStudio.TV.mkv,Brooklyn Nine-Nine,episode
4877,E:\сериалы\28. Бруклин 9-9 (Brooklyn Nine-Nine) 2013\Brooklyn Nine-Nine - Season 6 (NewStudio)\Brooklyn.Nine-Nine.s06e13.WEBDL.1080p.NewStudio.TV.mkv,Brooklyn Nine-Nine,episode
4876,E:\сериалы\28. Бруклин 9-9 (Brooklyn Nine-Nine) 2013\Brooklyn Nine-Nine - Season 6 (NewStudio)\Brooklyn.Nine-Nine.s06e12.WEBDL.1080p.NewStudio.TV.mkv,Brooklyn Nine-Nine,episode
4875,E:\сериалы\28. Бруклин 9-9 (Brooklyn Nine-Nine) 2013\Brooklyn Nine-Nine - Season 6 (NewStudio)\Brooklyn.Nine-Nine.s06e11.WEBDL.1080p.NewStudio.TV.mkv,Brooklyn Nine-Nine,episode
970,E:\сериалы\28. Бруклин 9-9 (Brooklyn Nine-Nine) 2013,Brooklyn Nine-Nine,series
4874,E:\сериалы\28. Бруклин 9-9 (Brooklyn Nine-Nine) 2013\Brooklyn Nine-Nine - Season 6 (NewStudio)\Brooklyn.Nine-Nine.s06e10.WEBDL.1080p.NewStudio.TV.mkv,Brooklyn Nine-Nine,episode
4873,E:\сериалы\28. Бруклин 9-9 (Brooklyn Nine-Nine) 2013\Brooklyn Nine-Nine - Season 6 (NewStudio)\Brooklyn.Nine-Nine.s06e09.WEBDL.1080p.NewStudio.TV.mkv,Brooklyn Nine-Nine,episode
4870,E:\сериалы\28. Бруклин 9-9 (Brooklyn Nine-Nine) 2013\Brooklyn Nine-Nine - Season 6 (NewStudio)\Brooklyn.Nine-Nine.s06e06.WEBDL.1080p.NewStudio.TV.mkv,Brooklyn Nine-Nine,episode
4868,E:\сериалы\28. Бруклин 9-9 (Brooklyn Nine-Nine) 2013\Brooklyn Nine-Nine - Season 6 (NewStudio)\Brooklyn.Nine-Nine.s06e04.WEBDL.1080p.NewStudio.TV.mkv,Brooklyn Nine-Nine,episode
4866,E:\сериалы\28. Бруклин 9-9 (Brooklyn Nine-Nine) 2013\Brooklyn Nine-Nine - Season 6 (NewStudio)\Brooklyn.Nine-Nine.s06e02.WEBDL.1080p.NewStudio.TV.mkv,Brooklyn Nine-Nine,episode
4841,E:\сериалы\28. Бруклин 9-9 (Brooklyn Nine-Nine) 2013\Brooklyn Nine-Nine - Season 5 (NewStudio),Brooklyn Nine-Nine,season
4865,E:\сериалы\28. Бруклин 9-9 (Brooklyn Nine-Nine) 2013\Brooklyn Nine-Nine - Season 6 (NewStudio)\Brooklyn.Nine-Nine.s06e01.WEBDL.1080p.NewStudio.TV.mkv,Brooklyn Nine-Nine,episode
4844,E:\сериалы\28. Бруклин 9-9 (Brooklyn Nine-Nine) 2013\Brooklyn Nine-Nine - Season 5 (NewStudio)\Brooklyn.Nine-Nine.s05e03.WEBDL.720p.NewStudio.TV.mkv,Brooklyn Nine-Nine,episode
4846,E:\сериалы\28. Бруклин 9-9 (Brooklyn Nine-Nine) 2013\Brooklyn Nine-Nine - Season 5 (NewStudio)\Brooklyn.Nine-Nine.s05e05.WEBDL.720p.NewStudio.TV.mkv,Brooklyn Nine-Nine,episode
4848,E:\сериалы\28. Бруклин 9-9 (Brooklyn Nine-Nine) 2013\Brooklyn Nine-Nine - Season 5 (NewStudio)\Brooklyn.Nine-Nine.s05e07.WEBDL.720p.NewStudio.TV.mkv,Brooklyn Nine-Nine,episode
4849,E:\сериалы\28. Бруклин 9-9 (Brooklyn Nine-Nine) 2013\Brooklyn Nine-Nine - Season 5 (NewStudio)\Brooklyn.Nine-Nine.s05e08.WEBDL.720p.NewStudio.TV.mkv,Brooklyn Nine-Nine,episode
4853,E:\сериалы\28. Бруклин 9-9 (Brooklyn Nine-Nine) 2013\Brooklyn Nine-Nine - Season 5 (NewStudio)\Brooklyn.Nine-Nine.s05e12.WEBDL.720p.NewStudio.TV.mkv,Brooklyn Nine-Nine,episode
4854,E:\сериалы\28. Бруклин 9-9 (Brooklyn Nine-Nine) 2013\Brooklyn Nine-Nine - Season 5 (NewStudio)\Brooklyn.Nine-Nine.s05e13.WEBDL.720p.NewStudio.TV.mkv,Brooklyn Nine-Nine,episode
4850,E:\сериалы\28. Бруклин 9-9 (Brooklyn Nine-Nine) 2013\Brooklyn Nine-Nine - Season 5 (NewStudio)\Brooklyn.Nine-Nine.s05e09.WEBDL.720p.NewStudio.TV.mkv,Brooklyn Nine-Nine,episode
4856,E:\сериалы\28. Бруклин 9-9 (Brooklyn Nine-Nine) 2013\Brooklyn Nine-Nine - Season 5 (NewStudio)\Brooklyn.Nine-Nine.s05e15.WEBDL.720p.NewStudio.TV.mkv,Brooklyn Nine-Nine,episode
4857,E:\сериалы\28. Бруклин 9-9 (Brooklyn Nine-Nine) 2013\Brooklyn Nine-Nine - Season 5 (NewStudio)\Brooklyn.Nine-Nine.s05e16.WEBDL.720p.NewStudio.TV.mkv,Brooklyn Nine-Nine,episode
4860,E:\сериалы\28. Бруклин 9-9 (Brooklyn Nine-Nine) 2013\Brooklyn Nine-Nine - Season 5 (NewStudio)\Brooklyn.Nine-Nine.s05e19.WEBDL.720p.NewStudio.TV.mkv,Brooklyn Nine-Nine,episode
4863,E:\сериалы\28. Бруклин 9-9 (Brooklyn Nine-Nine) 2013\Brooklyn Nine-Nine - Season 5 (NewStudio)\Brooklyn.Nine-Nine.s05e22.WEBDL.720p.NewStudio.TV.mkv,Brooklyn Nine-Nine,episode
4864,E:\сериалы\28. Бруклин 9-9 (Brooklyn Nine-Nine) 2013\Brooklyn Nine-Nine - Season 6 (NewStudio),Brooklyn Nine-Nine,season
4855,E:\сериалы\28. Бруклин 9-9 (Brooklyn Nine-Nine) 2013\Brooklyn Nine-Nine - Season 5 (NewStudio)\Brooklyn.Nine-Nine.s05e14.WEBDL.720p.NewStudio.TV.mkv,Brooklyn Nine-Nine,episode
4867,E:\сериалы\28. Бруклин 9-9 (Brooklyn Nine-Nine) 2013\Brooklyn Nine-Nine - Season 6 (NewStudio)\Brooklyn.Nine-Nine.s06e03.WEBDL.1080p.NewStudio.TV.mkv,Brooklyn Nine-Nine,episode
4425,"S:\фильмы\173. Близость (Closer, 2004) 2004.avi",Closer,movie
4486,S:\фильмы\Closer [2004 HDRip].avi,Closer,movie
5497,N:\сериалы\Counterpart,Counterpart,series
289,"S:\сериалы\83. Двойник (Counterpart, 2017) 2017",Counterpart,series
1103,"Z:\фильмы\20. Крид Наследие Рокки (Creed, 2015) 2015.avi",Creed,movie
7091,U:\фильмы\Creed.2015.WEB-DL.1080p.Open.Matte.mkv,Creed,movie
6824,R:\сериалы\Agatha Christie's Poirot\Season 5\07 Dead Man's Mirror.m4v,Dead Man's Mirror,episode
6823,R:\сериалы\Agatha Christie's Poirot\Season 5\07 Dead Man's Mirror (HD).m4v,Dead Man's Mirror,episode
4501,S:\фильмы\Дежа Вю.1988.mkv,Deja vu,movie
4394,S:\фильмы\142. Дежа Вю (1989) 1989.mkv,Deja vu,movie
4502,S:\фильмы\Дикари_1.46.avi,Dikari,movie
4427,S:\фильмы\175. Дикари (2006) 2006.avi,Dikari,movie
957,E:\сериалы\15. Госслужащий (Državni službenik) 2019,Državni službenik,series
958,"E:\сериалы\16. Госслужащий (Državni službenik, 2019) 2019",Državni službenik,series
6996,P:\сериалы\08 Escape.at.Dannemora.2018.S01.1080p.AMZN.WEB-DL.H.264.RUS.LF.DDP5.1,Escape at Dannemora,series
6347,T:\сериалы\02 Escape.at.Dannemora.2018.S01.1080p.AMZN.WEB-DL.H.264.RUS.LF.DDP5.1,Escape at Dannemora,series
6843,R:\сериалы\Agatha Christie's Poirot\Season 8\01 Evil Under the Sun.m4v,Evil Under the Sun,episode
6842,R:\сериалы\Agatha Christie's Poirot\Season 8\01 Evil Under the Sun (HD).m4v,Evil Under the Sun,episode
4467,S:\фильмы\215. С широко закрытыми глазами (1999) 1999.avi,Eyes Wide Shut,movie
285,S:\сериалы\81. С широко закрытыми глазами (1999) 1999,Eyes Wide Shut,series
195,S:\сериалы\36. Галавант (Galavant) 2015,Galavant,series
197,"S:\сериалы\37. Галавант (Galavant, 2015–2016) 2015",Galavant,series
6286,K:\сериалы\Prisoners.Of.War.S02.DexterTV,Hatufim,series
6285,K:\сериалы\Prisoners.Of.War.S01.DexterTV,Hatufim,series
4712,"E:\фильмы\47. Сердцеедки (Heartbreakers, 2001) 2001.mkv",Heartbreakers,movie
4711,"E:\фильмы\47. Сердцеедки (Heartbreakers, 2001) 2001.avi",Heartbreakers,movie
6829,R:\сериалы\Agatha Christie's Poirot\Season 6\01 Hercule Poirot's Christmas.m4v,Hercule Poirot's Christmas,episode
6828,R:\сериалы\Agatha Christie's Poirot\Season 6\01 Hercule Poirot's Christmas (HD).m4v,Hercule Poirot's Christmas,episode
6830,R:\сериалы\Agatha Christie's Poirot\Season 6\02 Hickory Dickory Dock (HD).m4v,Hickory Dickory Dock,episode
6831,R:\сериалы\Agatha Christie's Poirot\Season 6\02 Hickory Dickory Dock.m4v,Hickory Dickory Dock,episode
4739,E:\фильмы\73. Дом Gucci (2021) 2021.mkv,House of Gucci,movie
948,E:\сериалы\06. Дом Gucci (2021) 2021,House of Gucci,series
6968,P:\фильмы\Bessonntsa_2002_BDRip_by_Dalemake.avi,Insomnia,movie
4754,"E:\фильмы\87. Бессонница (Insomnia, 2002) 2002.mkv",Insomnia,movie
1146,"Z:\сериалы\17. Бессонница (Insomnia, 2024) 2024",Insomnia,series
959,E:\сериалы\17. Джеки Браун (Jackie Brown) 1997,Jackie Brown,series
6976,P:\фильмы\Jackie_Brown-[nnm-club.ru].avi,Jackie Brown,movie
215,S:\сериалы\45. Джессика Джонс (Jessica Jones) (1–3 сезоны) 2015,Jessica Jones,series
293,S:\сериалы\Jessica.Jones.S02.WEB-DLRip.Rus.Eng.Casstudio,Jessica Jones,series
279,S:\сериалы\78. Джессика Джонс (Jessica Jones) 2015,Jessica Jones,series
6826,R:\сериалы\Agatha Christie's Poirot\Season 5\08 Jewel Robbery At the Grand Metropolitan.m4v,Jewel Robbery at the Grand Metropolitan,episode
6825,R:\сериалы\Agatha Christie's Poirot\Season 5\08 Jewel Robbery At the Grand Metropolitan (HD).m4v,Jewel Robbery at the Grand Metropolitan,episode
8160,U:\сериалы\Справедливость\Правосудие (Сезон 3)  Justified (2012) WEB-DLRip - Fox Crime\Justified.s03e06.WEBDLRip.NewStudio.TV.avi,Justified,episode
8157,U:\сериалы\Справедливость\Правосудие (Сезон 3)  Justified (2012) WEB-DLRip - Fox Crime\Justified.s03e03.WEBDLRip.NewStudio.TV.avi,Justified,episode
8155,U:\сериалы\Справедливость\Правосудие (Сезон 3)  Justified (2012) WEB-DLRip - Fox Crime\Justified.s03e01.WEBDLRip.NewStudio.TV.avi,Justified,episode
8194,U:\сериалы\Справедливость\Правосудие (Сезон 6)  Justified (2010)\Justified.S06E12.Jaskier.WEB-DLRip.avi,Justified,episode
8159,U:\сериалы\Справедливость\Правосудие (Сезон 3)  Justified (2012) WEB-DLRip - Fox Crime\Justified.s03e05.WEBDLRip.NewStudio.TV.avi,Justified,episode
8152,U:\сериалы\Справедливость\Правосудие (Сезон 2)  Justified (2011) WEB-DLRip - Fox Crime\Justified.s02e12.WEBDLRip.NewStudio.TV.avi,Justified,episode
8188,U:\сериалы\Справедливость\Правосудие (Сезон 6)  Justified (2010)\Justified.S06E06.Jaskier.WEB-DLRip.avi,Justified,episode
8191,U:\сериалы\Справедливость\Правосудие (Сезон 6)  Justified (2010)\Justified.S06E09.Jaskier.WEB-DLRip.avi,Justified,episode
8158,U:\сериалы\Справедливость\Правосудие (Сезон 3)  Justified (2012) WEB-DLRip - Fox Crime\Justified.s03e04.WEBDLRip.NewStudio.TV.avi,Justified,episode
8187,U:\сериалы\Справедливость\Правосудие (Сезон 6)  Justified (2010)\Justified.S06E05.Jaskier.WEB-DLRip.avi,Justified,episode
8150,U:\сериалы\Справедливость\Правосудие (Сезон 2)  Justified (2011) WEB-DLRip - Fox Crime\Justified.s02e10.WEBDLRip.NewStudio.TV.avi,Justified,episode
8133,U:\сериалы\Справедливость\Правосудие (Сезон 1)  Justified (2010) BDRip - Fox Crime\Justified.s01e07.BDRip.NewStudio.TV.avi,Justified,episode
8129,U:\сериалы\Справедливость\Правосудие (Сезон 1)  Justified (2010) BDRip - Fox Crime\Justified.s01e03.BDRip.NewStudio.TV.avi,Justified,episode
8134,U:\сериалы\Справедливость\Правосудие (Сезон 1)  Justified (2010) BDRip - Fox Crime\Justified.s01e08.BDRip.NewStudio.TV.avi,Justified,episode
8128,U:\сериалы\Справедливость\Правосудие (Сезон 1)  Justified (2010) BDRip - Fox Crime\Justified.s01e02.BDRip.NewStudio.TV.avi,Justified,episode
8185,U:\сериалы\Справедливость\Правосудие (Сезон 6)  Justified (2010)\Justified.S06E03.Jaskier.WEB-DLRip.avi,Justified,episode
8138,U:\сериалы\Справедливость\Правосудие (Сезон 1)  Justified (2010) BDRip - Fox Crime\Justified.s01e12.BDRip.NewStudio.TV.avi,Justified,episode
8139,U:\сериалы\Справедливость\Правосудие (Сезон 1)  Justified (2010) BDRip - Fox Crime\Justified.s01e13.BDRip.NewStudio.TV.avi,Justified,episode
8140,U:\сериалы\Справедливость\Правосудие (Сезон 2)  Justified (2011) WEB-DLRip - Fox Crime,Justified,season
8141,U:\сериалы\Справедливость\Правосудие (Сезон 2)  Justified (2011) WEB-DLRip - Fox Crime\Justified.s02e01.WEBDLRip.NewStudio.TV.avi,Justified,episode
8142,U:\сериалы\Справедливость\Правосудие (Сезон 2)  Justified (2011) WEB-DLRip - Fox Crime\Justified.s02e02.WEBDLRip.NewStudio.TV.avi,Justified,episode
8144,U:\сериалы\Справедливость\Правосудие (Сезон 2)  Justified (2011) WEB-DLRip - Fox Crime\Justified.s02e04.WEBDLRip.NewStudio.TV.avi,Justified,episode
8145,U:\сериалы\Справедливость\Правосудие (Сезон 2)  Justified (2011) WEB-DLRip - Fox Crime\Justified.s02e05.WEBDLRip.NewStudio.TV.avi,Justified,episode
8146,U:\сериалы\Справедливость\Правосудие (Сезон 2)  Justified (2011) WEB-DLRip - Fox Crime\Justified.s02e06.WEBDLRip.NewStudio.TV.avi,Justified,episode
8147,U:\сериалы\Справедливость\Правосудие (Сезон 2)  Justified (2011) WEB-DLRip - Fox Crime\Justified.s02e07.WEBDLRip.NewStudio.TV.avi,Justified,episode
8148,U:\сериалы\Справедливость\Правосудие (Сезон 2)  Justified (2011) WEB-DLRip - Fox Crime\Justified.s02e08.WEBDLRip.NewStudio.TV.avi,Justified,episode
8149,U:\сериалы\Справедливость\Правосудие (Сезон 2)  Justified (2011) WEB-DLRip - Fox Crime\Justified.s02e09.WEBDLRip.NewStudio.TV.avi,Justified,episode
8130,U:\сериалы\Справедливость\Правосудие (Сезон 1)  Justified (2010) BDRip - Fox Crime\Justified.s01e04.BDRip.NewStudio.TV.avi,Justified,episode
8151,U:\сериалы\Справедливость\Правосудие (Сезон 2)  Justified (2011) WEB-DLRip - Fox Crime\Justified.s02e11.WEBDLRip.NewStudio.TV.avi,Justified,episode
8143,U:\сериалы\Справедливость\Правосудие (Сезон 2)  Justified (2011) WEB-DLRip - Fox Crime\Justified.s02e03.WEBDLRip.NewStudio.TV.avi,Justified,episode
8136,U:\сериалы\Справедливость\Правосудие (Сезон 1)  Justified (2010) BDRip - Fox Crime\Justified.s01e10.BDRip.NewStudio.TV.avi,Justified,episode
8162,U:\сериалы\Справедливость\Правосудие (Сезон 3)  Justified (2012) WEB-DLRip - Fox Crime\Justified.s03e08.WEBDLRip.NewStudio.TV.avi,Justified,episode
7119,U:\сериалы\Справедливость,Justified,series
6275,K:\сериалы\Justified - Season 4 [720p],Justified,series
8168,U:\сериалы\Справедливость\Правосудие (Сезон 5) Justified (2014) WEB-DLRip - Jaskier,Justified,season
8170,U:\сериалы\Справедливость\Правосудие (Сезон 5) Justified (2014) WEB-DLRip - Jaskier\Justified.s05e02.WEB-DLRip.rus.eng..avi,Justified,episode
8172,U:\сериалы\Справедливость\Правосудие (Сезон 5) Justified (2014) WEB-DLRip - Jaskier\Justified.s05e04.WEB-DLRip.rus.eng..avi,Justified,episode
8175,U:\сериалы\Справедливость\Правосудие (Сезон 5) Justified (2014) WEB-DLRip - Jaskier\Justified.s05e07.WEB-DLRip.rus.eng.avi,Justified,episode
8176,U:\сериалы\Справедливость\Правосудие (Сезон 5) Justified (2014) WEB-DLRip - Jaskier\Justified.s05e08.WEB-DLRip.rus.eng.avi,Justified,episode
8177,U:\сериалы\Справедливость\Правосудие (Сезон 5) Justified (2014) WEB-DLRip - Jaskier\Justified.s05e09.WEB-DLRip.rus.eng.avi,Justified,episode
8178,U:\сериалы\Справедливость\Правосудие (Сезон 5) Justified (2014) WEB-DLRip - Jaskier\Justified.s05e10.WEB-DLRip.rus.eng.avi,Justified,episode
8179,U:\сериалы\Справедливость\Правосудие (Сезон 5) Justified (2014) WEB-DLRip - Jaskier\Justified.s05e11.WEB-DLRip.rus.eng.avi,Justified,episode
8182,U:\сериалы\Справедливость\Правосудие (Сезон 6)  Justified (2010),Justified,season
8173,U:\сериалы\Справедливость\Правосудие (Сезон 5) Justified (2014) WEB-DLRip - Jaskier\Justified.s05e05.WEB-DLRip.rus.eng.avi,Justified,episode
8167,U:\сериалы\Справедливость\Правосудие (Сезон 3)  Justified (2012) WEB-DLRip - Fox Crime\Justified.s03e13.WEBDLRip.NewStudio.TV.avi,Justified,episode
8163,U:\сериалы\Справедливость\Правосудие (Сезон 3)  Justified (2012) WEB-DLRip - Fox Crime\Justified.s03e09.WEBDLRip.NewStudio.TV.avi,Justified,episode
8183,U:\сериалы\Справедливость\Правосудие (Сезон 6)  Justified (2010)\Justified.S06E01.Jaskier.WEB-DLRip.avi,Justified,episode
8184,U:\сериалы\Справедливость\Правосудие (Сезон 6)  Justified (2010)\Justified.S06E02.Jaskier.WEB-DLRip.avi,Justified: Cash Game,episode
8193,U:\сериалы\Справедливость\Правосудие (Сезон 6)  Justified (2010)\Justified.S06E11.Jaskier.WEB-DLRip.avi,Justified: Cash Game,episode
8189,U:\сериалы\Справедливость\Правосудие (Сезон 6)  Justified (2010)\Justified.S06E07.Jaskier.WEB-DLRip.avi,Justified: The Hunt,episode
8186,U:\сериалы\Справедливость\Правосудие (Сезон 6)  Justified (2010)\Justified.S06E04.Jaskier.WEB-DLRip.avi,Justified: The Hunt,episode
7107,U:\фильмы\Стук в хижине_2023_BDRip-AVC.mkv,Knock at the Cabin,movie
4701,"E:\фильмы\126. Стук в хижине (Knock at the Cabin, 2023) 2023.avi",Knock at the Cabin,movie
961,E:\сериалы\19. Криминальный талант (1985) 1985,Kriminalnyy talant,series
962,E:\сериалы\20. Криминальный талант (1988) 1988,Kriminalnyy talant,series
4488,S:\фильмы\La.La.Land.(480p).(pk).m4v,La La Land,movie
6966,P:\фильмы\05 La.La.Land.(480p).(pk).m4v,La La Land,movie
281,"S:\сериалы\79. Пианистка (La Pianiste, 2001) 2001",La Pianiste,series
772,S:\фильмы\Pianistka_2001_[rutracker.org],La Pianiste,series
205,S:\сериалы\41. Лада Голд (2023) 2023,Lada Gold,series
770,S:\фильмы\Lada.Gold.S01.2023.WEB-DL.1080p,Lada Gold,series
4477,"S:\фильмы\93. Счастливое число Слевина (Lucky Number Slevin, 2006) 2006.m4v",Lucky Number Slevin,movie
4713,"E:\фильмы\48. Счастливое число Слевина (Lucky Number Slevin, 2006) 2006.avi",Lucky Number Slevin,movie
6261,K:\фильмы\Любовь.Морковь.1.46.(Logan1995).avi,Lyubov-morkov,movie
4503,S:\фильмы\Любовь.Морковь.1.46.(Logan1995).avi,Lyubov-morkov,movie
6872,R:\сериалы\Mad Men\Season 1\Mad.Men.s01e08.avi,Mad Men,episode
6874,R:\сериалы\Mad Men\Season 1\Mad.Men.s01e10.avi,Mad Men,episode
6873,R:\сериалы\Mad Men\Season 1\Mad.Men.s01e09.avi,Mad Men,episode
4365,"S:\фильмы\113. Безумцы (Mad Men, 2007) 2007.mkv",Mad Men,movie
6358,R:\сериалы\Mad Men,Mad Men,series
6870,R:\сериалы\Mad Men\Season 1\Mad.Men.s01e06.avi,Mad Men,episode
6877,R:\сериалы\Mad Men\Season 1\Mad.Men.s01e13.avi,Mad Men,episode
6864,R:\сериалы\Mad Men\Season 1,Mad Men,season
6867,R:\сериалы\Mad Men\Season 1\Mad.Men.s01e03.avi,Mad Men,episode
6868,R:\сериалы\Mad Men\Season 1\Mad.Men.s01e04.avi,Mad Men,episode
6869,R:\сериалы\Mad Men\Season 1\Mad.Men.s01e05.avi,Mad Men,episode
6962,R:\сериалы\Mad Men\Season 7\Mad.Men.s07e14.avi,Mad Men,episode
947,E:\сериалы\05. Безумцы (Mad Men) (1–7 сезоны) 2007,Mad Men,series
6878,R:\сериалы\Mad Men\Season 2,Mad Men,season
6909,R:\сериалы\Mad Men\Season 4\Mad.Men.s04e03.avi,Mad Men,episode
6880,R:\сериалы\Mad Men\Season 2\Mad.Men.s02e02.avi,Mad Men,episode
6930,R:\сериалы\Mad Men\Season 5\Mad.Men.s05e10.avi,Mad Men,episode
6929,R:\сериалы\Mad Men\Season 5\Mad.Men.s05e09.avi,Mad Men,episode
6879,R:\сериалы\Mad Men\Season 2\Mad.Men.s02e01.avi,Mad Men,episode
6888,R:\сериалы\Mad Men\Season 2\Mad.Men.s02e10.avi,Mad Men,episode
6889,R:\сериалы\Mad Men\Season 2\Mad.Men.s02e11.avi,Mad Men,episode
6890,R:\сериалы\Mad Men\Season 2\Mad.Men.s02e12.avi,Mad Men,episode
6891,R:\сериалы\Mad Men\Season 2\Mad.Men.s02e13.avi,Mad Men,episode
6892,R:\сериалы\Mad Men\Season 3,Mad Men,season
6893,R:\сериалы\Mad Men\Season 3\Mad.Men.s03e01.avi,Mad Men,episode
6895,R:\сериалы\Mad Men\Season 3\Mad.Men.s03e03.avi,Mad Men,episode
6896,R:\сериалы\Mad Men\Season 3\Mad.Men.s03e04.avi,Mad Men,episode
6897,R:\сериалы\Mad Men\Season 3\Mad.Men.s03e05.avi,Mad Men,episode
6898,R:\сериалы\Mad Men\Season 3\Mad.Men.s03e06.avi,Mad Men,episode
6931,R:\сериалы\Mad Men\Season 5\Mad.Men.s05e11.avi,Mad Men,episode
6899,R:\сериалы\Mad Men\Season 3\Mad.Men.s03e07.avi,Mad Men,episode
6906,R:\сериалы\Mad Men\Season 4,Mad Men,season
6926,R:\сериалы\Mad Men\Season 5\Mad.Men.s05e06.avi,Mad Men,episode
6924,R:\сериалы\Mad Men\Season 5\Mad.Men.s05e04.avi,Mad Men,episode
6923,R:\сериалы\Mad Men\Season 5\Mad.Men.s05e03.avi,Mad Men,episode
6922,R:\сериалы\Mad Men\Season 5\Mad.Men.s05e02.avi,Mad Men,episode
6921,R:\сериалы\Mad Men\Season 5\Mad.Men.s05e01.avi,Mad Men,episode
6920,R:\сериалы\Mad Men\Season 5,Mad Men,season
6919,R:\сериалы\Mad Men\Season 4\Mad.Men.s04e13.avi,Mad Men,episode
6918,R:\сериалы\Mad Men\Season 4\Mad.Men.s04e12.avi,Mad Men,episode
6917,R:\сериалы\Mad Men\Season 4\Mad.Men.s04e11.avi,Mad Men,episode
6916,R:\сериалы\Mad Men\Season 4\Mad.Men.s04e10.avi,Mad Men,episode
6912,R:\сериалы\Mad Men\Season 4\Mad.Men.s04e06.avi,Mad Men,episode
6911,R:\сериалы\Mad Men\Season 4\Mad.Men.s04e05.avi,Mad Men,episode
6905,R:\сериалы\Mad Men\Season 3\Mad.Men.s03e13.avi,Mad Men,episode
6932,R:\сериалы\Mad Men\Season 5\Mad.Men.s05e12.avi,Mad Men,episode
6927,R:\сериалы\Mad Men\Season 5\Mad.Men.s05e07.avi,Mad Men,episode
6953,R:\сериалы\Mad Men\Season 7\Mad.Men.s07e05.avi,Mad Men,episode
6881,R:\сериалы\Mad Men\Season 2\Mad.Men.s02e03.avi,Mad Men,episode
6882,R:\сериалы\Mad Men\Season 2\Mad.Men.s02e04.avi,Mad Men,episode
6883,R:\сериалы\Mad Men\Season 2\Mad.Men.s02e05.avi,Mad Men,episode
6885,R:\сериалы\Mad Men\Season 2\Mad.Men.s02e07.avi,Mad Men,episode
6908,R:\сериалы\Mad Men\Season 4\Mad.Men.s04e02.avi,Mad Men,episode
6961,R:\сериалы\Mad Men\Season 7\Mad.Men.s07e13.avi,Mad Men,episode
6960,R:\сериалы\Mad Men\Season 7\Mad.Men.s07e12.avi,Mad Men,episode
6959,R:\сериалы\Mad Men\Season 7\Mad.Men.s07e11.avi,Mad Men,episode
6958,R:\сериалы\Mad Men\Season 7\Mad.Men.s07e10.avi,Mad Men,episode
6957,R:\сериалы\Mad Men\Season 7\Mad.Men.s07e09.avi,Mad Men,episode
6956,R:\сериалы\Mad Men\Season 7\Mad.Men.s07e08.avi,Mad Men,episode
6954,R:\сериалы\Mad Men\Season 7\Mad.Men.s07e06.avi,Mad Men,episode
6934,R:\сериалы\Mad Men\Season 6,Mad Men,season
6951,R:\сериалы\Mad Men\Season 7\Mad.Men.s07e03.avi,Mad Men,episode
6904,R:\сериалы\Mad Men\Season 3\Mad.Men.s03e12.avi,Mad Men,episode
6948,R:\сериалы\Mad Men\Season 7,Mad Men,season
6935,R:\сериалы\Mad Men\Season 6\Mad.Men.s06e01.avi,Mad Men,episode
6936,R:\сериалы\Mad Men\Season 6\Mad.Men.s06e02.avi,Mad Men,episode
6937,R:\сериалы\Mad Men\Season 6\Mad.Men.s06e03.avi,Mad Men,episode
6938,R:\сериалы\Mad Men\Season 6\Mad.Men.s06e04.avi,Mad Men,episode
6940,R:\сериалы\Mad Men\Season 6\Mad.Men.s06e06.avi,Mad Men,episode
6950,R:\сериалы\Mad Men\Season 7\Mad.Men.s07e02.avi,Mad Men,episode
6943,R:\сериалы\Mad Men\Season 6\Mad.Men.s06e09.avi,Mad Men,episode
6944,R:\сериалы\Mad Men\Season 6\Mad.Men.s06e10.avi,Mad Men,episode
6942,R:\сериалы\Mad Men\Season 6\Mad.Men.s06e08.avi,Mad Men,episode
6947,R:\сериалы\Mad Men\Season 6\Mad.Men.s06e13.avi,Mad Men,episode
168,S:\сериалы\24. Мария-Антуанетта (Marie Antoinette) (1 сезон) 2022,Marie Antoinette,series
171,S:\сериалы\25. Мария-Антуанетта (Marie Antoinette) (1–2 сезоны) 2022,Marie Antoinette,series
7085,U:\фильмы\01 Брачная история (2019) WEB-DLRip-AVC__ivanes.mkv,Marriage Story,movie
4500,S:\фильмы\Брачная история (2019) WEB-DLRip-AVC__ivanes.mkv,Marriage Story,movie
8390,O:\Фильмы\Match Point.avi,Match Point,movie
4489,S:\фильмы\Match Point.avi,Match Point,movie
6262,K:\сериалы\01 Mehmed,Mehmed: Fetihler Sultanı,series
5484,N:\сериалы\04 Mehmed  (Mehmed Fetihler Sultanı),Mehmed: Fetihler Sultanı,series
5762,G:\сериалы\Mehmed Fetihler Sultani.s02.WEB-DLRip1080p,Mehmed: Fetihler Sultanı,series
773,S:\фильмы\Polnoch`_v_Parizhe_2011_BDRip_by_Dalemake,Midnight in Paris,series
256,"S:\сериалы\66. Полночь в Париже (Midnight in Paris, 2011) 2011",Midnight in Paris,series
225,S:\сериалы\50. Охотник за разумом (Mindhunter) (1–2 сезоны) 2017,Mindhunter,series
295,S:\сериалы\Mindhunter.S01.2160p.NF.WEB-DL.DDP5.1.DV.HEVC-HHWEB,Mindhunter,series
4490,S:\фильмы\Mon.roi.2015.BDRip-ylnian.avi,Mon roi,movie
8391,O:\Фильмы\Mon.roi.2015.BDRip-ylnian.avi,Mon roi,movie
137,S:\сериалы\03. Монарх Наследие монстров (Monarch Legacy of Monsters) 2023,Monarch: Legacy of Monsters,series
8393,O:\Сериалы\01 Monarch,Monarch: Legacy of Monsters,series
6281,K:\сериалы\Mozart.in.the.Jungle.S01.WEB-DL.1080p.Polshaman,Mozart in the Jungle,series
6282,K:\сериалы\Mozart.In.The.Jungle.S02.720p.HDTVRip.Rus.Eng,Mozart in the Jungle,series
6283,K:\сериалы\Mozart.in.the.Jungle.S04.1080p.WEB-DL.AMS,Mozart in the Jungle,series
6359,R:\сериалы\Mozart.in.the.Jungle.S03.2016.WEBRip.1080p.Rus.Eng.Subs.AMS,Mozart in the Jungle,series
4597,"S:\сериалы\48. Мистер Мерседес (Mr. Mercedes, 2017) 2017\Мистер мерседес (Сезон 2) TVShows\Mr.Mercedes.S02E04.WEB-DLRip.RGzsRutracker.Celta88.avi",Mr. Mercedes,episode
4598,"S:\сериалы\48. Мистер Мерседес (Mr. Mercedes, 2017) 2017\Мистер мерседес (Сезон 2) TVShows\Mr.Mercedes.S02E05.WEB-DLRip.RGzsRutracker.Celta88.avi",Mr. Mercedes,episode
4599,"S:\сериалы\48. Мистер Мерседес (Mr. Mercedes, 2017) 2017\Мистер мерседес (Сезон 2) TVShows\Mr.Mercedes.S02E06.WEB-DLRip.RGzsRutracker.Celta88.avi",Mr. Mercedes,episode
4600,"S:\сериалы\48. Мистер Мерседес (Mr. Mercedes, 2017) 2017\Мистер мерседес (Сезон 2) TVShows\Mr.Mercedes.S02E07.WEB-DLRip.RGzsRutracker.Celta88.avi",Mr. Mercedes,episode
4602,"S:\сериалы\48. Мистер Мерседес (Mr. Mercedes, 2017) 2017\Мистер мерседес (Сезон 2) TVShows\Mr.Mercedes.S02E09.WEB-DLRip.RGzsRutracker.Celta88.avi",Mr. Mercedes,episode
4603,"S:\сериалы\48. Мистер Мерседес (Mr. Mercedes, 2017) 2017\Мистер мерседес (Сезон 2) TVShows\Mr.Mercedes.S02E10.WEB-DLRip.RGzsRutracker.Celta88.avi",Mr. Mercedes,episode
4605,"S:\сериалы\48. Мистер Мерседес (Mr. Mercedes, 2017) 2017\Мистер мерседес (Сезон 3) TVShows\Mr.Mercedes.S03E01.WEB-DLRip.RGzsRutracker.Celta88.avi",Mr. Mercedes,episode
4608,"S:\сериалы\48. Мистер Мерседес (Mr. Mercedes, 2017) 2017\Мистер мерседес (Сезон 3) TVShows\Mr.Mercedes.S03E04.WEB-DLRip.RGzsRutracker.Celta88.avi",Mr. Mercedes,episode
4609,"S:\сериалы\48. Мистер Мерседес (Mr. Mercedes, 2017) 2017\Мистер мерседес (Сезон 3) TVShows\Mr.Mercedes.S03E05.WEB-DLRip.RGzsRutracker.Celta88.avi",Mr. Mercedes,episode
4610,"S:\сериалы\48. Мистер Мерседес (Mr. Mercedes, 2017) 2017\Мистер мерседес (Сезон 3) TVShows\Mr.Mercedes.S03E06.WEB-DLRip.RGzsRutracker.Celta88.avi",Mr. Mercedes,episode
4611,"S:\сериалы\48. Мистер Мерседес (Mr. Mercedes, 2017) 2017\Мистер мерседес (Сезон 3) TVShows\Mr.Mercedes.S03E07.WEB-DLRip.RGzsRutracker.Celta88.avi",Mr. Mercedes,episode
4612,"S:\сериалы\48. Мистер Мерседес (Mr. Mercedes, 2017) 2017\Мистер мерседес (Сезон 3) TVShows\Mr.Mercedes.S03E08.WEB-DLRip.RGzsRutracker.Celta88.avi",Mr. Mercedes,episode
4613,"S:\сериалы\48. Мистер Мерседес (Mr. Mercedes, 2017) 2017\Мистер мерседес (Сезон 3) TVShows\Mr.Mercedes.S03E09.WEB-DLRip.RGzsRutracker.Celta88.avi",Mr. Mercedes,episode
4614,"S:\сериалы\48. Мистер Мерседес (Mr. Mercedes, 2017) 2017\Мистер мерседес (Сезон 3) TVShows\Mr.Mercedes.S03E10.WEB-DLRip.RGzsRutracker.Celta88.avi",Mr. Mercedes,episode
4606,"S:\сериалы\48. Мистер Мерседес (Mr. Mercedes, 2017) 2017\Мистер мерседес (Сезон 3) TVShows\Mr.Mercedes.S03E02.WEB-DLRip.RGzsRutracker.Celta88.avi",Mr. Mercedes,episode
4596,"S:\сериалы\48. Мистер Мерседес (Mr. Mercedes, 2017) 2017\Мистер мерседес (Сезон 2) TVShows\Mr.Mercedes.S02E03.WEB-DLRip.RGzsRutracker.Celta88.avi",Mr. Mercedes,episode
4594,"S:\сериалы\48. Мистер Мерседес (Mr. Mercedes, 2017) 2017\Мистер мерседес (Сезон 2) TVShows\Mr.Mercedes.S02E01.WEB-DLRip.RGzsRutracker.Celta88.avi",Mr. Mercedes,episode
4595,"S:\сериалы\48. Мистер Мерседес (Mr. Mercedes, 2017) 2017\Мистер мерседес (Сезон 2) TVShows\Mr.Mercedes.S02E02.WEB-DLRip.RGzsRutracker.Celta88.avi",Mr. Mercedes,episode
4936,"S:\сериалы\48. Мистер Мерседес (Mr. Mercedes, 2017) 2017\Мистер мерседес (Сезон 3) TVShows",Mr. Mercedes,season
4935,"S:\сериалы\48. Мистер Мерседес (Mr. Mercedes, 2017) 2017\Мистер мерседес (Сезон 2) TVShows",Mr. Mercedes,season
4934,"S:\сериалы\48. Мистер Мерседес (Mr. Mercedes, 2017) 2017\Мистер мерседес (Сезон 1) TVShows",Mr. Mercedes,season
4583,"S:\сериалы\48. Мистер Мерседес (Mr. Mercedes, 2017) 2017\Мистер мерседес (Сезон 1) TVShows\Mr.Mercedes.S01E01.WEBRip.RGzsRutracker.Celta88.avi",Mr. Mercedes,episode
4584,"S:\сериалы\48. Мистер Мерседес (Mr. Mercedes, 2017) 2017\Мистер мерседес (Сезон 1) TVShows\Mr.Mercedes.S01E02.WEBRip.RGzsRutracker.Celta88.avi",Mr. Mercedes,episode
221,"S:\сериалы\48. Мистер Мерседес (Mr. Mercedes, 2017) 2017",Mr. Mercedes,series
4585,"S:\сериалы\48. Мистер Мерседес (Mr. Mercedes, 2017) 2017\Мистер мерседес (Сезон 1) TVShows\Mr.Mercedes.S01E03.WEBRip.RGzsRutracker.Celta88.avi",Mr. Mercedes,episode
4587,"S:\сериалы\48. Мистер Мерседес (Mr. Mercedes, 2017) 2017\Мистер мерседес (Сезон 1) TVShows\Mr.Mercedes.S01E05.WEBRip.RGzsRutracker.Celta88.avi",Mr. Mercedes,episode
4588,"S:\сериалы\48. Мистер Мерседес (Mr. Mercedes, 2017) 2017\Мистер мерседес (Сезон 1) TVShows\Mr.Mercedes.S01E06.WEBRip.RGzsRutracker.Celta88.avi",Mr. Mercedes,episode
4589,"S:\сериалы\48. Мистер Мерседес (Mr. Mercedes, 2017) 2017\Мистер мерседес (Сезон 1) TVShows\Mr.Mercedes.S01E07.WEBRip.RGzsRutracker.Celta88.avi",Mr. Mercedes,episode
4590,"S:\сериалы\48. Мистер Мерседес (Mr. Mercedes, 2017) 2017\Мистер мерседес (Сезон 1) TVShows\Mr.Mercedes.S01E08.WEBRip.RGzsRutracker.Celta88.avi",Mr. Mercedes,episode
4591,"S:\сериалы\48. Мистер Мерседес (Mr. Mercedes, 2017) 2017\Мистер мерседес (Сезон 1) TVShows\Mr.Mercedes.S01E09.WEBRip.RGzsRutracker.Celta88.avi",Mr. Mercedes,episode
4592,"S:\сериалы\48. Мистер Мерседес (Mr. Mercedes, 2017) 2017\Мистер мерседес (Сезон 1) TVShows\Mr.Mercedes.S01E10.WEBRip.RGzsRutracker.Celta88.avi",Mr. Mercedes,episode
4586,"S:\сериалы\48. Мистер Мерседес (Mr. Mercedes, 2017) 2017\Мистер мерседес (Сезон 1) TVShows\Mr.Mercedes.S01E04.WEBRip.RGzsRutracker.Celta88.avi",Mr. Mercedes,episode
6845,R:\сериалы\Agatha Christie's Poirot\Season 8\02 Murder In Mesopotamia.m4v,Murder in Mesopotamia,episode
6844,R:\сериалы\Agatha Christie's Poirot\Season 8\02 Murder In Mesopotamia (HD).m4v,Murder in Mesopotamia,episode
1125,Z:\фильмы\Murder on the Orient Express.1974.BDRip.avi,Murder on the Orient Express,movie
4421,"S:\фильмы\169. Убийство в Восточном экспрессе (Murder on the Orient Express, 1974) 1974.avi",Murder on the Orient Express,movie
6749,R:\сериалы\Agatha Christie's Poirot\Season 12\04 Murder On the Orient Express.m4v,Murder on the Orient Express,episode
8300,W:\сериалы\03 Клиника (Scrubs)\Scrubs Season 5 1080 AI\Scrubs S05E07 My Way Home [alternative].mkv,My Way Home,episode
8301,W:\сериалы\03 Клиника (Scrubs)\Scrubs Season 5 1080 AI\Scrubs S05E07 My Way Home.mkv,My Way Home,episode
5753,M:\фильмы\01 Неадекватные люди_1.46.avi,Neadekvatnye lyudi,movie
4437,S:\фильмы\185. Неадекватные люди (2010) 2010.avi,Neadekvatnye lyudi,movie
4725,"E:\фильмы\60. Не время умирать (No Time to Die, 2021) 2021.mkv",No Time to Die,movie
4707,"E:\фильмы\131. Не время умирать (No Time to Die, 2021) 2021.mkv",No Time to Die,movie
4438,"S:\фильмы\186. Ноттинг Хилл (Notting Hill, 1999) 1999.mkv",Notting Hill,movie
1120,"Z:\фильмы\37. Ноттинг Хилл (Notting Hill, 1999) 1999.avi",Notting Hill,movie
7033,Q:\сериалы\02 Игра в кальмара,Ojingeo Geim,series
6291,K:\сериалы\Squid Game 2 - LostFilm.TV [1080p],Ojingeo Geim,series
1102,"Z:\фильмы\10. Взвод (Platoon, 1986) 1986.avi",Platoon,movie
1105,"Z:\фильмы\22. Взвод (Platoon, 1986) 1986.avi",Platoon,movie
7084,U:\фильмы\01 Pro_Lubov`_2015_WEB-DLRip_iT_by_Dalemake.avi,Pro lyubov,movie
4495,S:\фильмы\Pro_Lubov`_2015_WEB-DLRip_iT_by_Dalemake.avi,Pro lyubov,movie
5764,G:\сериалы\Queen of the South,Queen of the South,series
5756,M:\сериалы\01 Queen of the South,Queen of the South,series
1139,Z:\сериалы\10. Рэй Донован (Ray Donovan) 2013 2013,Ray Donovan,series
6349,T:\сериалы\04 Ray.Donovan.S01-07,Ray Donovan,series
5487,N:\сериалы\09 Реализация,Realizatsiya,series
231,S:\сериалы\53. Реализация 2019,Realizatsiya,series
253,S:\сериалы\64. Ошибки прошлого (Rectify) (1–4 сезоны) 2013,Rectify,series
297,S:\сериалы\Rectify.s01.WEB-DLRip.Rus.Eng.[To4ka.TV],Rectify,series
299,S:\сериалы\Rectify_S02_rus,Rectify,series
774,S:\фильмы\Restoran.po.ponyatiyam.S02.2022.WEBRip.1080p,Restoran po ponyatiyam,series
7041,Q:\сериалы\12 Restoran.po.ponyatiyam.S02.2022.WEBRip.1080p,Restoran po ponyatiyam,series
7087,U:\фильмы\03 Doroga_peremen_2008_BDRip_by_Dalemake.avi,Revolutionary Road,movie
4487,S:\фильмы\Doroga_peremen_2008_BDRip_by_Dalemake.avi,Revolutionary Road,movie
4766,"E:\фильмы\98. Право на убийство (Righteous Kill, 2008) 2008.mkv",Righteous Kill,movie
4765,"E:\фильмы\97. Право на убийство (Righteous Kill, 2008) 2008.avi",Righteous Kill,movie
6849,R:\сериалы\Agatha Christie's Poirot\Season 9\02 Sad Cypress (HD).m4v,Sad Cypress,episode
6850,R:\сериалы\Agatha Christie's Poirot\Season 9\02 Sad Cypress.m4v,Sad Cypress,episode
4496,S:\фильмы\Samyi_Lu4shyi_Den`_2015_BDRip_by_Dalemake.avi,Samyy luchshiy den,movie
4446,S:\фильмы\194. Самый лучший день (2015) 2015.avi,Samyy luchshiy den,movie
4929,S:\сериалы\39. Шмигадун! (Schmigadoon!) (1–2 сезоны) 2021\Season 2,Schmigadoon!,season
201,S:\сериалы\39. Шмигадун! (Schmigadoon!) (1–2 сезоны) 2021,Schmigadoon!,series
4928,S:\сериалы\39. Шмигадун! (Schmigadoon!) (1–2 сезоны) 2021\Season 1,Schmigadoon!,season
4510,S:\сериалы\39. Шмигадун! (Schmigadoon!) (1–2 сезоны) 2021\Season 1\Schmigadoon!.S01E01.Schmigadoon!.1080p.ATVP.WEB-DL.DDP5.1.H.264-yuckostya.mkv,Schmigadoon!,episode
8305,W:\сериалы\03 Клиника (Scrubs)\Scrubs Season 5 1080 AI\Scrubs S05E11 My Buddys Booty.mkv,Scrubs,episode
8214,W:\сериалы\03 Клиника (Scrubs)\Scrubs Season 1 1080 AI\Scrubs S01E18 My Tuscaloosa Heart.mkv,Scrubs,episode
8311,W:\сериалы\03 Клиника (Scrubs)\Scrubs Season 5 1080 AI\Scrubs S05E17 My Chopped Liver.mkv,Scrubs,episode
8317,W:\сериалы\03 Клиника (Scrubs)\Scrubs Season 5 1080 AI\Scrubs S05E23 My Urologist .mkv,Scrubs,episode
8212,W:\сериалы\03 Клиника (Scrubs)\Scrubs Season 1 1080 AI\Scrubs S01E16 My Heavy Meddle.mkv,Scrubs,episode
8310,W:\сериалы\03 Клиника (Scrubs)\Scrubs Season 5 1080 AI\Scrubs S05E16 My Bright Idea.mkv,Scrubs,episode
8211,W:\сериалы\03 Клиника (Scrubs)\Scrubs Season 1 1080 AI\Scrubs S01E15 My Bed Banter & Beyond.mkv,Scrubs,episode
8319,W:\сериалы\03 Клиника (Scrubs)\Scrubs Season 6 1080 AI,Scrubs,season
8207,W:\сериалы\03 Клиника (Scrubs)\Scrubs Season 1 1080 AI\Scrubs S01E11 My Own Personal Jesus.mkv,Scrubs,episode
8321,W:\сериалы\03 Клиника (Scrubs)\Scrubs Season 6 1080 AI\Scrubs S06E02 My Best Friends Babys Baby and My Babys Baby.mkv,Scrubs,episode
8326,W:\сериалы\03 Клиника (Scrubs)\Scrubs Season 6 1080 AI\Scrubs S06E07 His Story IV.mkv,Scrubs,episode
8314,W:\сериалы\03 Клиника (Scrubs)\Scrubs Season 5 1080 AI\Scrubs S05E20 My Lunch.mkv,Scrubs,episode
8217,W:\сериалы\03 Клиника (Scrubs)\Scrubs Season 1 1080 AI\Scrubs S01E21 My Sacrificial Clam.mkv,Scrubs,episode
8237,W:\сериалы\03 Клиника (Scrubs)\Scrubs Season 2 1080 AI\Scrubs S02E16 My Karma.mkv,Scrubs,episode
7197,W:\сериалы\03 Клиника (Scrubs),Scrubs,series
8306,W:\сериалы\03 Клиника (Scrubs)\Scrubs Season 5 1080 AI\Scrubs S05E12 My Cabbage.mkv,Scrubs,episode
8297,W:\сериалы\03 Клиника (Scrubs)\Scrubs Season 5 1080 AI\Scrubs S05E04 My Jiggly Ball.mkv,Scrubs,episode
8295,W:\сериалы\03 Клиника (Scrubs)\Scrubs Season 5 1080 AI\Scrubs S05E02 My Rite of Passage.mkv,Scrubs,episode
8293,W:\сериалы\03 Клиника (Scrubs)\Scrubs Season 5 1080 AI,Scrubs,season
8277,W:\сериалы\03 Клиника (Scrubs)\Scrubs Season 4 1080 AI\Scrubs S04E10 My Female Trouble.mkv,Scrubs,episode
8274,W:\сериалы\03 Клиника (Scrubs)\Scrubs Season 4 1080 AI\Scrubs S04E07 My Common Enemy.mkv,Scrubs,episode
8272,W:\сериалы\03 Клиника (Scrubs)\Scrubs Season 4 1080 AI\Scrubs S04E05 Her Story.mkv,Scrubs,episode
8271,W:\сериалы\03 Клиника (Scrubs)\Scrubs Season 4 1080 AI\Scrubs S04E04 My First Kill.mkv,Scrubs,episode
8206,W:\сериалы\03 Клиника (Scrubs)\Scrubs Season 1 1080 AI\Scrubs S01E10 My Nickname.mkv,Scrubs,episode
8260,W:\сериалы\03 Клиника (Scrubs)\Scrubs Season 3 1080 AI\Scrubs S03E16 My Butterfly.mkv,Scrubs,episode
8254,W:\сериалы\03 Клиника (Scrubs)\Scrubs Season 3 1080 AI\Scrubs S03E10 My Rule of Thumb.mkv,Scrubs,episode
8250,W:\сериалы\03 Клиника (Scrubs)\Scrubs Season 3 1080 AI\Scrubs S03E06 My Advice to You.mkv,Scrubs,episode
8249,"W:\сериалы\03 Клиника (Scrubs)\Scrubs Season 3 1080 AI\Scrubs S03E05 My Brother, Where Art Thou.mkv",Scrubs,episode
8308,W:\сериалы\03 Клиника (Scrubs)\Scrubs Season 5 1080 AI\Scrubs S05E14 My Own Personal Hell.mkv,Scrubs,episode
8244,W:\сериалы\03 Клиника (Scrubs)\Scrubs Season 3 1080 AI,Scrubs,season
8309,W:\сериалы\03 Клиника (Scrubs)\Scrubs Season 5 1080 AI\Scrubs S05E15 My Extra Mile.mkv,Scrubs,episode
8303,W:\сериалы\03 Клиника (Scrubs)\Scrubs Season 5 1080 AI\Scrubs S05E09 My Half-Acre.mkv,Scrubs,episode
8221,W:\сериалы\03 Клиника (Scrubs)\Scrubs Season 2 1080 AI,Scrubs,season
8267,W:\сериалы\03 Клиника (Scrubs)\Scrubs Season 4 1080 AI,Scrubs,season
8304,W:\сериалы\03 Клиника (Scrubs)\Scrubs Season 5 1080 AI\Scrubs S05E10 Her Story II.mkv,Scrubs,episode
8342,W:\сериалы\03 Клиника (Scrubs)\Scrubs Season 7 1080 AI,Scrubs,season
8346,W:\сериалы\03 Клиника (Scrubs)\Scrubs Season 7 1080 AI\Scrubs S07E04 My Identity Crisis.mkv,Scrubs,episode
8376,W:\сериалы\03 Клиника (Scrubs)\Scrubs Season 9 1080 AI\Scrubs 9x02 Our Drunk Friend.avi,Scrubs,episode
8374,W:\сериалы\03 Клиника (Scrubs)\Scrubs Season 9 1080 AI,Scrubs,season
1141,Z:\сериалы\12. Клиника (Scrubs) (1–9 сезоны) 2001,Scrubs,series
8357,W:\сериалы\03 Клиника (Scrubs)\Scrubs Season 8 1080 AI\Scrubs 8x03 My Saving Grace.avi,Scrubs,episode
8354,W:\сериалы\03 Клиника (Scrubs)\Scrubs Season 8 1080 AI,Scrubs,season
8351,W:\сериалы\03 Клиника (Scrubs)\Scrubs Season 7 1080 AI\Scrubs S07E09 My Dumb Luck.mkv,Scrubs,episode
8196,W:\сериалы\03 Клиника (Scrubs)\Scrubs Season 1 1080 AI,Scrubs,season
8341,W:\сериалы\03 Клиника (Scrubs)\Scrubs Season 6 1080 AI\Scrubs S06E22 My Point of No Return.mkv,Scrubs,episode
8349,W:\сериалы\03 Клиника (Scrubs)\Scrubs Season 7 1080 AI\Scrubs S07E07 My Bad Too.mkv,Scrubs,episode
5754,M:\фильмы\02 Se7en [1995 HDRip Open Matte].avi,Se7en,movie
4413,"S:\фильмы\161. Семь (Se7en, 1995) 1995.avi",Se7en,movie
6691,K:\сериалы\Штисель\Сезон 3,Shtisel,season
6688,K:\сериалы\Штисель\Сезон 2\2x10 - Трагическая симфония (The Tragic Symphony).avi,Shtisel,episode
6689,K:\сериалы\Штисель\Сезон 2\2x11 - Тайна в тайне (Concealment in the Concealment).avi,Shtisel,episode
6690,K:\сериалы\Штисель\Сезон 2\2x12 - Последняя серия сезона (Last of the Season).avi,Shtisel,episode
6692,K:\сериалы\Штисель\Сезон 3\3x01 - Белые флаги (White Flags).avi,Shtisel,episode
6698,"K:\сериалы\Штисель\Сезон 3\3x07 - Долгий путь короче, чем ты думаешь (A Long Path that is Short).avi",Shtisel,episode
6694,K:\сериалы\Штисель\Сезон 3\3x03 - Телефонная будка (Public Telephone).avi,Shtisel,episode
6695,K:\сериалы\Штисель\Сезон 3\3x04 - Первая улыбка (First smile).avi,Shtisel,episode
6696,K:\сериалы\Штисель\Сезон 3\3x05 - Белизна (White).avi,Shtisel,episode
6697,K:\сериалы\Штисель\Сезон 3\3x06 - Королева ночи (Cestrum Nocturnum).avi,Shtisel,episode
6687,K:\сериалы\Штисель\Сезон 2\2x09 - Утешение (The Consoled).avi,Shtisel,episode
6699,"K:\сериалы\Штисель\Сезон 3\3x08 - Мэйм, Мэйм (Mame, Mame).avi",Shtisel,episode
6693,K:\сериалы\Штисель\Сезон 3\3x02 - Птица (The bird).avi,Shtisel,episode
6686,K:\сериалы\Штисель\Сезон 2\2x08 - Обычаи Иерусалима (Jerusalem Customs).avi,Shtisel,episode
6683,K:\сериалы\Штисель\Сезон 2\2x05 - Превратности любви (Love Pains).avi,Shtisel,episode
6684,K:\сериалы\Штисель\Сезон 2\2x06 - Снег (Snow).avi,Shtisel,episode
6308,K:\сериалы\Штисель,Shtisel,series
6665,K:\сериалы\Штисель\Сезон 1,Shtisel,season
6666,K:\сериалы\Штисель\Сезон 1\1x01 - Все люди ищут любви (Everybody Is Looking for Love).avi,Shtisel,episode
6668,K:\сериалы\Штисель\Сезон 1\1x03 - Шулем подталкивает Акиву к помолвке (Shulem Pushes Akiva to Get Engaged).avi,Shtisel,episode
6669,K:\сериалы\Штисель\Сезон 1\1x04 - Гити и Акива устраиваются на работу (Giti and Akiva Find Jobs).avi,Shtisel,episode
6685,K:\сериалы\Штисель\Сезон 2\2x07 - Добрая воля потерянных детей (The Lost Children's Good Will).avi,Shtisel,episode
6674,K:\сериалы\Штисель\Сезон 1\1x09 - Малыш (The Baby).avi,Shtisel,episode
6670,K:\сериалы\Штисель\Сезон 1\1x05 - Акива в сомнениях (Akiva hesitates).avi,Shtisel,episode
6676,K:\сериалы\Штисель\Сезон 1\1x11 - Колония (Kolonia).avi,Shtisel,episode
6677,K:\сериалы\Штисель\Сезон 1\1x12 - Время погрустить (Cry Here).avi,Shtisel,episode
6678,K:\сериалы\Штисель\Сезон 2,Shtisel,season
6680,K:\сериалы\Штисель\Сезон 2\2x02 - Очень важный друг (A Very Important Friend).avi,Shtisel,episode
6681,K:\сериалы\Штисель\Сезон 2\2x03 - Штейнглетц и Шутенштейн (Shteingletz and Shutenshtein).avi,Shtisel,episode
6682,K:\сериалы\Штисель\Сезон 2\2x04 - Маурицио (Mauricio).avi,Shtisel,episode
6675,K:\сериалы\Штисель\Сезон 1\1x10 - Белый человек (The White Man).avi,Shtisel,episode
4465,"S:\фильмы\213. Остров проклятых (Shutter Island, 2010) 2010.avi",Shutter Island,movie
1126,Z:\фильмы\Shutter Island [2010 HDRip].avi,Shutter Island,movie
183,"S:\сериалы\30. Сисси Императрица Австрии (Sisi, 2021) 2021",Sisi,series
181,S:\сериалы\29. Сисси Императрица Австрии (Sisi) (1–2 сезоны) 2021,Sisi,series
301,S:\сериалы\Sisi.S01.MVO.Iyuno-SDI.Group.WEB-DLRip,Sisi,series
185,"S:\сериалы\31. Сисси Императрица Австрии (Sisi, 2021) 3 сезон 2021",Sisi,series
8082,P:\сериалы\11 Большой куш (сериал)\сезон 2\2x06 - Bomba (Бомба).avi,Snatch,episode
8072,P:\сериалы\11 Большой куш (сериал)\сезон 1\1x07 - Coming Home to Roost (Возвращение к курям).avi,Snatch,episode
8086,P:\сериалы\11 Большой куш (сериал)\сезон 2\2x10 - Job Done (Дело сделано).avi,Snatch,episode
8085,P:\сериалы\11 Большой куш (сериал)\сезон 2\2x09 - Close Quarters (Ближний бой).avi,Snatch,episode
8078,P:\сериалы\11 Большой куш (сериал)\сезон 2\2x02 - The Catalan and the Mute (Каталонец и немой).avi,Snatch,episode
8077,P:\сериалы\11 Большой куш (сериал)\сезон 2\2x01 - Ole (Оле!).avi,Snatch,episode
8065,P:\сериалы\11 Большой куш (сериал)\сезон 1,Snatch,season
8076,P:\сериалы\11 Большой куш (сериал)\сезон 2,Snatch,season
8074,P:\сериалы\11 Большой куш (сериал)\сезон 1\1x09 - Creepers (Криперс).avi,Snatch,episode
8068,P:\сериалы\11 Большой куш (сериал)\сезон 1\1x03 - Going in Heavy (Напролом).avi,Snatch,episode
8071,"P:\сериалы\11 Большой куш (сериал)\сезон 1\1x06 - Fly Away You Nutters (На волю, психи!).avi",Snatch,episode
6999,P:\сериалы\11 Большой куш (сериал),Snatch,series
982,E:\сериалы\40. Сквозь снег (Snowpiercer) (1–4 сезоны) 2020,Snowpiercer,series
732,E:\сериалы\01. Сквозь снег (Snowpiercer) (3 сезон) 2020,Snowpiercer,series
4498,S:\фильмы\So.mnou.vot.chto.proishodit.2012.O_DVDRip.avi,So mnoyu vot chto proishodit,movie
4450,S:\фильмы\198. Со мною вот что происходит (2012) 2012.avi,So mnoyu vot chto proishodit,movie
5765,G:\сериалы\Sugar 1 - LostFilm.TV [1080p],Sugar,series
968,E:\сериалы\26. Шугар (Sugar) (2 сезон) 2024,Sugar,series
6804,R:\сериалы\Agatha Christie's Poirot\Season 4\01 The ABC Murders (HD).m4v,The ABC Murders,episode
6805,R:\сериалы\Agatha Christie's Poirot\Season 4\01 The ABC Murders.m4v,The ABC Murders,episode
6075,N:\сериалы\The.Americans.20113-2018.web-dlrip_[teko]\Season_01,The Americans,season
6085,N:\сериалы\The.Americans.20113-2018.web-dlrip_[teko]\Season_01\s01e10_Only.You.avi,The Americans,episode
6089,N:\сериалы\The.Americans.20113-2018.web-dlrip_[teko]\Season_02,The Americans,season
6090,N:\сериалы\The.Americans.20113-2018.web-dlrip_[teko]\Season_02\s02e01_Comrades.avi,The Americans,episode
6091,N:\сериалы\The.Americans.20113-2018.web-dlrip_[teko]\Season_02\s02e02_Cardinal.avi,The Americans,episode
6096,N:\сериалы\The.Americans.20113-2018.web-dlrip_[teko]\Season_02\s02e07_ARPANET.avi,The Americans,episode
6097,N:\сериалы\The.Americans.20113-2018.web-dlrip_[teko]\Season_02\s02e08_New.Car.avi,The Americans,episode
6103,N:\сериалы\The.Americans.20113-2018.web-dlrip_[teko]\Season_03,The Americans,season
6105,N:\сериалы\The.Americans.20113-2018.web-dlrip_[teko]\Season_03\s03e02_Baggage.avi,The Americans,episode
6094,N:\сериалы\The.Americans.20113-2018.web-dlrip_[teko]\Season_02\s02e05_The.Deal.avi,The Americans,episode
6110,N:\сериалы\The.Americans.20113-2018.web-dlrip_[teko]\Season_03\s03e07_Walter.Taffet.avi,The Americans,episode
5507,N:\сериалы\The.Americans.20113-2018.web-dlrip_[teko],The Americans,series
6108,N:\сериалы\The.Americans.20113-2018.web-dlrip_[teko]\Season_03\s03e05_Salang.Pass.avi,The Americans,episode
6145,N:\сериалы\The.Americans.20113-2018.web-dlrip_[teko]\Season_06,The Americans,season
6144,N:\сериалы\The.Americans.20113-2018.web-dlrip_[teko]\Season_05\s05e13_The.Soviet.Division.avi,The Americans,episode
6143,N:\сериалы\The.Americans.20113-2018.web-dlrip_[teko]\Season_05\s05e12_The.World.Council.of.Churches.avi,The Americans,episode
6131,N:\сериалы\The.Americans.20113-2018.web-dlrip_[teko]\Season_05,The Americans,season
6129,N:\сериалы\The.Americans.20113-2018.web-dlrip_[teko]\Season_04\s04e12_A.Roy.Rogers.in.Franconia.avi,The Americans,episode
6151,N:\сериалы\The.Americans.20113-2018.web-dlrip_[teko]\Season_06\s06e06_Rififi.avi,The Americans,episode
6121,N:\сериалы\The.Americans.20113-2018.web-dlrip_[teko]\Season_04\s04e04_Chloramphenicol.avi,The Americans,episode
6118,N:\сериалы\The.Americans.20113-2018.web-dlrip_[teko]\Season_04\s04e01_Glanders.avi,The Americans,episode
6117,N:\сериалы\The.Americans.20113-2018.web-dlrip_[teko]\Season_04,The Americans,season
6114,N:\сериалы\The.Americans.20113-2018.web-dlrip_[teko]\Season_03\s03e11_One.Day.in.the.Life.of.Anton.Baklanov.avi,The Americans,episode
6124,N:\сериалы\The.Americans.20113-2018.web-dlrip_[teko]\Season_04\s04e07_Travel.Agents.avi,The Americans,episode
6111,N:\сериалы\The.Americans.20113-2018.web-dlrip_[teko]\Season_03\s03e08_Divestment.avi,The Americans,episode
6112,N:\сериалы\The.Americans.20113-2018.web-dlrip_[teko]\Season_03\s03e09_Do.Mail.Robots.Dream.of.Electric.Sheep.avi,The Americans,episode
4684,"E:\фильмы\110. Медведь (The Bear, 2022) 2022.mkv",The Bear,movie
974,E:\сериалы\32. Медведь (The Bear) 2022,The Bear,series
4688,"E:\фильмы\113. Пока не сыграл в ящик (The Bucket List, 2007) 2007.avi",The Bucket List,movie
4689,"E:\фильмы\114. Пока не сыграл в ящик (The Bucket List, 2007) 2007.mkv",The Bucket List,movie
6768,R:\сериалы\Agatha Christie's Poirot\Season 2\04 The Cornish Mystery (HD).m4v,The Cornish Mystery,episode
6769,R:\сериалы\Agatha Christie's Poirot\Season 2\04 The Cornish Mystery.m4v,The Cornish Mystery,episode
158,S:\сериалы\19. Корона (The Crown) 2016,The Crown,series
303,S:\сериалы\The Crown (Season 6) WEB-DL 1080p,The Crown,series
305,S:\сериалы\The Crown - Корона. Сезон 1. NewStudio. 720p,The Crown,series
159,S:\сериалы\20. Корона (The Crown) (1–6 сезоны) 2016,The Crown,series
163,S:\сериалы\22. Корона (The Crown) (5 сезон) 2016,The Crown,series
6297,K:\сериалы\The.Crown.S05.HDR.NF.WEB-DL.1080p.by.AKTEP,The Crown,series
161,S:\сериалы\21. Корона (The Crown) (4 сезон) 2016,The Crown,series
287,"S:\сериалы\82. Увлечение (The Crush, 1993) 1993",The Crush,series
6294,K:\сериалы\The Crush.1993.bdrip_[1.46]_[teko],The Crush,series
6770,R:\сериалы\Agatha Christie's Poirot\Season 2\05 The Disappearance of Mr. Davenheim (HD).m4v,The Disappearance of Mr. Davenheim,episode
6771,R:\сериалы\Agatha Christie's Poirot\Season 2\05 The Disappearance of Mr. Davenheim.m4v,The Disappearance of Mr. Davenheim,episode
1128,Z:\фильмы\Дорз - The Doors [by Edich2].avi,The Doors,movie
4428,"S:\фильмы\176. Дорз (The Doors, 1991) 1991.avi",The Doors,movie
4726,"E:\фильмы\61. Неудержимые (The Expendables, 2010) 2010.avi",The Expendables,movie
7105,U:\фильмы\Неудержимые (2010) BDRip-1080p [Open Matte].mkv,The Expendables,movie
4480,"S:\фильмы\96. Неудержимые 3 (The Expendables 3, 2014) 2014.avi",The Expendables 3,movie
4728,"E:\фильмы\62. Неудержимые 3 (The Expendables 3, 2014) 2014.mkv",The Expendables 3,movie
4727,"E:\фильмы\61. Неудержимые 3 (The Expendables 3, 2014) 2014.avi",The Expendables 3,movie
1136,"Z:\сериалы\07. Джентльмены (The Gentlemen, 2024) 2024",The Gentlemen,series
6295,K:\сериалы\The Gentlemen 1 - LostFilm.TV [1080p],The Gentlemen,series
241,S:\сериалы\58. Великая (The Great) 2020,The Great,series
950,"E:\сериалы\08. Великая (The Great, 2020) — 3 сезон 2020",The Great,series
5766,G:\сериалы\The.Great.S03.2160p.HULU.WEB-DL.x265.10bit.SDR,The Great,series
6718,R:\сериалы\Agatha Christie's Poirot\Season 1\08 The Incredible Theft.m4v,The Incredible Theft,episode
6717,R:\сериалы\Agatha Christie's Poirot\Season 1\08 The Incredible Theft (HD).m4v,The Incredible Theft,episode
4742,"E:\фильмы\75. Свой человек (The Insider, 1999) 1999.avi",The Insider,movie
4741,"E:\фильмы\74. Свой человек (The Insider, 1999) 1999.avi",The Insider,movie
4367,"S:\фильмы\115. Свой человек (The Insider, 1999) 1999.avi",The Insider,movie
965,E:\сериалы\23. Присяжная (The Juror) (1 сезон) 1996,The Juror,series
4767,"E:\фильмы\99. Присяжная (The Juror, 1996) 1996.avi",The Juror,movie
4656,"S:\сериалы\63. Оставленные (The Leftovers, 2014–2017) 2014\Season_02\s02e03_Off.Ramp.avi",The Leftovers,episode
4659,"S:\сериалы\63. Оставленные (The Leftovers, 2014–2017) 2014\Season_02\s02e06_Lens.avi",The Leftovers,episode
4652,"S:\сериалы\63. Оставленные (The Leftovers, 2014–2017) 2014\Season_01\s01e10_The.Prodigal.Son.Returns.avi",The Leftovers,episode
4644,"S:\сериалы\63. Оставленные (The Leftovers, 2014–2017) 2014\Season_01\s01e02_Penguin.One,Us.Zero.avi",The Leftovers,episode
4647,"S:\сериалы\63. Оставленные (The Leftovers, 2014–2017) 2014\Season_01\s01e05_Gladys.avi",The Leftovers,episode
4645,"S:\сериалы\63. Оставленные (The Leftovers, 2014–2017) 2014\Season_01\s01e03_Two.Boats.and.a.Helicopter.avi",The Leftovers,episode
4942,"S:\сериалы\63. Оставленные (The Leftovers, 2014–2017) 2014\Season_03",The Leftovers,season
4940,"S:\сериалы\63. Оставленные (The Leftovers, 2014–2017) 2014\Season_01",The Leftovers,season
4650,"S:\сериалы\63. Оставленные (The Leftovers, 2014–2017) 2014\Season_01\s01e08_Cairo.avi",The Leftovers,episode
4662,"S:\сериалы\63. Оставленные (The Leftovers, 2014–2017) 2014\Season_02\s02e09_Ten.Thirteen.avi",The Leftovers,episode
4941,"S:\сериалы\63. Оставленные (The Leftovers, 2014–2017) 2014\Season_02",The Leftovers,season
4668,"S:\сериалы\63. Оставленные (The Leftovers, 2014–2017) 2014\Season_03\s03e04_G'Day.Melbourne.avi",The Leftovers,episode
4672,"S:\сериалы\63. Оставленные (The Leftovers, 2014–2017) 2014\Season_03\s03e08_The.Book.of.Nora.avi",The Leftovers,episode
4670,"S:\сериалы\63. Оставленные (The Leftovers, 2014–2017) 2014\Season_03\s03e06_Certified.avi",The Leftovers,episode
4665,"S:\сериалы\63. Оставленные (The Leftovers, 2014–2017) 2014\Season_03\s03e01_The.Book.of.Kevin.avi",The Leftovers,episode
4666,"S:\сериалы\63. Оставленные (The Leftovers, 2014–2017) 2014\Season_03\s03e02_Don't.Be.Ridiculous.avi",The Leftovers,episode
251,"S:\сериалы\63. Оставленные (The Leftovers, 2014–2017) 2014",The Leftovers,series
6970,P:\фильмы\CHelovek.kotoryj.prodal.svoyu.kozhu.2020.WEB-DLRip.avi,The Man Who Sold His Skin,movie
4744,"E:\фильмы\77. Человек, который продал свою кожу (The Man Who Sold His Skin, 2020) 2020.mkv",The Man Who Sold His Skin,movie
6781,R:\сериалы\Agatha Christie's Poirot\Season 3\01 The Mysterious Affair at Styles (HD).m4v,The Mysterious Affair at Styles,episode
6782,R:\сериалы\Agatha Christie's Poirot\Season 3\01 The Mysterious Affair at Styles.m4v,The Mysterious Affair at Styles,episode
6795,R:\сериалы\Agatha Christie's Poirot\Season 3\08 Mystery of the Spanish Chest (HD).m4v,The Mystery of the Spanish Chest,episode
6796,R:\сериалы\Agatha Christie's Poirot\Season 3\08 Mystery of the Spanish Chest.m4v,The Mystery of the Spanish Chest,episode
219,"S:\сериалы\47. Идеальная пара (The Perfect Couple, 2024) 2024",The Perfect Couple,series
471,S:\сериалы\The.Perfect.Couple.2024.S01.NF.WEB-DLRip-AVC.x264.seleZen,The Perfect Couple,series
4387,S:\фильмы\135. Призрак оперы (1983) 1983.avi,The Phantom of the Opera,movie
6287,K:\сериалы\Prizrak.opery.2004,The Phantom of the Opera,series
6788,R:\сериалы\Agatha Christie's Poirot\Season 3\04 Plymouth Express.m4v,The Plymouth Express,episode
6787,R:\сериалы\Agatha Christie's Poirot\Season 3\04 Plymouth Express (HD).m4v,The Plymouth Express,episode
1129,Z:\фильмы\Побег из Шоушенка (1994) Fullscreen.avi,The Shawshank Redemption,movie
4442,"S:\фильмы\190. Побег из Шоушенка (The Shawshank Redemption, 1994) 1994.avi",The Shawshank Redemption,movie
6158,N:\сериалы\Щит\The Shield Season 1 HDRip\The.Shield.S01E02.HDRip.RGzsRutracker.avi,The Shield,episode
6167,N:\сериалы\Щит\The Shield Season 1 HDRip\The.Shield.S01E11.HDRip.RGzsRutracker.avi,The Shield,episode
6182,N:\сериалы\Щит\The Shield Season 2 HDRip\The.Shield.S02E12.HDRip.RGzsRutracker.avi,The Shield,episode
6183,N:\сериалы\Щит\The Shield Season 2 HDRip\The.Shield.S02E13.HDRip.RGzsRutracker.avi,The Shield,episode
6184,N:\сериалы\Щит\The Shield Season 3 HDRip,The Shield,season
6185,N:\сериалы\Щит\The Shield Season 3 HDRip\The.Shield.S03E01.HDRip.RGzsRutracker.avi,The Shield,episode
6186,N:\сериалы\Щит\The Shield Season 3 HDRip\The.Shield.S03E02.HDRip.RGzsRutracker.avi,The Shield,episode
6187,N:\сериалы\Щит\The Shield Season 3 HDRip\The.Shield.S03E03.HDRip.RGzsRutracker.avi,The Shield,episode
6189,N:\сериалы\Щит\The Shield Season 3 HDRip\The.Shield.S03E05.HDRip.RGzsRutracker.avi,The Shield,episode
6181,N:\сериалы\Щит\The Shield Season 2 HDRip\The.Shield.S02E11.HDRip.RGzsRutracker.avi,The Shield,episode
6190,N:\сериалы\Щит\The Shield Season 3 HDRip\The.Shield.S03E06.HDRip.RGzsRutracker.avi,The Shield,episode
6192,N:\сериалы\Щит\The Shield Season 3 HDRip\The.Shield.S03E08.HDRip.RGzsRutracker.avi,The Shield,episode
6194,N:\сериалы\Щит\The Shield Season 3 HDRip\The.Shield.S03E10.HDRip.RGzsRutracker.avi,The Shield,episode
6196,N:\сериалы\Щит\The Shield Season 3 HDRip\The.Shield.S03E12.HDRip.RGzsRutracker.avi,The Shield,episode
6197,N:\сериалы\Щит\The Shield Season 3 HDRip\The.Shield.S03E13.HDRip.RGzsRutracker.avi,The Shield,episode
6198,N:\сериалы\Щит\The Shield Season 3 HDRip\The.Shield.S03E14.HDRip.RGzsRutracker.avi,The Shield,episode
5511,N:\сериалы\Щит,The Shield,series
6201,N:\сериалы\Щит\The Shield Season 4 HDRip\The.Shield.S04E01.HDRip.RGzsRutracker.avi,The Shield,episode
6191,N:\сериалы\Щит\The Shield Season 3 HDRip\The.Shield.S03E07.HDRip.RGzsRutracker.avi,The Shield,episode
6180,N:\сериалы\Щит\The Shield Season 2 HDRip\The.Shield.S02E10.HDRip.RGzsRutracker.avi,The Shield,episode
6178,N:\сериалы\Щит\The Shield Season 2 HDRip\The.Shield.S02E08.HDRip.RGzsRutracker.avi,The Shield,episode
6177,N:\сериалы\Щит\The Shield Season 2 HDRip\The.Shield.S02E07.HDRip.RGzsRutracker.avi,The Shield,episode
6156,N:\сериалы\Щит\The Shield Season 1 HDRip,The Shield,season
6157,N:\сериалы\Щит\The Shield Season 1 HDRip\The.Shield.S01E01.HDRip.RGzsRutracker.avi,The Shield,episode
6159,N:\сериалы\Щит\The Shield Season 1 HDRip\The.Shield.S01E03.HDRip.RGzsRutracker.avi,The Shield,episode
6160,N:\сериалы\Щит\The Shield Season 1 HDRip\The.Shield.S01E04.HDRip.RGzsRutracker.avi,The Shield,episode
6161,N:\сериалы\Щит\The Shield Season 1 HDRip\The.Shield.S01E05.HDRip.RGzsRutracker.avi,The Shield,episode
6163,N:\сериалы\Щит\The Shield Season 1 HDRip\The.Shield.S01E07.HDRip.RGzsRutracker.avi,The Shield,episode
6164,N:\сериалы\Щит\The Shield Season 1 HDRip\The.Shield.S01E08.HDRip.RGzsRutracker.avi,The Shield,episode
6165,N:\сериалы\Щит\The Shield Season 1 HDRip\The.Shield.S01E09.HDRip.RGzsRutracker.avi,The Shield,episode
6166,N:\сериалы\Щит\The Shield Season 1 HDRip\The.Shield.S01E10.HDRip.RGzsRutracker.avi,The Shield,episode
6169,N:\сериалы\Щит\The Shield Season 1 HDRip\The.Shield.S01E13.HDRip.RGzsRutracker.avi,The Shield,episode
6170,N:\сериалы\Щит\The Shield Season 2 HDRip,The Shield,season
6171,N:\сериалы\Щит\The Shield Season 2 HDRip\The.Shield.S02E01.HDRip.RGzsRutracker.avi,The Shield,episode
6172,N:\сериалы\Щит\The Shield Season 2 HDRip\The.Shield.S02E02.HDRip.RGzsRutracker.avi,The Shield,episode
6173,N:\сериалы\Щит\The Shield Season 2 HDRip\The.Shield.S02E03.HDRip.RGzsRutracker.avi,The Shield,episode
6174,N:\сериалы\Щит\The Shield Season 2 HDRip\The.Shield.S02E04.HDRip.RGzsRutracker.avi,The Shield,episode
6175,N:\сериалы\Щит\The Shield Season 2 HDRip\The.Shield.S02E05.HDRip.RGzsRutracker.avi,The Shield,episode
6176,N:\сериалы\Щит\The Shield Season 2 HDRip\The.Shield.S02E06.HDRip.RGzsRutracker.avi,The Shield,episode
6202,N:\сериалы\Щит\The Shield Season 4 HDRip\The.Shield.S04E02.HDRip.RGzsRutracker.avi,The Shield,episode
6204,N:\сериалы\Щит\The Shield Season 4 HDRip\The.Shield.S04E04.HDRip.RGzsRutracker.avi,The Shield,episode
6200,N:\сериалы\Щит\The Shield Season 4 HDRip,The Shield,season
6206,N:\сериалы\Щит\The Shield Season 4 HDRip\The.Shield.S04E06.HDRip.RGzsRutracker.avi,The Shield,episode
6230,N:\сериалы\Щит\The Shield Season 6 HDRip\The.Shield.S06E04.HDRip.RGzsRutracker.avi,The Shield,episode
6205,N:\сериалы\Щит\The Shield Season 4 HDRip\The.Shield.S04E05.HDRip.RGzsRutracker.avi,The Shield,episode
6232,N:\сериалы\Щит\The Shield Season 6 HDRip\The.Shield.S06E06.HDRip.RGzsRutracker.avi,The Shield,episode
6233,N:\сериалы\Щит\The Shield Season 6 HDRip\The.Shield.S06E07.HDRip.RGzsRutracker.avi,The Shield,episode
6234,N:\сериалы\Щит\The Shield Season 6 HDRip\The.Shield.S06E08.HDRip.RGzsRutracker.avi,The Shield,episode
6235,N:\сериалы\Щит\The Shield Season 6 HDRip\The.Shield.S06E09.HDRip.RGzsRutracker.avi,The Shield,episode
6237,N:\сериалы\Щит\The Shield Season 7 HDRip,The Shield,season
6238,N:\сериалы\Щит\The Shield Season 7 HDRip\The.Shield.S07E01.HDRip.RGzsRutracker.avi,The Shield,episode
6239,N:\сериалы\Щит\The Shield Season 7 HDRip\The.Shield.S07E02.HDRip.RGzsRutracker.avi,The Shield,episode
6241,N:\сериалы\Щит\The Shield Season 7 HDRip\The.Shield.S07E04.HDRip.RGzsRutracker.avi,The Shield,episode
6242,N:\сериалы\Щит\The Shield Season 7 HDRip\The.Shield.S07E05.HDRip.RGzsRutracker.avi,The Shield,episode
6243,N:\сериалы\Щит\The Shield Season 7 HDRip\The.Shield.S07E06.HDRip.RGzsRutracker.avi,The Shield,episode
6244,N:\сериалы\Щит\The Shield Season 7 HDRip\The.Shield.S07E07.HDRip.RGzsRutracker.avi,The Shield,episode
6246,N:\сериалы\Щит\The Shield Season 7 HDRip\The.Shield.S07E09.HDRip.RGzsRutracker.avi,The Shield,episode
6247,N:\сериалы\Щит\The Shield Season 7 HDRip\The.Shield.S07E10.HDRip.RGzsRutracker.avi,The Shield,episode
6229,N:\сериалы\Щит\The Shield Season 6 HDRip\The.Shield.S06E03.HDRip.RGzsRutracker.avi,The Shield,episode
6228,N:\сериалы\Щит\The Shield Season 6 HDRip\The.Shield.S06E02.HDRip.RGzsRutracker.avi,The Shield,episode
6231,N:\сериалы\Щит\The Shield Season 6 HDRip\The.Shield.S06E05.HDRip.RGzsRutracker.avi,The Shield,episode
6225,N:\сериалы\Щит\The Shield Season 5 HDRip\The.Shield.S05E11.HDRip.RGzsRutracker.avi,The Shield,episode
6207,N:\сериалы\Щит\The Shield Season 4 HDRip\The.Shield.S04E07.HDRip.RGzsRutracker.avi,The Shield,episode
6208,N:\сериалы\Щит\The Shield Season 4 HDRip\The.Shield.S04E08.HDRip.RGzsRutracker.avi,The Shield,episode
6209,N:\сериалы\Щит\The Shield Season 4 HDRip\The.Shield.S04E09.HDRip.RGzsRutracker.avi,The Shield,episode
6210,N:\сериалы\Щит\The Shield Season 4 HDRip\The.Shield.S04E10.HDRip.RGzsRutracker.avi,The Shield,episode
6226,N:\сериалы\Щит\The Shield Season 6 HDRip,The Shield,season
6212,N:\сериалы\Щит\The Shield Season 4 HDRip\The.Shield.S04E12.HDRip.RGzsRutracker.avi,The Shield,episode
6213,N:\сериалы\Щит\The Shield Season 4 HDRip\The.Shield.S04E13.HDRip.RGzsRutracker.avi,The Shield,episode
6214,N:\сериалы\Щит\The Shield Season 5 HDRip,The Shield,season
6211,N:\сериалы\Щит\The Shield Season 4 HDRip\The.Shield.S04E11.HDRip.RGzsRutracker.avi,The Shield,episode
6216,N:\сериалы\Щит\The Shield Season 5 HDRip\The.Shield.S05E02.HDRip.RGzsRutracker.avi,The Shield,episode
6217,N:\сериалы\Щит\The Shield Season 5 HDRip\The.Shield.S05E03.HDRip.RGzsRutracker.avi,The Shield,episode
6218,N:\сериалы\Щит\The Shield Season 5 HDRip\The.Shield.S05E04.HDRip.RGzsRutracker.avi,The Shield,episode
6219,N:\сериалы\Щит\The Shield Season 5 HDRip\The.Shield.S05E05.HDRip.RGzsRutracker.avi,The Shield,episode
6220,N:\сериалы\Щит\The Shield Season 5 HDRip\The.Shield.S05E06.HDRip.RGzsRutracker.avi,The Shield,episode
6222,N:\сериалы\Щит\The Shield Season 5 HDRip\The.Shield.S05E08.HDRip.RGzsRutracker.avi,The Shield,episode
6224,N:\сериалы\Щит\The Shield Season 5 HDRip\The.Shield.S05E10.HDRip.RGzsRutracker.avi,The Shield,episode
6215,N:\сериалы\Щит\The Shield Season 5 HDRip\The.Shield.S05E01.HDRip.RGzsRutracker.avi,The Shield,episode
4708,"E:\фильмы\131. Шестое чувство (The Sixth Sense, 1999) 1999.mkv",The Sixth Sense,movie
4706,"E:\фильмы\130. Шестое чувство (The Sixth Sense, 1999) 1999.avi",The Sixth Sense,movie
4499,"S:\фильмы\The Sting (Mihalev, Eng) (HD DVDRip) by A.P..avi",The Sting,movie
4470,"S:\фильмы\86. Афера (The Sting, 1973) 1973.avi",The Sting,movie
4769,E:\сериалы\02. Список смертников (The Terminal List) 2022\The Terminal List Dark Wolf (Season 1) WEB-DL 1080p,The Terminal List,season
966,E:\сериалы\24. Список смертников (The Terminal List) (1 сезон) 2022,The Terminal List,series
4771,E:\сериалы\02. Список смертников (The Terminal List) 2022\The Terminal List Dark Wolf (Season 1) WEB-DL 1080p\The.Terminal.List.Dark.Wolf.S01E02.1080p.WEB-DL.RGzsRutracker.mkv,The Terminal List,episode
4772,E:\сериалы\02. Список смертников (The Terminal List) 2022\The Terminal List Dark Wolf (Season 1) WEB-DL 1080p\The.Terminal.List.Dark.Wolf.S01E03.1080p.WEB-DL.RGzsRutracker.mkv,The Terminal List,episode
944,E:\сериалы\02. Список смертников (The Terminal List) 2022,The Terminal List,series
4775,E:\сериалы\02. Список смертников (The Terminal List) 2022\The Terminal List Dark Wolf (Season 1) WEB-DL 1080p\The.Terminal.List.Dark.Wolf.S01E06.1080p.WEB-DL.RGzsRutracker.mkv,The Terminal List,episode
4773,E:\сериалы\02. Список смертников (The Terminal List) 2022\The Terminal List Dark Wolf (Season 1) WEB-DL 1080p\The.Terminal.List.Dark.Wolf.S01E04.1080p.WEB-DL.RGzsRutracker.mkv,The Terminal List,episode
8402,O:\Сериалы\11 Тюдоры,The Tudors,series
191,S:\сериалы\34. Тюдоры (The Tudors) 2007,The Tudors,series
6765,R:\сериалы\Agatha Christie's Poirot\Season 2\02 The Veiled Lady.m4v,The Veiled Lady,episode
6764,R:\сериалы\Agatha Christie's Poirot\Season 2\02 The Veiled Lady (HD).m4v,The Veiled Lady,episode
6024,N:\сериалы\05 Прослушка\The Wire - Season 2,The Wire,season
6023,N:\сериалы\05 Прослушка\The Wire - Season 1\The.wire.s01e13.DVDRip.avi,The Wire,episode
6061,N:\сериалы\05 Прослушка\The Wire - Season 4\The_wire_s04e11.avi,The Wire,episode
6021,N:\сериалы\05 Прослушка\The Wire - Season 1\The.wire.s01e11.DVDRip.avi,The Wire,episode
6019,N:\сериалы\05 Прослушка\The Wire - Season 1\The.wire.s01e09.DVDRip.avi,The Wire,episode
6017,N:\сериалы\05 Прослушка\The Wire - Season 1\The.wire.s01e07.DVDRip.avi,The Wire,episode
6014,N:\сериалы\05 Прослушка\The Wire - Season 1\The.wire.s01e04.DVDRip.avi,The Wire,episode
6013,N:\сериалы\05 Прослушка\The Wire - Season 1\The.wire.s01e03.DVDRip.avi,The Wire,episode
6010,N:\сериалы\05 Прослушка\The Wire - Season 1,The Wire,season
6063,N:\сериалы\05 Прослушка\The Wire - Season 4\The_wire_s04e13.avi,The Wire,episode
6066,N:\сериалы\05 Прослушка\The Wire - Season 6\the_wire_s05_e02.avi,The Wire,episode
5485,N:\сериалы\05 Прослушка,The Wire,series
6067,N:\сериалы\05 Прослушка\The Wire - Season 6\the_wire_s05_e03.avi,The Wire,episode
6069,N:\сериалы\05 Прослушка\The Wire - Season 6\the_wire_s05_e05.avi,The Wire,episode
6070,N:\сериалы\05 Прослушка\The Wire - Season 6\the_wire_s05_e06.avi,The Wire,episode
6071,N:\сериалы\05 Прослушка\The Wire - Season 6\the_wire_s05_e07.avi,The Wire,episode
6026,N:\сериалы\05 Прослушка\The Wire - Season 2\The.wire.s02e02.DVDRip.avi,The Wire,episode
6062,N:\сериалы\05 Прослушка\The Wire - Season 4\The_wire_s04e12.avi,The Wire,episode
6059,N:\сериалы\05 Прослушка\The Wire - Season 4\The_wire_s04e09.avi,The Wire,episode
6027,N:\сериалы\05 Прослушка\The Wire - Season 2\The.wire.s02e03.DVDRip.avi,The Wire,episode
6058,N:\сериалы\05 Прослушка\The Wire - Season 4\The_wire_s04e08.avi,The Wire,episode
6056,N:\сериалы\05 Прослушка\The Wire - Season 4\The_wire_s04e06.avi,The Wire,episode
6055,N:\сериалы\05 Прослушка\The Wire - Season 4\The_wire_s04e05.avi,The Wire,episode
6052,N:\сериалы\05 Прослушка\The Wire - Season 4\The_wire_s04e02.avi,The Wire,episode
6051,N:\сериалы\05 Прослушка\The Wire - Season 4\The_wire_s04e01.avi,The Wire,episode
6050,N:\сериалы\05 Прослушка\The Wire - Season 4,The Wire,season
6049,N:\сериалы\05 Прослушка\The Wire - Season 3\The_wire_s03e12.avi,The Wire,episode
6048,N:\сериалы\05 Прослушка\The Wire - Season 3\The_wire_s03e11.avi,The Wire,episode
6046,N:\сериалы\05 Прослушка\The Wire - Season 3\The_wire_s03e09.avi,The Wire,episode
6022,N:\сериалы\05 Прослушка\The Wire - Season 1\The.wire.s01e12.DVDRip.avi,The Wire,episode
6036,N:\сериалы\05 Прослушка\The Wire - Season 2\The.wire.s02e12.DVDRip.avi,The Wire,episode
6030,N:\сериалы\05 Прослушка\The Wire - Season 2\The.wire.s02e06.DVDRip.avi,The Wire,episode
6032,N:\сериалы\05 Прослушка\The Wire - Season 2\The.wire.s02e08.DVDRip.avi,The Wire,episode
6033,N:\сериалы\05 Прослушка\The Wire - Season 2\The.wire.s02e09.DVDRip.avi,The Wire,episode
6034,N:\сериалы\05 Прослушка\The Wire - Season 2\The.wire.s02e10.DVDRip.avi,The Wire,episode
6045,N:\сериалы\05 Прослушка\The Wire - Season 3\The_wire_s03e08.avi,The Wire,episode
6039,N:\сериалы\05 Прослушка\The Wire - Season 3\The_wire_s03e02.avi,The Wire,episode
6037,N:\сериалы\05 Прослушка\The Wire - Season 3,The Wire,season
6044,N:\сериалы\05 Прослушка\The Wire - Season 3\The_wire_s03e07.avi,The Wire: Straight and True,episode
6042,N:\сериалы\05 Прослушка\The Wire - Season 3\The_wire_s03e05.avi,The Wire: Straight and True,episode
4366,"S:\фильмы\114. Нефть (There Will Be Blood, 2007) 2007.avi",There Will Be Blood,movie
1127,Z:\фильмы\There Will Be Blood [2007 HDRip].avi,There Will Be Blood,movie
4722,"E:\фильмы\57. Лучший стрелок (Top Gun, 1986) 1986.mkv",Top Gun,movie
4768,E:\фильмы\Высшее оружие (Top Gun) (by Edich2).mkv,Top Gun,movie
1108,Z:\фильмы\25. Возвращение (The Return) 2003.avi,Vozvrashcheniye,movie
4456,S:\фильмы\204. Возвращение (2003) 2003.mkv,Vozvrashcheniye,movie
4740,"E:\фильмы\74. Плутовство (Wag the Dog, 1997) 1997.avi",Wag the Dog,movie
6987,P:\фильмы\Mahat.sobakoy_aka_Plutovstvo.1997.DVDRip.XviD-DeMon.avi,Wag the Dog,movie
6789,R:\сериалы\Agatha Christie's Poirot\Season 3\05 Wasps Nest (HD).m4v,Wasps' Nest,episode
6790,R:\сериалы\Agatha Christie's Poirot\Season 3\05 Wasps Nest.m4v,Wasps' Nest,episode
4577,S:\сериалы\44. Белый воротничок (White Collar) (1–6 сезоны) 2009\Season 4\S04E12.avi,White Collar,episode
4552,S:\сериалы\44. Белый воротничок (White Collar) (1–6 сезоны) 2009\Season 3\S03E01.avi,White Collar,episode
4553,S:\сериалы\44. Белый воротничок (White Collar) (1–6 сезоны) 2009\Season 3\S03E03.avi,White Collar,episode
4554,S:\сериалы\44. Белый воротничок (White Collar) (1–6 сезоны) 2009\Season 3\S03E04.avi,White Collar,episode
4555,S:\сериалы\44. Белый воротничок (White Collar) (1–6 сезоны) 2009\Season 3\S03E05.avi,White Collar,episode
4556,S:\сериалы\44. Белый воротничок (White Collar) (1–6 сезоны) 2009\Season 3\S03E06.avi,White Collar,episode
4557,S:\сериалы\44. Белый воротничок (White Collar) (1–6 сезоны) 2009\Season 3\S03E07.avi,White Collar,episode
4558,S:\сериалы\44. Белый воротничок (White Collar) (1–6 сезоны) 2009\Season 3\S03E08.avi,White Collar,episode
4559,S:\сериалы\44. Белый воротничок (White Collar) (1–6 сезоны) 2009\Season 3\S03E09.avi,White Collar,episode
4560,S:\сериалы\44. Белый воротничок (White Collar) (1–6 сезоны) 2009\Season 3\S03E10.avi,White Collar,episode
4561,S:\сериалы\44. Белый воротничок (White Collar) (1–6 сезоны) 2009\Season 3\S03E11.avi,White Collar,episode
4562,S:\сериалы\44. Белый воротничок (White Collar) (1–6 сезоны) 2009\Season 3\S03E12.avi,White Collar,episode
4563,S:\сериалы\44. Белый воротничок (White Collar) (1–6 сезоны) 2009\Season 3\S03E13.avi,White Collar,episode
4564,S:\сериалы\44. Белый воротничок (White Collar) (1–6 сезоны) 2009\Season 3\S03E15.avi,White Collar,episode
4565,S:\сериалы\44. Белый воротничок (White Collar) (1–6 сезоны) 2009\Season 3\S03E16.avi,White Collar,episode
4567,S:\сериалы\44. Белый воротничок (White Collar) (1–6 сезоны) 2009\Season 4\S04E01.avi,White Collar,episode
4568,S:\сериалы\44. Белый воротничок (White Collar) (1–6 сезоны) 2009\Season 4\S04E02.avi,White Collar,episode
4569,S:\сериалы\44. Белый воротничок (White Collar) (1–6 сезоны) 2009\Season 4\S04E03.avi,White Collar,episode
4570,S:\сериалы\44. Белый воротничок (White Collar) (1–6 сезоны) 2009\Season 4\S04E04.avi,White Collar,episode
4571,S:\сериалы\44. Белый воротничок (White Collar) (1–6 сезоны) 2009\Season 4\S04E05.avi,White Collar,episode
4572,S:\сериалы\44. Белый воротничок (White Collar) (1–6 сезоны) 2009\Season 4\S04E06.avi,White Collar,episode
4574,S:\сериалы\44. Белый воротничок (White Collar) (1–6 сезоны) 2009\Season 4\S04E09.avi,White Collar,episode
4575,S:\сериалы\44. Белый воротничок (White Collar) (1–6 сезоны) 2009\Season 4\S04E10.avi,White Collar,episode
4576,S:\сериалы\44. Белый воротничок (White Collar) (1–6 сезоны) 2009\Season 4\S04E11.avi,White Collar,episode
4578,S:\сериалы\44. Белый воротничок (White Collar) (1–6 сезоны) 2009\Season 4\S04E13.avi,White Collar,episode
4579,S:\сериалы\44. Белый воротничок (White Collar) (1–6 сезоны) 2009\Season 4\S04E14.avi,White Collar,episode
4550,S:\сериалы\44. Белый воротничок (White Collar) (1–6 сезоны) 2009\Season 2\S02E16.avi,White Collar,episode
4580,S:\сериалы\44. Белый воротничок (White Collar) (1–6 сезоны) 2009\Season 4\S04E15.avi,White Collar,episode
4549,S:\сериалы\44. Белый воротничок (White Collar) (1–6 сезоны) 2009\Season 2\S02E15.avi,White Collar,episode
4547,S:\сериалы\44. Белый воротничок (White Collar) (1–6 сезоны) 2009\Season 2\S02E13.avi,White Collar,episode
213,S:\сериалы\44. Белый воротничок (White Collar) (1–6 сезоны) 2009,White Collar,series
4933,S:\сериалы\44. Белый воротничок (White Collar) (1–6 сезоны) 2009\Season 4,White Collar,season
4932,S:\сериалы\44. Белый воротничок (White Collar) (1–6 сезоны) 2009\Season 3,White Collar,season
4931,S:\сериалы\44. Белый воротничок (White Collar) (1–6 сезоны) 2009\Season 2,White Collar,season
4930,S:\сериалы\44. Белый воротничок (White Collar) (1–6 сезоны) 2009\Season 1,White Collar,season
4524,S:\сериалы\44. Белый воротничок (White Collar) (1–6 сезоны) 2009\Season 1\S01E01P01.avi,White Collar,episode
4525,S:\сериалы\44. Белый воротничок (White Collar) (1–6 сезоны) 2009\Season 1\S01E01P02.avi,White Collar,episode
4526,S:\сериалы\44. Белый воротничок (White Collar) (1–6 сезоны) 2009\Season 1\S01E02.avi,White Collar,episode
4527,S:\сериалы\44. Белый воротничок (White Collar) (1–6 сезоны) 2009\Season 1\S01E03.avi,White Collar,episode
4528,S:\сериалы\44. Белый воротничок (White Collar) (1–6 сезоны) 2009\Season 1\S01E04.avi,White Collar,episode
4548,S:\сериалы\44. Белый воротничок (White Collar) (1–6 сезоны) 2009\Season 2\S02E14.avi,White Collar,episode
4530,S:\сериалы\44. Белый воротничок (White Collar) (1–6 сезоны) 2009\Season 1\S01E06.avi,White Collar,episode
4529,S:\сериалы\44. Белый воротничок (White Collar) (1–6 сезоны) 2009\Season 1\S01E05.avi,White Collar,episode
4533,S:\сериалы\44. Белый воротничок (White Collar) (1–6 сезоны) 2009\Season 1\S01E11.avi,White Collar,episode
4546,S:\сериалы\44. Белый воротничок (White Collar) (1–6 сезоны) 2009\Season 2\S02E11.avi,White Collar,episode
4545,S:\сериалы\44. Белый воротничок (White Collar) (1–6 сезоны) 2009\Season 2\S02E10.avi,White Collar,episode
4544,S:\сериалы\44. Белый воротничок (White Collar) (1–6 сезоны) 2009\Season 2\S02E09.avi,White Collar,episode
4543,S:\сериалы\44. Белый воротничок (White Collar) (1–6 сезоны) 2009\Season 2\S02E08.avi,White Collar,episode
4532,S:\сериалы\44. Белый воротничок (White Collar) (1–6 сезоны) 2009\Season 1\S01E10.avi,White Collar,episode
4542,S:\сериалы\44. Белый воротничок (White Collar) (1–6 сезоны) 2009\Season 2\S02E05.avi,White Collar,episode
4540,S:\сериалы\44. Белый воротничок (White Collar) (1–6 сезоны) 2009\Season 2\S02E03.avi,White Collar,episode
4539,S:\сериалы\44. Белый воротничок (White Collar) (1–6 сезоны) 2009\Season 2\S02E02.avi,White Collar,episode
4538,S:\сериалы\44. Белый воротничок (White Collar) (1–6 сезоны) 2009\Season 2\S02E01.avi,White Collar,episode
4535,S:\сериалы\44. Белый воротничок (White Collar) (1–6 сезоны) 2009\Season 1\S01E13.avi,White Collar,episode
4534,S:\сериалы\44. Белый воротничок (White Collar) (1–6 сезоны) 2009\Season 1\S01E12.avi,White Collar,episode
4541,S:\сериалы\44. Белый воротничок (White Collar) (1–6 сезоны) 2009\Season 2\S02E04.avi,White Collar,episode
4581,S:\сериалы\44. Белый воротничок (White Collar) (1–6 сезоны) 2009\Season 4\S04E16.avi,White Collar,episode
4840,E:\сериалы\22. Приговор (Yargı) (3 сезона) 2021\Yargı (Приговор) Сезон 3 (DVO DiziMania) WEB-DL 1080p\Yargi.S03E32.1080p.WEB-DL-AVC.rus.tur.DiziMania.mkv,Yargı,episode
4829,E:\сериалы\22. Приговор (Yargı) (3 сезона) 2021\Yargı (Приговор) Сезон 3 (DVO DiziMania) WEB-DL 1080p\Yargi.S03E15.1080p.WEB-DL-AVC.rus.tur.DiziMania.mkv,Yargı,episode
964,E:\сериалы\22. Приговор (Yargı) (3 сезона) 2021,Yargı,series
4828,E:\сериалы\22. Приговор (Yargı) (3 сезона) 2021\Yargı (Приговор) Сезон 3 (DVO DiziMania) WEB-DL 1080p\Yargi.S03E12.1080p.WEB-DL-AVC.rus.tur.DiziMania.mkv,Yargı,episode
4838,E:\сериалы\22. Приговор (Yargı) (3 сезона) 2021\Yargı (Приговор) Сезон 3 (DVO DiziMania) WEB-DL 1080p\Yargi.S03E28.1080p.WEB-DL-AVC.rus.tur.DiziMania.mkv,Yargı,episode
4801,E:\сериалы\22. Приговор (Yargı) (3 сезона) 2021\Yargı (Приговор) Сезон 2 (DVO DiziMania) WEB-DL 1080p\Yargi.S02E08.1080p.WEB-DL-AVC.rus.tur.DiziMania.mkv,Yargı,episode
4802,E:\сериалы\22. Приговор (Yargı) (3 сезона) 2021\Yargı (Приговор) Сезон 2 (DVO DiziMania) WEB-DL 1080p\Yargi.S02E09.1080p.WEB-DL-AVC.rus.tur.DiziMania.mkv,Yargı,episode
4803,E:\сериалы\22. Приговор (Yargı) (3 сезона) 2021\Yargı (Приговор) Сезон 2 (DVO DiziMania) WEB-DL 1080p\Yargi.S02E10.1080p.WEB-DL-AVC.rus.tur.DiziMania.mkv,Yargı,episode
4839,E:\сериалы\22. Приговор (Yargı) (3 сезона) 2021\Yargı (Приговор) Сезон 3 (DVO DiziMania) WEB-DL 1080p\Yargi.S03E31.1080p.WEB-DL-AVC.rus.tur.DiziMania.mkv,Yargı,episode
4805,E:\сериалы\22. Приговор (Yargı) (3 сезона) 2021\Yargı (Приговор) Сезон 2 (DVO DiziMania) WEB-DL 1080p\Yargi.S02E12.1080p.WEB-DL-AVC.rus.tur.DiziMania.mkv,Yargı,episode
4806,E:\сериалы\22. Приговор (Yargı) (3 сезона) 2021\Yargı (Приговор) Сезон 2 (DVO DiziMania) WEB-DL 1080p\Yargi.S02E14.1080p.WEB-DL-AVC.rus.tur.DiziMania.mkv,Yargı,episode
4807,E:\сериалы\22. Приговор (Yargı) (3 сезона) 2021\Yargı (Приговор) Сезон 2 (DVO DiziMania) WEB-DL 1080p\Yargi.S02E15.1080p.WEB-DL-AVC.rus.tur.DiziMania.mkv,Yargı,episode
4808,E:\сериалы\22. Приговор (Yargı) (3 сезона) 2021\Yargı (Приговор) Сезон 2 (DVO DiziMania) WEB-DL 1080p\Yargi.S02E18.1080p.WEB-DL-AVC.rus.tur.DiziMania.mkv,Yargı,episode
4809,E:\сериалы\22. Приговор (Yargı) (3 сезона) 2021\Yargı (Приговор) Сезон 2 (DVO DiziMania) WEB-DL 1080p\Yargi.S02E19.1080p.WEB-DL-AVC.rus.tur.DiziMania.mkv,Yargı,episode
4810,E:\сериалы\22. Приговор (Yargı) (3 сезона) 2021\Yargı (Приговор) Сезон 2 (DVO DiziMania) WEB-DL 1080p\Yargi.S02E20.1080p.WEB-DL-AVC.rus.tur.DiziMania.mkv,Yargı,episode
4811,E:\сериалы\22. Приговор (Yargı) (3 сезона) 2021\Yargı (Приговор) Сезон 2 (DVO DiziMania) WEB-DL 1080p\Yargi.S02E21.1080p.WEB-DL-AVC.rus.tur.DiziMania.mkv,Yargı,episode
4812,E:\сериалы\22. Приговор (Yargı) (3 сезона) 2021\Yargı (Приговор) Сезон 2 (DVO DiziMania) WEB-DL 1080p\Yargi.S02E22.1080p.WEB-DL-AVC.rus.tur.DiziMania.mkv,Yargı,episode
4813,E:\сериалы\22. Приговор (Yargı) (3 сезона) 2021\Yargı (Приговор) Сезон 2 (DVO DiziMania) WEB-DL 1080p\Yargi.S02E24.1080p.WEB-DL-AVC.rus.tur.DiziMania.mkv,Yargı,episode
4814,E:\сериалы\22. Приговор (Yargı) (3 сезона) 2021\Yargı (Приговор) Сезон 2 (DVO DiziMania) WEB-DL 1080p\Yargi.S02E25.1080p.WEB-DL-AVC.rus.tur.DiziMania.mkv,Yargı,episode
4815,E:\сериалы\22. Приговор (Yargı) (3 сезона) 2021\Yargı (Приговор) Сезон 2 (DVO DiziMania) WEB-DL 1080p\Yargi.S02E26.1080p.WEB-DL-AVC.rus.tur.DiziMania.mkv,Yargı,episode
4816,E:\сериалы\22. Приговор (Yargı) (3 сезона) 2021\Yargı (Приговор) Сезон 2 (DVO DiziMania) WEB-DL 1080p\Yargi.S02E27.1080p.WEB-DL-AVC.rus.tur.DiziMania.mkv,Yargı,episode
4817,E:\сериалы\22. Приговор (Yargı) (3 сезона) 2021\Yargı (Приговор) Сезон 2 (DVO DiziMania) WEB-DL 1080p\Yargi.S02E28.1080p.WEB-DL-AVC.rus.tur.DiziMania.mkv,Yargı,episode
4818,E:\сериалы\22. Приговор (Yargı) (3 сезона) 2021\Yargı (Приговор) Сезон 2 (DVO DiziMania) WEB-DL 1080p\Yargi.S02E29.1080p.WEB-DL-AVC.rus.tur.DiziMania.mkv,Yargı,episode
4819,E:\сериалы\22. Приговор (Yargı) (3 сезона) 2021\Yargı (Приговор) Сезон 3 (DVO DiziMania) WEB-DL 1080p,Yargı,season
4820,E:\сериалы\22. Приговор (Yargı) (3 сезона) 2021\Yargı (Приговор) Сезон 3 (DVO DiziMania) WEB-DL 1080p\Yargi.S03E01.1080p.WEB-DL-AVC.rus.tur.DiziMania.mkv,Yargı,episode
4821,E:\сериалы\22. Приговор (Yargı) (3 сезона) 2021\Yargı (Приговор) Сезон 3 (DVO DiziMania) WEB-DL 1080p\Yargi.S03E02.1080p.WEB-DL-AVC.rus.tur.DiziMania.mkv,Yargı,episode
4822,E:\сериалы\22. Приговор (Yargı) (3 сезона) 2021\Yargı (Приговор) Сезон 3 (DVO DiziMania) WEB-DL 1080p\Yargi.S03E03.1080p.WEB-DL-AVC.rus.tur.DiziMania.mkv,Yargı,episode
4823,E:\сериалы\22. Приговор (Yargı) (3 сезона) 2021\Yargı (Приговор) Сезон 3 (DVO DiziMania) WEB-DL 1080p\Yargi.S03E04.1080p.WEB-DL-AVC.rus.tur.DiziMania.mkv,Yargı,episode
4824,E:\сериалы\22. Приговор (Yargı) (3 сезона) 2021\Yargı (Приговор) Сезон 3 (DVO DiziMania) WEB-DL 1080p\Yargi.S03E05.1080p.WEB-DL-AVC.rus.tur.DiziMania.mkv,Yargı,episode
4825,E:\сериалы\22. Приговор (Yargı) (3 сезона) 2021\Yargı (Приговор) Сезон 3 (DVO DiziMania) WEB-DL 1080p\Yargi.S03E07.1080p.WEB-DL-AVC.rus.tur.DiziMania.mkv,Yargı,episode
4826,E:\сериалы\22. Приговор (Yargı) (3 сезона) 2021\Yargı (Приговор) Сезон 3 (DVO DiziMania) WEB-DL 1080p\Yargi.S03E08.1080p.WEB-DL-AVC.rus.tur.DiziMania.mkv,Yargı,episode
4827,E:\сериалы\22. Приговор (Yargı) (3 сезона) 2021\Yargı (Приговор) Сезон 3 (DVO DiziMania) WEB-DL 1080p\Yargi.S03E09.1080p.WEB-DL-AVC.rus.tur.DiziMania.mkv,Yargı,episode
4800,E:\сериалы\22. Приговор (Yargı) (3 сезона) 2021\Yargı (Приговор) Сезон 2 (DVO DiziMania) WEB-DL 1080p\Yargi.S02E07.1080p.WEB-DL-AVC.rus.tur.DiziMania.mkv,Yargı,episode
4799,E:\сериалы\22. Приговор (Yargı) (3 сезона) 2021\Yargı (Приговор) Сезон 2 (DVO DiziMania) WEB-DL 1080p\Yargi.S02E06.1080p.WEB-DL-AVC.rus.tur.DiziMania.mkv,Yargı,episode
4804,E:\сериалы\22. Приговор (Yargı) (3 сезона) 2021\Yargı (Приговор) Сезон 2 (DVO DiziMania) WEB-DL 1080p\Yargi.S02E11.1080p.WEB-DL-AVC.rus.tur.DiziMania.mkv,Yargı,episode
4797,E:\сериалы\22. Приговор (Yargı) (3 сезона) 2021\Yargı (Приговор) Сезон 2 (DVO DiziMania) WEB-DL 1080p\Yargi.S02E03.1080p.WEB-DL-AVC.rus.tur.DiziMania.mkv,Yargı,episode
4837,E:\сериалы\22. Приговор (Yargı) (3 сезона) 2021\Yargı (Приговор) Сезон 3 (DVO DiziMania) WEB-DL 1080p\Yargi.S03E27.1080p.WEB-DL-AVC.rus.tur.DiziMania.mkv,Yargı,episode
4836,E:\сериалы\22. Приговор (Yargı) (3 сезона) 2021\Yargı (Приговор) Сезон 3 (DVO DiziMania) WEB-DL 1080p\Yargi.S03E25.1080p.WEB-DL-AVC.rus.tur.DiziMania.mkv,Yargı,episode
4835,E:\сериалы\22. Приговор (Yargı) (3 сезона) 2021\Yargı (Приговор) Сезон 3 (DVO DiziMania) WEB-DL 1080p\Yargi.S03E24.1080p.WEB-DL-AVC.rus.tur.DiziMania.mkv,Yargı,episode
4834,E:\сериалы\22. Приговор (Yargı) (3 сезона) 2021\Yargı (Приговор) Сезон 3 (DVO DiziMania) WEB-DL 1080p\Yargi.S03E22.1080p.WEB-DL-AVC.rus.tur.DiziMania.mkv,Yargı,episode
4832,E:\сериалы\22. Приговор (Yargı) (3 сезона) 2021\Yargı (Приговор) Сезон 3 (DVO DiziMania) WEB-DL 1080p\Yargi.S03E19.1080p.WEB-DL-AVC.rus.tur.DiziMania.mkv,Yargı,episode
4831,E:\сериалы\22. Приговор (Yargı) (3 сезона) 2021\Yargı (Приговор) Сезон 3 (DVO DiziMania) WEB-DL 1080p\Yargi.S03E18.1080p.WEB-DL-AVC.rus.tur.DiziMania.mkv,Yargı,episode
4830,E:\сериалы\22. Приговор (Yargı) (3 сезона) 2021\Yargı (Приговор) Сезон 3 (DVO DiziMania) WEB-DL 1080p\Yargi.S03E17.1080p.WEB-DL-AVC.rus.tur.DiziMania.mkv,Yargı,episode
4777,E:\сериалы\22. Приговор (Yargı) (3 сезона) 2021\Yargı (Приговор) Сезон 1 (DVO DiziMania) WEB-DL 1080p,Yargı,season
4798,E:\сериалы\22. Приговор (Yargı) (3 сезона) 2021\Yargı (Приговор) Сезон 2 (DVO DiziMania) WEB-DL 1080p\Yargi.S02E05.1080p.WEB-DL-AVC.rus.tur.DiziMania.mkv,Yargı,episode
4779,E:\сериалы\22. Приговор (Yargı) (3 сезона) 2021\Yargı (Приговор) Сезон 1 (DVO DiziMania) WEB-DL 1080p\Yargi.S01E06.1080p.WEB-DL-AVC.rus.tur.DiziMania.mkv,Yargı,episode
4780,E:\сериалы\22. Приговор (Yargı) (3 сезона) 2021\Yargı (Приговор) Сезон 1 (DVO DiziMania) WEB-DL 1080p\Yargi.S01E09.1080p.WEB-DL-AVC.rus.tur.DiziMania.mkv,Yargı,episode
4781,E:\сериалы\22. Приговор (Yargı) (3 сезона) 2021\Yargı (Приговор) Сезон 1 (DVO DiziMania) WEB-DL 1080p\Yargi.S01E10.1080p.WEB-DL-AVC.rus.tur.DiziMania.mkv,Yargı,episode
4782,E:\сериалы\22. Приговор (Yargı) (3 сезона) 2021\Yargı (Приговор) Сезон 1 (DVO DiziMania) WEB-DL 1080p\Yargi.S01E15.1080p.WEB-DL-AVC.rus.tur.DiziMania.mkv,Yargı,episode
4778,E:\сериалы\22. Приговор (Yargı) (3 сезона) 2021\Yargı (Приговор) Сезон 1 (DVO DiziMania) WEB-DL 1080p\Yargi.S01E03.1080p.WEB-DL-AVC.rus.tur.DiziMania.mkv,Yargı,episode
4784,E:\сериалы\22. Приговор (Yargı) (3 сезона) 2021\Yargı (Приговор) Сезон 1 (DVO DiziMania) WEB-DL 1080p\Yargi.S01E20.1080p.WEB-DL-AVC.rus.tur.DiziMania.mkv,Yargı,episode
4796,E:\сериалы\22. Приговор (Yargı) (3 сезона) 2021\Yargı (Приговор) Сезон 2 (DVO DiziMania) WEB-DL 1080p\Yargi.S02E01.1080p.WEB-DL-AVC.rus.tur.DiziMania.mkv,Yargı,episode
4795,E:\сериалы\22. Приговор (Yargı) (3 сезона) 2021\Yargı (Приговор) Сезон 2 (DVO DiziMania) WEB-DL 1080p,Yargı,season
4794,E:\сериалы\22. Приговор (Yargı) (3 сезона) 2021\Yargı (Приговор) Сезон 1 (DVO DiziMania) WEB-DL 1080p\Yargi.S01E34.1080p.WEB-DL-AVC.rus.tur.DiziMania.mkv,Yargı,episode
4783,E:\сериалы\22. Приговор (Yargı) (3 сезона) 2021\Yargı (Приговор) Сезон 1 (DVO DiziMania) WEB-DL 1080p\Yargi.S01E19.1080p.WEB-DL-AVC.rus.tur.DiziMania.mkv,Yargı,episode
4792,E:\сериалы\22. Приговор (Yargı) (3 сезона) 2021\Yargı (Приговор) Сезон 1 (DVO DiziMania) WEB-DL 1080p\Yargi.S01E31.1080p.WEB-DL-AVC.rus.tur.DiziMania.mkv,Yargı,episode
4791,E:\сериалы\22. Приговор (Yargı) (3 сезона) 2021\Yargı (Приговор) Сезон 1 (DVO DiziMania) WEB-DL 1080p\Yargi.S01E30.1080p.WEB-DL-AVC.rus.tur.DiziMania.mkv,Yargı,episode
4793,E:\сериалы\22. Приговор (Yargı) (3 сезона) 2021\Yargı (Приговор) Сезон 1 (DVO DiziMania) WEB-DL 1080p\Yargi.S01E32.1080p.WEB-DL-AVC.rus.tur.DiziMania.mkv,Yargı,episode
4786,E:\сериалы\22. Приговор (Yargı) (3 сезона) 2021\Yargı (Приговор) Сезон 1 (DVO DiziMania) WEB-DL 1080p\Yargi.S01E24.1080p.WEB-DL-AVC.rus.tur.DiziMania.mkv,Yargı,episode
4785,E:\сериалы\22. Приговор (Yargı) (3 сезона) 2021\Yargı (Приговор) Сезон 1 (DVO DiziMania) WEB-DL 1080p\Yargi.S01E21.1080p.WEB-DL-AVC.rus.tur.DiziMania.mkv,Yargı,episode
4790,E:\сериалы\22. Приговор (Yargı) (3 сезона) 2021\Yargı (Приговор) Сезон 1 (DVO DiziMania) WEB-DL 1080p\Yargi.S01E29.1080p.WEB-DL-AVC.rus.tur.DiziMania.mkv,Yargı,episode
4787,E:\сериалы\22. Приговор (Yargı) (3 сезона) 2021\Yargı (Приговор) Сезон 1 (DVO DiziMania) WEB-DL 1080p\Yargi.S01E25.1080p.WEB-DL-AVC.rus.tur.DiziMania.mkv,Yargı,episode
4833,E:\сериалы\22. Приговор (Yargı) (3 сезона) 2021\Yargı (Приговор) Сезон 3 (DVO DiziMania) WEB-DL 1080p\Yargi.S03E20.1080p.WEB-DL-AVC.rus.tur.DiziMania.mkv,Yargı,episode
4789,E:\сериалы\22. Приговор (Yargı) (3 сезона) 2021\Yargı (Приговор) Сезон 1 (DVO DiziMania) WEB-DL 1080p\Yargi.S01E27.1080p.WEB-DL-AVC.rus.tur.DiziMania.mkv,Yargı,episode
4788,E:\сериалы\22. Приговор (Yargı) (3 сезона) 2021\Yargı (Приговор) Сезон 1 (DVO DiziMania) WEB-DL 1080p\Yargi.S01E26.1080p.WEB-DL-AVC.rus.tur.DiziMania.mkv,Yargı,episode
5498,N:\сериалы\Dutton.Ranch,Yellowstone,series
5509,N:\сериалы\Yellowstone,Yellowstone,series
4401,"S:\фильмы\149. Зодиак (Zodiac, 2007) 2007.avi",Zodiac,movie
5755,M:\фильмы\05 Zodiak.2007.Directors.Cut.avi,Zodiac,movie
239,S:\сериалы\57. Благочестивая Марта (1980) 1980,Благочестивая Марта,series
4507,S:\сериалы\Blagochestivaja_Marta_DVDRip_1.46GB,Благочестивая Марта,series
152,S:\сериалы\13. Дни Турбиных (2008) 2008,Дни Турбиных,series
151,S:\сериалы\12. Дни Турбиных (1976) 1976,Дни Турбиных,series
6991,Q:\фильмы\01 Петербург. Только по любви.m4v,Петербург. Только по любви,movie
4493,S:\фильмы\Peterburg.Tolko.po.lyubvi.(480p).(pk).m4v,Петербург. Только по любви,movie
